regime_id,signal_start,signal_end,band,target_tqqq_weight,data_origin,execution_start,trading_days,start_close,end_close,tqqq_return,start_volatility,end_volatility
1,1999-03-10,1999-04-21,warmup,1.0000000000,synthetic,1999-03-11,30,14.0026605593,14.9851366782,0.0701635318,,
2,1999-04-22,1999-07-08,above_90,0.0000000000,synthetic,1999-04-23,54,16.2008468548,19.4261010010,0.1990793552,1.1946914091,0.9204226985
3,1999-07-09,1999-07-09,above_60_at_or_below_90,0.5000000000,synthetic,1999-07-12,1,20.0101158702,20.0101158702,0.0000000000,0.8999915927,0.8999915927
4,1999-07-12,1999-07-13,above_90,0.0000000000,synthetic,1999-07-13,2,19.6966172819,19.4174741116,-0.0141721376,0.9031150100,0.9012508235
5,1999-07-14,1999-07-19,above_60_at_or_below_90,0.5000000000,synthetic,1999-07-15,4,20.4083207080,20.8953926595,0.0238663415,0.8743896295,0.8340724819
6,1999-07-20,1999-07-20,above_90,0.0000000000,synthetic,1999-07-21,1,18.4769538138,18.4769538138,0.0000000000,0.9029546298,0.9029546298
7,1999-07-21,1999-07-23,above_60_at_or_below_90,0.5000000000,synthetic,1999-07-22,3,18.7438382455,17.3921918170,-0.0721115073,0.8670254144,0.8867716982
8,1999-07-26,1999-07-26,above_90,0.0000000000,synthetic,1999-07-27,1,16.1112245931,16.1112245931,0.0000000000,0.9054032726,0.9054032726
9,1999-07-27,1999-07-27,above_60_at_or_below_90,0.5000000000,synthetic,1999-07-28,1,17.0843813947,17.0843813947,0.0000000000,0.8961731297,0.8961731297
10,1999-07-28,1999-07-28,above_90,0.0000000000,synthetic,1999-07-29,1,18.0889464792,18.0889464792,0.0000000000,0.9015385928,0.9015385928
11,1999-07-29,1999-08-23,above_60_at_or_below_90,0.5000000000,synthetic,1999-07-30,18,16.9290638318,19.3730644220,0.1443671437,0.8220843287,0.8995598690
12,1999-08-24,1999-08-30,above_90,0.0000000000,synthetic,1999-08-25,5,19.7678298302,18.5640542213,-0.0608956886,0.9000735962,0.9198832099
13,1999-08-31,1999-09-02,above_60_at_or_below_90,0.5000000000,synthetic,1999-09-01,3,19.1831784439,19.3911942316,0.0108436560,0.8596766838,0.8287375336
14,1999-09-03,1999-09-03,above_90,0.0000000000,synthetic,1999-09-07,1,22.0616545398,22.0616545398,0.0000000000,0.9135403496,0.9135403496
15,1999-09-07,1999-09-22,above_60_at_or_below_90,0.5000000000,synthetic,1999-09-08,12,21.7645544356,21.8203229797,0.0025623563,0.8820416841,0.8856264846
16,1999-09-23,1999-09-24,above_90,0.0000000000,synthetic,1999-09-24,2,19.1077666312,19.1823926258,0.0039055320,0.9369730404,0.9282463796
17,1999-09-27,1999-10-14,above_60_at_or_below_90,0.5000000000,synthetic,1999-09-28,14,19.5864963208,20.5654616267,0.0499816450,0.8548082588,0.8743649626
18,1999-10-15,1999-10-15,above_90,0.0000000000,synthetic,1999-10-18,1,18.7451443714,18.7451443714,0.0000000000,0.9132612632,0.9132612632
19,1999-10-18,1999-10-28,above_60_at_or_below_90,0.5000000000,synthetic,1999-10-19,9,18.0333902603,22.2261003571,0.2324970533,0.8211588670,0.8885681938
20,1999-10-29,1999-11-01,above_90,0.0000000000,synthetic,1999-11-01,2,24.5547548280,24.1696509242,-0.0156834758,0.9019617453,0.9037650517
21,1999-11-02,1999-12-27,above_60_at_or_below_90,0.5000000000,synthetic,1999-11-03,38,24.2129423891,59.9178993420,1.4746228021,0.8749994743,0.8972893719
22,1999-12-28,2000-09-14,above_90,0.0000000000,synthetic,1999-12-29,182,58.7904481682,35.0524881833,-0.4037723937,0.9042135908,0.9424215635
23,2000-09-15,2000-09-18,above_60_at_or_below_90,0.5000000000,synthetic,2000-09-18,2,33.1443420085,31.5790317433,-0.0472270732,0.8843524425,0.8950263059
24,2000-09-19,2002-02-14,above_90,0.0000000000,synthetic,2000-09-20,351,35.0707720076,0.6053489224,-0.9827392188,0.9290917670,0.9208152269
25,2002-02-15,2002-02-15,above_60_at_or_below_90,0.5000000000,synthetic,2002-02-19,1,0.5511828798,0.5511828798,0.0000000000,0.8867649621,0.8867649621
26,2002-02-19,2003-02-04,above_90,0.0000000000,synthetic,2002-02-20,243,0.5003463824,0.1026785254,-0.7947851148,0.9109559787,0.9046329337
27,2003-02-05,2003-02-07,above_60_at_or_below_90,0.5000000000,synthetic,2003-02-06,3,0.1012777324,0.0978167723,-0.0341729620,0.8992434665,0.8954536586
28,2003-02-10,2003-02-10,above_90,0.0000000000,synthetic,2003-02-11,1,0.1004050216,0.1004050216,0.0000000000,0.9002479116,0.9002479116
29,2003-02-11,2003-03-21,above_60_at_or_below_90,0.5000000000,synthetic,2003-02-12,28,0.1020351352,0.1414269293,0.3860610761,0.8894047754,0.8624048219
30,2003-03-24,2003-04-24,above_90,0.0000000000,synthetic,2003-03-25,23,0.1237811782,0.1433322224,0.1579484416,0.9336740929,0.9274228416
31,2003-04-25,2003-08-27,above_60_at_or_below_90,0.5000000000,synthetic,2003-04-28,87,0.1350391314,0.2302774419,0.7052645371,0.8179885106,0.6518155580
32,2003-08-28,2003-09-09,at_or_below_60,1.0000000000,synthetic,2003-08-29,8,0.2363855442,0.2578433040,0.0907744163,0.5913753791,0.5747616200
33,2003-09-10,2003-09-16,above_60_at_or_below_90,0.5000000000,synthetic,2003-09-11,5,0.2392367558,0.2637107381,0.1023002599,0.6135138626,0.6433169722
34,2003-09-17,2003-09-23,at_or_below_60,1.0000000000,synthetic,2003-09-18,5,0.2604907376,0.2657184327,0.0200686410,0.5227535467,0.5745662287
35,2003-09-24,2003-11-10,above_60_at_or_below_90,0.5000000000,synthetic,2003-09-25,34,0.2356981298,0.2754590065,0.1686940695,0.6719414210,0.6328036901
36,2003-11-11,2003-11-17,at_or_below_60,1.0000000000,synthetic,2003-11-12,5,0.2724061699,0.2628681611,-0.0350139235,0.5982115315,0.5877692033
37,2003-11-18,2003-12-24,above_60_at_or_below_90,0.5000000000,synthetic,2003-11-19,26,0.2446768354,0.2884248170,0.1787990331,0.6191558605,0.6261214244
38,2003-12-26,2003-12-26,at_or_below_60,1.0000000000,synthetic,2003-12-29,1,0.2872196890,0.2872196890,0.0000000000,0.5984941249,0.5984941249
39,2003-12-29,2003-12-29,above_60_at_or_below_90,0.5000000000,synthetic,2003-12-30,1,0.3014005644,0.3014005644,0.0000000000,0.6149204197,0.6149204197
40,2003-12-30,2004-04-01,at_or_below_60,1.0000000000,synthetic,2003-12-31,65,0.3043778540,0.2878536409,-0.0542884868,0.5850631981,0.5636566926
41,2004-04-02,2004-05-14,above_60_at_or_below_90,0.5000000000,synthetic,2004-04-05,30,0.3103023110,0.2516927162,-0.1888790148,0.6087805120,0.6188298656
42,2004-05-17,2004-08-05,at_or_below_60,1.0000000000,synthetic,2004-05-18,56,0.2445219204,0.2225294583,-0.0899406567,0.5718112930,0.5843790701
43,2004-08-06,2004-08-12,above_60_at_or_below_90,0.5000000000,synthetic,2004-08-09,5,0.2050448837,0.2001229211,-0.0240043180,0.6172521707,0.6094716895
44,2004-08-13,2004-08-13,at_or_below_60,1.0000000000,synthetic,2004-08-16,1,0.2010473433,0.2010473433,0.0000000000,0.5992890060,0.5992890060
45,2004-08-16,2004-08-31,above_60_at_or_below_90,0.5000000000,synthetic,2004-08-17,12,0.2079099660,0.2293418488,0.1030825179,0.6142054279,0.6151666921
46,2004-09-01,2006-06-21,at_or_below_60,1.0000000000,synthetic,2004-09-02,455,0.2343977932,0.3150022498,0.3438789056,0.5659890725,0.5960090556
47,2006-06-22,2006-06-22,above_60_at_or_below_90,0.5000000000,synthetic,2006-06-23,1,0.3030304425,0.3030304425,0.0000000000,0.6000525999,0.6000525999
48,2006-06-23,2006-06-28,at_or_below_60,1.0000000000,synthetic,2006-06-26,4,0.3020788902,0.2936907431,-0.0277680678,0.5738845162,0.5891478077
49,2006-06-29,2006-08-08,above_60_at_or_below_90,0.5000000000,synthetic,2006-06-30,28,0.3204889388,0.2603175931,-0.1877485879,0.6414687464,0.6107688166
50,2006-08-09,2007-08-27,at_or_below_60,1.0000000000,synthetic,2006-08-10,264,0.2613876088,0.5552967073,1.1244186358,0.5908854147,0.5917298724
51,2007-08-28,2007-09-25,above_60_at_or_below_90,0.5000000000,synthetic,2007-08-29,20,0.5156326384,0.6681922534,0.2958688098,0.6173518722,0.6184214305
52,2007-09-26,2007-11-07,at_or_below_60,1.0000000000,synthetic,2007-09-27,31,0.6780055098,0.7511927296,0.1079448747,0.5933255307,0.5957308873
53,2007-11-08,2008-03-31,above_60_at_or_below_90,0.5000000000,synthetic,2007-11-09,97,0.6827632083,0.3814596582,-0.4413002142,0.6552214984,0.8326095077
54,2008-04-01,2008-04-25,above_90,0.0000000000,synthetic,2008-04-02,19,0.4304070310,0.4712524065,0.0948994151,0.9110269321,0.9051581488
55,2008-04-28,2008-05-28,above_60_at_or_below_90,0.5000000000,synthetic,2008-04-29,22,0.4739510606,0.5320867050,0.1226617034,0.8842484657,0.6272166914
56,2008-05-29,2008-06-05,at_or_below_60,1.0000000000,synthetic,2008-05-30,6,0.5463479417,0.5741302042,0.0508508596,0.5908137672,0.5435823550
57,2008-06-06,2008-09-19,above_60_at_or_below_90,0.5000000000,synthetic,2008-06-09,74,0.5223393692,0.3287358239,-0.3706470481,0.6097603299,0.8926955209
58,2008-09-22,2009-05-04,above_90,0.0000000000,synthetic,2008-09-23,155,0.2822995896,0.1142073338,-0.5954392496,0.9444376455,0.9437324207
59,2009-05-05,2009-07-13,above_60_at_or_below_90,0.5000000000,synthetic,2009-05-06,48,0.1139141692,0.1167292431,0.0247122366,0.8177521353,0.6193337308
60,2009-07-14,2009-07-14,at_or_below_60,1.0000000000,synthetic,2009-07-15,1,0.1180084289,0.1180084289,0.0000000000,0.5661403768,0.5661403768
61,2009-07-15,2009-08-03,above_60_at_or_below_90,0.5000000000,synthetic,2009-07-16,14,0.1299019092,0.1650525787,0.2705939406,0.6391363028,0.6405960528
62,2009-08-04,2009-08-14,at_or_below_60,1.0000000000,synthetic,2009-08-05,9,0.1650525787,0.1596406765,-0.0327889588,0.5674195644,0.5574929918
63,2009-08-17,2009-08-17,above_60_at_or_below_90,0.5000000000,synthetic,2009-08-18,1,0.1457432598,0.1457432598,0.0000000000,0.6216686898,0.6216686898
64,2009-08-18,2010-02-10,at_or_below_60,1.0000000000,synthetic,2009-08-19,122,0.1519928059,0.1966674135,0.2939258035,0.5767638313,0.5923219990
65,2010-02-11,2010-03-02,above_60_at_or_below_90,0.5000000000,actual,2010-02-12,13,0.2055819184,0.2318951637,0.1279939671,0.6110394834,0.6078473919
66,2010-03-03,2010-05-07,at_or_below_60,1.0000000000,actual,2010-03-04,47,0.2331831604,0.2280340046,-0.0220820225,0.5902856187,0.5855351942
67,2010-05-10,2010-06-01,above_60_at_or_below_90,0.5000000000,actual,2010-05-11,16,0.2620457411,0.2191472799,-0.1637060042,0.7366161608,0.8873617730
68,2010-06-02,2010-06-18,above_90,0.0000000000,actual,2010-06-03,13,0.2345690876,0.2449405789,0.0442150814,0.9143593849,0.9098950437
69,2010-06-21,2010-08-10,above_60_at_or_below_90,0.5000000000,actual,2010-06-22,36,0.2385043800,0.2354597449,-0.0127655312,0.8866279562,0.6378445315
70,2010-08-11,2011-08-01,at_or_below_60,1.0000000000,actual,2010-08-12,246,0.2160779387,0.4193824530,0.9408851062,0.5961860211,0.5638377426
71,2011-08-02,2011-08-02,above_60_at_or_below_90,0.5000000000,actual,2011-08-03,1,0.3875483274,0.3875483274,0.0000000000,0.6127057301,0.6127057301
72,2011-08-03,2011-08-03,at_or_below_60,1.0000000000,actual,2011-08-04,1,0.3975985348,0.3975985348,0.0000000000,0.5875281047,0.5875281047
73,2011-08-04,2011-08-08,above_60_at_or_below_90,0.5000000000,actual,2011-08-05,3,0.3434863985,0.2768981457,-0.1938599406,0.7097818342,0.8568848614
74,2011-08-09,2011-09-29,above_90,0.0000000000,actual,2011-08-10,37,0.3148215115,0.3177919686,0.0094353689,0.9405417611,0.9189362814
75,2011-09-30,2012-01-10,above_60_at_or_below_90,0.5000000000,actual,2011-10-03,70,0.2930870950,0.3771521449,0.2868261733,0.8434491062,0.6527956121
76,2012-01-11,2012-06-05,at_or_below_60,1.0000000000,actual,2012-01-12,101,0.3797756732,0.4302243888,0.1328381968,0.5896010667,0.5624742800
77,2012-06-06,2012-06-06,above_60_at_or_below_90,0.5000000000,actual,2012-06-07,1,0.4596326053,0.4596326053,0.0000000000,0.6011018790,0.6011018790
78,2012-06-07,2012-06-21,at_or_below_60,1.0000000000,actual,2012-06-08,11,0.4544834197,0.4646819532,0.0224398362,0.5477570264,0.5993696681
79,2012-06-22,2012-07-13,above_60_at_or_below_90,0.5000000000,actual,2012-06-25,15,0.4791389406,0.4754745960,-0.0076477704,0.6065103558,0.6385381075
80,2012-07-16,2012-07-26,at_or_below_60,1.0000000000,actual,2012-07-17,9,0.4719099700,0.4732968509,0.0029388676,0.5915211857,0.5836803979
81,2012-07-27,2012-08-02,above_60_at_or_below_90,0.5000000000,actual,2012-07-30,5,0.5091403723,0.4961690009,-0.0254770042,0.6210051099,0.6047561798
82,2012-08-03,2014-10-30,at_or_below_60,1.0000000000,actual,2012-08-06,564,0.5243890285,1.7538659573,2.3445893449,0.5825791177,0.5957816419
83,2014-10-31,2014-11-04,above_60_at_or_below_90,0.5000000000,actual,2014-11-03,3,1.8261590004,1.8253674507,-0.0004334506,0.6074895841,0.6021256229
84,2014-11-05,2015-08-21,at_or_below_60,1.0000000000,actual,2014-11-06,200,1.8251698017,1.8211032152,-0.0022280593,0.5955395052,0.5825593209
85,2015-08-24,2015-09-04,above_60_at_or_below_90,0.5000000000,actual,2015-08-25,10,1.6053524017,1.7575073242,0.0947797645,0.6456434854,0.8730526021
86,2015-09-08,2015-10-02,above_90,0.0000000000,actual,2015-09-09,19,1.9066905975,1.8424999714,-0.0336659897,0.9115370192,0.9543852543
87,2015-10-05,2015-10-13,above_60_at_or_below_90,0.5000000000,actual,2015-10-06,7,1.9265021086,1.9544363022,0.0144999549,0.8903862269,0.6600215126
88,2015-10-14,2016-01-11,at_or_below_60,1.0000000000,actual,2015-10-15,61,1.9461154938,1.8264523745,-0.0614881900,0.5990921452,0.5986428389
89,2016-01-12,2016-03-18,above_60_at_or_below_90,0.5000000000,actual,2016-01-13,47,1.8880674839,1.9328421354,0.0237145398,0.6101818177,0.6271430531
90,2016-03-21,2018-02-07,at_or_below_60,1.0000000000,actual,2016-03-22,476,1.9558241367,5.8801507950,2.0064823747,0.5356107574,0.5695798298
91,2018-02-08,2018-05-11,above_60_at_or_below_90,0.5000000000,actual,2018-02-09,65,5.1514720917,6.5973391533,0.2806706580,0.6749738149,0.6316791116
92,2018-05-14,2018-10-15,at_or_below_60,1.0000000000,actual,2018-05-15,108,6.6266603470,6.6377553940,0.0016743045,0.5648062219,0.5810817537
93,2018-10-16,2018-11-06,above_60_at_or_below_90,0.5000000000,actual,2018-10-17,16,7.2095251083,6.2561788559,-0.1322342648,0.6415532144,0.8950867829
94,2018-11-07,2018-12-10,above_90,0.0000000000,actual,2018-11-08,22,6.8315138817,5.3218536377,-0.2209847290,0.9404531932,0.9063046405
95,2018-12-11,2018-12-24,above_60_at_or_below_90,0.5000000000,actual,2018-12-12,10,5.3789119720,3.6124889851,-0.3283978240,0.8801994390,0.8784080840
96,2018-12-26,2019-02-05,above_90,0.0000000000,actual,2018-12-27,28,4.2684721947,5.8777790070,0.3770217396,1.0471718207,0.9061680084
97,2019-02-06,2019-02-14,above_60_at_or_below_90,0.5000000000,actual,2019-02-07,7,5.8313565254,5.8849205971,0.0091855251,0.8485305244,0.6632561494
98,2019-02-15,2019-06-03,at_or_below_60,1.0000000000,actual,2019-02-19,74,5.9551486969,5.5976591110,-0.0600303375,0.5806734227,0.5475857522
99,2019-06-04,2019-06-04,above_60_at_or_below_90,0.5000000000,actual,2019-06-05,1,6.0513300896,6.0513300896,0.0000000000,0.6057418560,0.6057418560
100,2019-06-05,2019-06-05,at_or_below_60,1.0000000000,actual,2019-06-06,1,6.1846923828,6.1846923828,0.0000000000,0.5971066630,0.5971066630
101,2019-06-06,2019-06-24,above_60_at_or_below_90,0.5000000000,actual,2019-06-07,13,6.3275814056,7.5409436226,0.1917576621,0.6037000468,0.6208643838
102,2019-06-25,2019-08-13,at_or_below_60,1.0000000000,actual,2019-06-26,35,7.1551451683,7.4040098190,0.0347812162,0.5593127218,0.5484926019
103,2019-08-14,2019-08-14,above_60_at_or_below_90,0.5000000000,actual,2019-08-15,1,6.7407674789,6.7407674789,0.0000000000,0.6044995902,0.6044995902
104,2019-08-15,2019-08-15,at_or_below_60,1.0000000000,actual,2019-08-16,1,6.7121911049,6.7121911049,0.0000000000,0.5994403611,0.5994403611
105,2019-08-16,2019-09-19,above_60_at_or_below_90,0.5000000000,actual,2019-08-19,24,7.0217828751,7.7969551086,0.1103953579,0.6172565839,0.6113584318
106,2019-09-20,2020-02-24,at_or_below_60,1.0000000000,actual,2019-09-23,107,7.5516600609,11.3971023560,0.5092181407,0.5910460288,0.5881961671
107,2020-02-25,2020-03-03,above_60_at_or_below_90,0.5000000000,actual,2020-02-26,6,10.4751367569,9.4423933029,-0.0985899734,0.6341839242,0.8996747858
108,2020-03-04,2020-05-18,above_90,0.0000000000,actual,2020-03-05,53,10.5882987976,9.1851024628,-0.1325233035,0.9726167528,1.0119780593
109,2020-05-19,2020-06-09,above_60_at_or_below_90,0.5000000000,actual,2020-05-20,15,9.1148242950,11.1898374557,0.2276525683,0.8445163551,0.6287011734
110,2020-06-10,2020-06-10,at_or_below_60,1.0000000000,actual,2020-06-11,1,11.5936441422,11.5936441422,0.0000000000,0.5994635744,0.5994635744
111,2020-06-11,2020-08-21,above_60_at_or_below_90,0.5000000000,actual,2020-06-12,51,9.8866987228,16.8335952759,0.7026507784,0.7090324229,0.6262340311
112,2020-08-24,2020-08-25,at_or_below_60,1.0000000000,actual,2020-08-25,2,17.1456794739,17.5459117889,0.0233430419,0.5922049877,0.5926080001
113,2020-08-26,2020-08-28,above_60_at_or_below_90,0.5000000000,actual,2020-08-27,3,18.6691837311,18.7859210968,0.0062529443,0.6130532623,0.6080019245
114,2020-08-31,2020-09-02,at_or_below_60,1.0000000000,actual,2020-09-01,3,19.2206993103,20.7894649506,0.0816185517,0.5686988777,0.5683664540
115,2020-09-03,2020-09-22,above_60_at_or_below_90,0.5000000000,actual,2020-09-04,13,17.5971336365,14.8062286377,-0.1585999775,0.7004516018,0.8969914753
116,2020-09-23,2020-09-23,above_90,0.0000000000,actual,2020-09-24,1,13.4351902008,13.4351902008,0.0000000000,0.9228130798,0.9228130798
117,2020-09-24,2020-09-24,above_60_at_or_below_90,0.5000000000,actual,2020-09-25,1,13.6317348480,13.6317348480,0.0000000000,0.8966204844,0.8966204844
118,2020-09-25,2020-10-19,above_90,0.0000000000,actual,2020-09-28,17,14.5870513916,16.4250259399,0.1260004163,0.9203560511,0.9116890555
119,2020-10-20,2020-11-10,above_60_at_or_below_90,0.5000000000,actual,2020-10-21,16,16.5310363770,16.0200271606,-0.0309121101,0.8060615820,0.8877105525
120,2020-11-11,2020-11-11,above_90,0.0000000000,actual,2020-11-12,1,17.0968456268,17.0968456268,0.0000000000,0.9059315407,0.9059315407
121,2020-11-12,2020-12-16,above_60_at_or_below_90,0.5000000000,actual,2020-11-13,24,16.8467006683,20.5726699829,0.2211690816,0.8985443724,0.6283243686
122,2020-12-17,2021-02-03,at_or_below_60,1.0000000000,actual,2020-12-18,32,20.9943485260,23.9782218933,0.1421274570,0.5097021171,0.5995610447
123,2021-02-04,2021-02-16,above_60_at_or_below_90,0.5000000000,actual,2021-02-05,8,24.8263359070,26.0127410889,0.0477881708,0.6050177209,0.6030149587
124,2021-02-17,2021-02-24,at_or_below_60,1.0000000000,actual,2021-02-18,6,25.6506271362,23.3826370239,-0.0884185053,0.5872813430,0.5687656553
125,2021-02-25,2021-04-20,above_60_at_or_below_90,0.5000000000,actual,2021-02-26,38,20.9407444000,25.3433036804,0.2102389102,0.6486290785,0.6469253279
126,2021-04-21,2021-12-14,at_or_below_60,1.0000000000,actual,2021-04-22,166,25.9841537476,37.0453376770,0.4256895967,0.5657439247,0.5733793579
127,2021-12-15,2022-02-14,above_60_at_or_below_90,0.5000000000,actual,2021-12-16,42,39.4967689514,25.4576549530,-0.3554496829,0.6034219193,0.8808707788
128,2022-02-15,2022-04-20,above_90,0.0000000000,actual,2022-02-16,45,27.3015861511,22.8227901459,-0.1640489304,0.9075668277,0.9112793615
129,2022-04-21,2022-04-21,above_60_at_or_below_90,0.5000000000,actual,2022-04-22,1,21.4839153290,21.4839153290,0.0000000000,0.8773105925,0.8773105925
130,2022-04-22,2022-04-22,above_90,0.0000000000,actual,2022-04-25,1,19.7781658173,19.7781658173,0.0000000000,0.9028246460,0.9028246460
131,2022-04-25,2022-04-25,above_60_at_or_below_90,0.5000000000,actual,2022-04-26,1,20.5119228363,20.5119228363,0.0000000000,0.8904533785,0.8904533785
132,2022-04-26,2022-04-26,above_90,0.0000000000,actual,2022-04-27,1,18.2058238983,18.2058238983,0.0000000000,0.9348919861,0.9348919861
133,2022-04-27,2022-04-28,above_60_at_or_below_90,0.5000000000,actual,2022-04-28,2,18.1248245239,20.0402240753,0.1056782397,0.8930023933,0.8857691770
134,2022-04-29,2022-07-29,above_90,0.0000000000,actual,2022-05-02,63,17.4053573608,15.8949565887,-0.0867779236,0.9529305756,0.9064409270
135,2022-08-01,2022-10-03,above_60_at_or_below_90,0.5000000000,actual,2022-08-02,45,15.8711318970,9.8438177109,-0.3797658683,0.8149096447,0.8659484951
136,2022-10-04,2022-10-07,above_90,0.0000000000,actual,2022-10-05,4,10.7586336136,9.2911157608,-0.1364037391,0.9006047234,0.9262573846
137,2022-10-10,2022-10-12,above_60_at_or_below_90,0.5000000000,actual,2022-10-11,3,9.0004692078,8.6240606308,-0.0418209949,0.8730474212,0.8736798859
138,2022-10-13,2022-10-24,above_90,0.0000000000,actual,2022-10-14,8,9.2005853653,10.1344633102,0.1015020140,0.9037861247,0.9669687664
139,2022-10-25,2022-10-27,above_60_at_or_below_90,0.5000000000,actual,2022-10-26,3,10.7443389893,9.4817047119,-0.1175162361,0.8705174113,0.8878079524
140,2022-10-28,2022-12-22,above_90,0.0000000000,actual,2022-10-31,39,10.3393430710,8.4006137848,-0.1875099098,0.9296750246,0.9791082558
141,2022-12-23,2023-04-03,above_60_at_or_below_90,0.5000000000,actual,2022-12-27,68,8.4245624542,13.5174102783,0.6045237188,0.7322120500,0.6048137892
142,2023-04-04,2024-07-30,at_or_below_60,1.0000000000,actual,2023-04-05,332,13.3825292587,30.8119564056,1.3024015722,0.5624161290,0.5764449935
143,2024-07-31,2024-09-26,above_60_at_or_below_90,0.5000000000,actual,2024-08-01,41,33.5059776306,36.0310516357,0.0753618961,0.6251040902,0.6047435954
144,2024-09-27,2025-01-14,at_or_below_60,1.0000000000,actual,2024-09-30,74,35.4107627869,37.4201850891,0.0567460892,0.5704590420,0.5743968458
145,2025-01-15,2025-01-15,above_60_at_or_below_90,0.5000000000,actual,2025-01-16,1,39.9491043091,39.9491043091,0.0000000000,0.6029615347,0.6029615347
146,2025-01-16,2025-01-16,at_or_below_60,1.0000000000,actual,2025-01-17,1,39.1341285706,39.1341285706,0.0000000000,0.5986374155,0.5986374155
147,2025-01-17,2025-02-03,above_60_at_or_below_90,0.5000000000,actual,2025-01-21,11,41.0653915405,39.8700866699,-0.0291073536,0.6154245830,0.6414673184
148,2025-02-04,2025-03-05,at_or_below_60,1.0000000000,actual,2025-02-05,21,41.3172950745,35.5679435730,-0.1391512075,0.5692031248,0.5876976123
149,2025-03-06,2025-04-03,above_60_at_or_below_90,0.5000000000,actual,2025-03-07,21,32.6191825867,24.9180107117,-0.2360933434,0.6147390117,0.8713255612
150,2025-04-04,2025-05-21,above_90,0.0000000000,actual,2025-04-07,33,20.3554859161,33.6566543579,0.6534439166,0.9879146355,1.2705239016
151,2025-05-22,2025-06-02,above_60_at_or_below_90,0.5000000000,actual,2025-05-23,7,33.8300361633,35.4747276306,0.0486163083,0.7937767800,0.6419882031
152,2025-06-03,2025-11-12,at_or_below_60,1.0000000000,actual,2025-06-04,114,36.3020210266,55.4681701660,0.5279636945,0.5835653951,0.5894609824
153,2025-11-13,2025-11-20,above_60_at_or_below_90,0.5000000000,actual,2025-11-14,6,52.0421257019,46.1944732666,-0.1123638275,0.6174639108,0.6497119889
154,2025-11-21,2026-03-30,at_or_below_60,1.0000000000,actual,2025-11-24,87,47.2187995911,37.8029594421,-0.1994087150,0.5792943228,0.5298491305
155,2026-03-31,2026-05-01,above_60_at_or_below_90,0.5000000000,actual,2026-04-01,23,41.5842552185,65.1500015259,0.5666987706,0.6148841195,0.6278164996
156,2026-05-04,2026-05-05,at_or_below_60,1.0000000000,actual,2026-05-05,2,64.7608947754,67.2351913452,0.0382066458,0.5949693867,0.5961235240
157,2026-05-06,2026-05-07,above_60_at_or_below_90,0.5000000000,actual,2026-05-07,2,71.4055938721,71.1761169434,-0.0032137108,0.6013983029,0.6043064863
158,2026-05-08,2026-06-04,at_or_below_60,1.0000000000,actual,2026-05-11,19,76.1047744751,85.0242385864,0.1171997969,0.5625933041,0.4537850241
159,2026-06-05,2026-07-16,above_60_at_or_below_90,0.5000000000,actual,2026-06-08,28,72.8821945190,70.7399978638,-0.0293925927,0.6345038419,0.8963734340
160,2026-07-17,2026-07-20,above_90,0.0000000000,actual,2026-07-20,2,67.5299987793,67.6500015259,0.0017770287,0.9038654448,0.9037721901
161,2026-07-21,2026-09-02,above_60_at_or_below_90,0.5000000000,actual,2026-07-22,32,71.3700027466,69.5999984741,-0.0248003952,0.8216842036,0.6147413365
162,2026-09-03,2026-09-04,at_or_below_60,1.0000000000,actual,2026-09-04,2,72.0299987793,72.3700027466,0.0047203106,0.5979879336,0.5869591618
