scope,year,start,end,start_equity,end_equity,vo_return,tqqq_hold_return,qqq_hold_return
full_with_synthetic,1999,1999-03-10,1999-12-31,100000.0,206977.9388862544,1.069779388862544,3.4951121274339663,0.7851665733564457
full_with_synthetic,2000,2000-01-03,2000-12-29,206977.9388862544,211659.8841136217,0.02262050367570967,-0.9044042845158119,-0.36106310144426423
full_with_synthetic,2001,2001-01-02,2001-12-31,211659.8841136217,211659.8841136217,0.0,-0.8775870719289081,-0.3333236568884482
full_with_synthetic,2002,2002-01-02,2002-12-31,211659.8841136217,207005.46591867984,-0.02199008193939722,-0.85254834792391,-0.3734742556489723
full_with_synthetic,2003,2003-01-02,2003-12-31,207005.46591867984,338000.8396566913,0.6328111828190652,1.7805398721724326,0.49624399312820056
full_with_synthetic,2004,2004-01-02,2004-12-31,338000.8396566913,449030.6759732838,0.32848982395832493,0.23452805263091414,0.10532292678850319
full_with_synthetic,2005,2005-01-03,2005-12-30,449030.6759732838,446386.17988042976,-0.005889343945426617,-0.0058767147830955935,0.015645637294618764
full_with_synthetic,2006,2006-01-03,2006-12-29,446386.17988042976,573213.2413167257,0.2841195967811285,0.14323162527349798,0.07140265640072863
full_with_synthetic,2007,2007-01-03,2007-12-31,573213.2413167257,767756.0770553044,0.33938998912812135,0.5259466312195786,0.19018661348399535
full_with_synthetic,2008,2008-01-02,2008-12-31,767756.0770553044,511587.98623370845,-0.3336581740962803,-0.8771453970733896,-0.4170981399218615
full_with_synthetic,2009,2009-01-02,2009-12-31,511587.98623370845,907760.7948268363,0.774398186145334,2.0234931416222537,0.5464509473688326
full_with_synthetic,2010,2010-01-04,2010-12-31,907760.7948268363,1425222.0764971527,0.5700414521305988,0.5240616888612344,0.1990728031064879
full_with_synthetic,2011,2011-01-03,2011-12-30,1425222.0764971527,1387359.8202599697,-0.026565864268843775,-0.08029327534046393,0.03474463348346468
full_with_synthetic,2012,2012-01-03,2012-12-31,1387359.8202599697,1968288.08245531,0.4187293402273127,0.5216278233290055,0.18105807853703482
full_with_synthetic,2013,2013-01-02,2013-12-31,1968288.08245531,4718644.102454915,1.3973340815886646,1.3951531013648353,0.3662263837052995
full_with_synthetic,2014,2014-01-02,2014-12-31,4718644.102454915,7431681.707373283,0.5749612698077584,0.5705355335810647,0.19176948819170736
full_with_synthetic,2015,2015-01-02,2015-12-31,7431681.707373283,8395553.00537368,0.1296976022323586,0.17223703706004878,0.09434106131742404
full_with_synthetic,2016,2016-01-04,2016-12-30,8395553.00537368,9309477.416655745,0.10885815510867447,0.1137647374888,0.07096641612073373
full_with_synthetic,2017,2017-01-03,2017-12-29,9309477.416655745,20300411.69474799,1.1806177496524324,1.1802425813554271,0.32658157213772854
full_with_synthetic,2018,2018-01-02,2018-12-31,20300411.69474799,20546175.084380075,0.012106325395147888,-0.1978510225795136,-0.001262026615382994
full_with_synthetic,2019,2019-01-02,2019-12-31,20546175.084380075,33572257.64706342,0.6339906337402055,1.338094915267391,0.38956711711005965
full_with_synthetic,2020,2020-01-02,2020-12-31,33572257.64706342,48385304.40549776,0.44122879414783833,1.100434235965516,0.484017384463411
full_with_synthetic,2021,2021-01-04,2021-12-31,48385304.40549776,81503352.32161555,0.6844650110820583,0.8297822318286574,0.274181326393379
full_with_synthetic,2022,2022-01-03,2022-12-30,81503352.32161555,50514216.677307464,-0.3802191537106804,-0.790884155333076,-0.3257545441883538
full_with_synthetic,2023,2023-01-03,2023-12-29,50514216.677307464,122249660.21191631,1.420104047002566,1.980295208589133,0.5485168447199318
full_with_synthetic,2024,2024-01-02,2024-12-31,122249660.21191631,189099950.66083834,0.5468341616086208,0.5826585271611915,0.25577099645964196
full_with_synthetic,2025,2025-01-02,2025-12-31,189099950.66083834,189834482.2310049,0.0038843562232546702,0.3435372990018819,0.20771800601669366
full_with_synthetic,2026,2026-01-02,2026-10-05,189834482.2310049,246254939.88640192,0.29720868933990796,0.5859260614741577,0.23515996408289075
actual,2010,2010-02-11,2010-12-31,100000.0,194590.60297522123,0.9459060297522124,0.8910878693642195,0.2736434291945269
actual,2011,2011-01-03,2011-12-30,194590.60297522123,189421.12247756438,-0.02656593082408576,-0.08046903499762004,0.03475317731968586
actual,2012,2012-01-03,2012-12-31,189421.12247756438,268737.25947341893,0.41872910453927337,0.5228695740259512,0.18110110605736307
actual,2013,2013-01-02,2013-12-31,268737.25947341893,644252.572102784,1.3973325223497994,1.3973339866542198,0.3663000707202486
actual,2014,2014-01-02,2014-12-31,644252.572102784,1014672.6377498447,0.57496094185242,0.5709075525714533,0.1917977288459367
actual,2015,2015-01-02,2015-12-31,1014672.6377498447,1146272.95694126,0.12969731743555668,0.17230852920545914,0.09435271849597338
actual,2016,2016-01-04,2016-12-30,1146272.95694126,1271053.8793635995,0.10885794842033758,0.11380501823696743,0.07097442899343331
actual,2017,2017-01-03,2017-12-29,1271053.8793635995,2771680.6295091286,1.1806161599513576,1.1806177719721713,0.3266160030035197
actual,2018,2018-01-02,2018-12-31,2771680.6295091286,2805235.649091913,0.0121063802321002,-0.1978798655138433,-0.0012621269104449162
actual,2019,2019-01-02,2019-12-31,2805235.649091913,4583724.989054283,0.6339892837659067,1.3383381069090068,0.38959811569068825
actual,2020,2020-01-02,2020-12-31,4583724.989054283,6606189.558051756,0.441227293048126,1.1005197659730208,0.48404510050862637
actual,2021,2021-01-04,2021-12-31,6606189.558051756,11127880.227010515,0.6844627495509317,0.8298129356036765,0.2741919057942668
actual,2022,2022-01-03,2022-12-30,11127880.227010515,6896850.217577141,-0.3802188667670475,-0.7909001484762654,-0.32576440877386836
actual,2023,2023-01-03,2023-12-29,6896850.217577141,16691085.345823908,1.4201026293546906,1.9804867211055877,0.548541480519056
actual,2024,2024-01-02,2024-12-31,16691085.345823908,25818334.4093007,0.5468337663110936,0.5826774329212447,0.2557784147723665
actual,2025,2025-01-02,2025-12-31,25818334.4093007,25918627.61005509,0.0038845728451895045,0.3435443420640498,0.20772280351657924
actual,2026,2026-01-02,2026-10-05,25918627.61005509,33621846.28127873,0.29720781466975477,0.585935002316486,0.2351644612284729
