scope,start,end,end_mark,trading_days,entry_return30,entry_volatility,vo_return,tqqq_return
full_with_synthetic,2003-12-29,2003-12-30,open_before_rebalance,1,-0.009207381403700587,0.5985010955779196,0.041460572169917276,0.04146060039696908
full_with_synthetic,2004-02-20,2004-04-05,open_before_rebalance,31,-0.037626553957647135,0.49009526168029016,-0.013213491039707703,-0.013213498605031515
full_with_synthetic,2004-05-18,2004-05-28,open_before_rebalance,8,-0.21198667630168677,0.5718121266186195,0.15437959628865916,0.1543797021620117
full_with_synthetic,2004-06-02,2004-06-03,open_before_rebalance,1,-0.014532398849474326,0.5612201485416001,-0.021222646339601803,-0.02122265876293461
full_with_synthetic,2004-06-04,2004-06-09,open_before_rebalance,3,-0.011455036485601422,0.5277413560955511,0.05225593728804112,0.05225596846004921
full_with_synthetic,2004-06-10,2004-06-14,open_before_rebalance,1,-0.03387592219527358,0.5284959689832376,-0.006766725799264406,-0.006766729729393406
full_with_synthetic,2004-07-12,2004-08-09,open_before_rebalance,20,-0.027017934510579877,0.5047749028758112,-0.22502139772496654,-0.22502154213622982
full_with_synthetic,2004-08-16,2004-08-17,open_before_rebalance,1,-0.3339290935256679,0.599289156619915,0.047133838457587895,0.047133867974145316
full_with_synthetic,2004-09-02,2004-09-08,open_before_rebalance,3,-0.023608162498771956,0.5659906016051695,0.009497683059670914,0.009497686058553612
full_with_synthetic,2004-09-09,2004-09-10,open_before_rebalance,1,-0.031749759069878536,0.5584270507467877,0.01384101544721994,0.013841019724089021
full_with_synthetic,2004-10-26,2004-10-27,open_before_rebalance,1,-0.0052063946779201675,0.4964525590864796,0.01598851994474737,0.015988524451139075
full_with_synthetic,2005-01-06,2005-03-07,open_before_rebalance,40,-0.016470951630165542,0.38722985823932804,-0.08793774485393713,-0.08793776399386621
full_with_synthetic,2005-03-14,2005-03-15,open_before_rebalance,1,-0.0017121679334092255,0.43864438476889855,0.014504405626756256,0.014504409193697665
full_with_synthetic,2005-03-16,2005-05-18,open_before_rebalance,44,-0.035438847796078754,0.42880382308982423,-0.020807853105527685,-0.020807858362611453
full_with_synthetic,2005-07-01,2005-07-13,open_before_rebalance,7,-0.03464276015008916,0.3196088955053614,0.12160228927532213,0.1216023205517538
full_with_synthetic,2005-08-26,2005-09-07,open_before_rebalance,7,-0.017761303640597137,0.3203550104554251,0.05990948238428828,0.05990949595698458
full_with_synthetic,2005-09-08,2005-09-13,open_before_rebalance,3,-0.005185434828929192,0.3400027138957192,0.029980777077445397,0.029980783490892504
full_with_synthetic,2005-09-14,2005-09-30,open_before_rebalance,12,-0.005613378526743484,0.3274658658469504,-0.03754876522928452,-0.037548773045693484
full_with_synthetic,2005-10-06,2005-11-03,open_before_rebalance,20,-0.001728054517451394,0.3251780552651846,0.07288512582613937,0.07288514214792241
full_with_synthetic,2006-01-03,2006-01-04,open_before_rebalance,1,-0.02325871044985517,0.3294319748036512,0.05575241798664621,0.05575242883753728
full_with_synthetic,2006-01-23,2006-01-30,open_before_rebalance,5,-0.049874289406555916,0.4696151982836298,0.05984636198785198,0.059846373118378926
full_with_synthetic,2006-02-06,2006-02-15,open_before_rebalance,7,-0.011756653828322583,0.4972109503345198,0.003645516976421792,0.003645517688567912
full_with_synthetic,2006-02-16,2006-03-21,open_before_rebalance,22,-0.019888401878040307,0.4833203847425364,-0.017506304022836705,-0.01750630730363323
full_with_synthetic,2006-03-24,2006-03-27,open_before_rebalance,1,-0.005115728656607366,0.4121849918778216,0.003597160014381373,0.003597160694602586
full_with_synthetic,2006-05-02,2006-05-04,open_before_rebalance,2,-0.00602022957146453,0.37445654876172546,-0.006446331651494441,-0.006446332842403368
full_with_synthetic,2006-05-12,2006-06-23,open_before_rebalance,29,-0.08761313974518559,0.39171527721645744,-0.17629827623362804,-0.1762983115045914
full_with_synthetic,2006-06-26,2006-06-30,open_before_rebalance,4,-0.18785661073797089,0.5738789906348998,0.07233096337105405,0.07233096679695095
full_with_synthetic,2006-08-10,2006-08-17,open_before_rebalance,5,-0.09006922040231502,0.5908891173381037,0.17218373521201857,0.17218380018485324
full_with_synthetic,2006-12-28,2007-01-12,open_before_rebalance,9,-0.011273881316069323,0.36892582841890154,0.12958375537611921,0.1295837851972459
full_with_synthetic,2007-01-22,2007-01-25,open_before_rebalance,3,-0.00792987177309945,0.37861044595444004,0.009030338320479059,0.009030340265879566
full_with_synthetic,2007-01-26,2007-02-05,open_before_rebalance,6,-0.014434134569992318,0.41372922234088866,0.022380442641695808,0.022380447604745557
full_with_synthetic,2007-02-27,2007-03-22,open_before_rebalance,17,-0.008250092425361899,0.38236258964383685,-0.0038049316972779135,-0.003804932512148418
full_with_synthetic,2007-03-23,2007-03-27,open_before_rebalance,2,-0.024421004695614812,0.5715671900861833,-0.002118455861435775,-0.0021184563224585506
full_with_synthetic,2007-03-29,2007-04-12,open_before_rebalance,9,-0.03394853619759397,0.5714150127957018,0.021110951359639474,0.021110956097051714
full_with_synthetic,2007-06-08,2007-06-11,open_before_rebalance,1,-0.0035201842606076283,0.37551237611210914,0.036254579897301076,0.03625458683815497
full_with_synthetic,2007-08-01,2007-08-02,open_before_rebalance,1,-0.022501519986666718,0.4432736662424192,0.03441716598413458,0.03441717217773399
full_with_synthetic,2007-08-06,2007-08-07,open_before_rebalance,1,-0.02846596137402646,0.4719285849889392,0.025726122443781918,0.02572612705713162
full_with_synthetic,2007-08-13,2007-08-29,open_before_rebalance,12,-0.025307711341664985,0.5151842269165438,-0.045725353158541426,-0.04572536127517768
full_with_synthetic,2009-07-15,2009-07-16,open_before_rebalance,1,-0.06268060907975792,0.5661443282871848,0.03349854688372056,0.03349855077551389
full_with_synthetic,2009-10-29,2009-11-06,open_before_rebalance,6,-0.07681330626863958,0.47857855124657706,0.030620125698850087,0.030620131830443986
full_with_synthetic,2010-01-27,2010-01-28,open_before_rebalance,1,-0.0013611180067270023,0.4998172598314379,0.00852043816836301,0.008520439608989738
full_with_synthetic,2010-01-29,2010-02-12,open_before_rebalance,10,-0.07212299557080193,0.5452681566742731,-0.04833002853236734,-0.04833003692760607
full_with_synthetic,2010-03-04,2010-03-08,open_before_rebalance,2,-0.07683438288417455,0.5902892023797122,0.05299947685353046,0.05299949115827185
full_with_synthetic,2010-05-06,2010-05-11,open_before_rebalance,3,-0.014760179138815777,0.47140734901899106,-0.04634912450435502,-0.04634913546711372
full_with_synthetic,2010-08-24,2010-09-10,open_before_rebalance,12,-0.03392041248390343,0.5409343414037282,0.17225422162680148,0.17225425477979717
full_with_synthetic,2011-03-02,2011-03-04,open_before_rebalance,2,-0.018862919847968174,0.4952659644500812,0.07716399079654601,0.07716399788686212
full_with_synthetic,2011-03-11,2011-03-15,open_before_rebalance,2,-0.04580601628351477,0.5289855205935745,-0.06726249021110464,-0.06726249674342444
full_with_synthetic,2011-03-16,2011-04-07,open_before_rebalance,16,-0.036565382436758664,0.49309754232305525,0.1223683520591714,0.12236836447071364
full_with_synthetic,2011-04-11,2011-04-21,open_before_rebalance,8,-0.042411749230002904,0.48313380891426366,0.06680802678597875,0.06680803285074521
full_with_synthetic,2011-05-17,2011-05-18,open_before_rebalance,1,-0.009737392466533823,0.3522651575742519,0.01984654872289293,0.019846550539279972
full_with_synthetic,2011-05-24,2011-05-26,open_before_rebalance,2,-0.007364104824203688,0.38310414541911036,-0.025098197125423494,-0.025098199429654744
full_with_synthetic,2011-06-06,2011-07-06,open_before_rebalance,21,-0.08338278297619128,0.4169165517806383,0.10049487178588734,0.1004948814518789
full_with_synthetic,2011-07-13,2011-07-18,open_before_rebalance,3,-0.003911685600262893,0.5791347941168549,-0.01967158362456589,-0.01967158536689073
full_with_synthetic,2012-04-25,2012-04-26,open_before_rebalance,1,-0.01774517935587472,0.4444251860160284,0.014849174363757767,0.014849174825869671
full_with_synthetic,2012-05-02,2012-06-07,open_before_rebalance,25,-0.014886073264370636,0.4778936751436285,-0.15589666862165963,-0.155896673380712
full_with_synthetic,2012-06-08,2012-06-25,open_before_rebalance,11,-0.1871070991490159,0.5477569233920685,0.03376523881815885,0.03376524177384366
full_with_synthetic,2012-07-26,2012-07-27,open_before_rebalance,1,-0.008834646996251694,0.5762487165040592,0.017682179410976495,0.017682180105691003
full_with_synthetic,2012-10-10,2012-10-17,open_before_rebalance,5,-0.05170866022357534,0.40329102700100283,0.02208986967865445,0.022089871219903134
full_with_synthetic,2012-10-19,2012-12-12,open_before_rebalance,35,-0.09101001229121009,0.37786330158720827,-0.0520757913514206,-0.052075794997626046
full_with_synthetic,2012-12-17,2012-12-18,open_before_rebalance,1,-0.061691967288533656,0.4617659046046426,0.053273318539352355,0.05327332276952568
full_with_synthetic,2013-02-22,2013-02-25,open_before_rebalance,1,-0.0094586804205965,0.34879517846103103,0.032496788621162676,0.03249679095606339
full_with_synthetic,2013-02-26,2013-02-28,open_before_rebalance,2,-0.045125728582755764,0.3704242122896239,0.03647109662865855,0.03647109930220749
full_with_synthetic,2013-04-18,2013-04-24,open_before_rebalance,4,-0.02370874011852253,0.398585663510759,0.04036542542362498,0.04036542814827748
full_with_synthetic,2013-06-21,2013-07-12,open_before_rebalance,14,-0.07793312671019659,0.4033657944044811,0.18681244511865058,0.18681245649369593
full_with_synthetic,2013-08-28,2013-08-30,open_before_rebalance,2,-0.01767098980381676,0.3346563919239097,0.03755444720724288,0.037554449142732205
full_with_synthetic,2014-02-04,2014-02-12,open_before_rebalance,6,-0.061813333482269917,0.45662337374747264,0.15601696544556543,0.1560169710974264
full_with_synthetic,2014-03-27,2014-04-03,open_before_rebalance,5,-0.03453771836145181,0.3375297302639682,0.07891268530595918,0.0789126878929054
full_with_synthetic,2014-04-04,2014-05-13,open_before_rebalance,26,-0.030418578492116932,0.3705688454458865,-0.04485215959545441,-0.044852160971084465
full_with_synthetic,2014-05-15,2014-05-20,open_before_rebalance,3,-0.05896868004903699,0.5386454720270762,0.016258960097054853,0.016258960628399155
full_with_synthetic,2014-10-02,2014-10-29,open_before_rebalance,19,-0.04443117892426751,0.3445911761669215,0.07134139260739802,0.07134139433245723
full_with_synthetic,2014-10-30,2014-11-03,open_before_rebalance,2,-0.0019282429350361285,0.5987930596805335,0.06725798160769614,0.06725798314879627
full_with_synthetic,2014-12-17,2014-12-18,open_before_rebalance,1,-0.056467927911689086,0.32151878095189057,0.09788803742103558,0.09788805692076608
full_with_synthetic,2015-01-05,2015-01-27,open_before_rebalance,15,-0.01791779974102614,0.4289563089830631,-0.005249408901345398,-0.00524940986795186
full_with_synthetic,2015-01-28,2015-01-30,open_before_rebalance,2,-0.06901144595538511,0.5704213645563047,-0.03646234097186163,-0.03646234763413858
full_with_synthetic,2015-02-04,2015-02-13,open_before_rebalance,7,-0.03806645402030184,0.49233983719427127,0.1129232876509485,0.11292330863143851
full_with_synthetic,2015-03-30,2015-04-21,open_before_rebalance,15,-0.01563595644837168,0.37264285165670236,0.05446184379569052,0.05446185292152039
full_with_synthetic,2015-05-01,2015-05-04,open_before_rebalance,1,-0.00995641148412163,0.4089049878625985,0.03715513107680679,0.037155137025299156
full_with_synthetic,2015-05-06,2015-05-08,open_before_rebalance,2,-0.03180780762612723,0.44313860893123314,0.0220944376476222,0.02209444122971682
full_with_synthetic,2015-06-08,2015-06-12,open_before_rebalance,4,-0.0016826371715537025,0.38985112173140035,-0.006220112694199753,-0.006220113663572668
full_with_synthetic,2015-06-16,2015-06-18,open_before_rebalance,2,-0.030263185208031396,0.3616262683206187,0.037047069845952185,0.03704707581858391
full_with_synthetic,2015-06-29,2015-07-16,open_before_rebalance,12,-0.006496676503071841,0.3225850523665741,0.08765386061244818,0.08765387469200703
full_with_synthetic,2015-08-07,2015-08-11,open_before_rebalance,2,-0.0037043831465419785,0.45856008369594686,0.020914899382848517,0.020914902579269423
full_with_synthetic,2015-08-24,2015-08-25,open_before_rebalance,1,-0.14596333551462704,0.582559348960319,0.19253769426436995,0.19253773925538575
full_with_synthetic,2015-12-10,2015-12-29,open_before_rebalance,12,-0.016302645695357554,0.4557930382734495,0.004579737634390124,0.004579738301077274
full_with_synthetic,2016-01-05,2016-01-13,open_before_rebalance,6,-0.10684575003824337,0.5361722270316656,-0.11105989606649924,-0.11105991363600387
full_with_synthetic,2016-04-29,2016-06-07,open_before_rebalance,26,-0.03258652016325303,0.37692499325354556,0.1210154373445238,0.12101544528256225
full_with_synthetic,2016-06-23,2016-06-24,open_before_rebalance,1,-0.0013450149899948416,0.34989375674637346,-0.08879175910332515,-0.0887917646339822
full_with_synthetic,2016-06-27,2016-06-30,open_before_rebalance,3,-0.047680480601467345,0.5095979363666735,0.08380649519291339,0.08380650116941046
full_with_synthetic,2016-07-08,2016-07-11,open_before_rebalance,1,-0.002516645367509285,0.5438066275100302,0.0426571651844081,0.04265716779388029
full_with_synthetic,2016-09-12,2016-09-13,open_before_rebalance,1,-0.023541590918591537,0.2888206141474164,0.0530333110715735,0.05303331396506805
full_with_synthetic,2016-09-14,2016-09-15,open_before_rebalance,1,-0.019605941664983195,0.32961042235121607,0.011798434392627177,0.011798435008755437
full_with_synthetic,2016-09-20,2016-09-21,open_before_rebalance,1,-8.170524368322774e-05,0.3422865942864126,0.00806438684998012,0.008064387250089178
full_with_synthetic,2016-10-18,2016-10-21,open_before_rebalance,3,-0.008339254992721479,0.40145561479954556,-0.010572120303560917,-0.01057212081670944
full_with_synthetic,2016-10-31,2016-11-23,open_before_rebalance,17,-0.008360423763277502,0.2909163827454975,0.01750166615534665,0.01750166701977629
full_with_synthetic,2016-12-01,2016-12-12,open_before_rebalance,7,-0.01281597947997326,0.4073997788975825,0.035175560584809196,0.03517556233879149
full_with_synthetic,2017-04-13,2017-04-18,open_before_rebalance,2,-0.011136819785071639,0.19680534007189115,0.006242636952262348,0.006242637178444754
full_with_synthetic,2017-06-28,2017-06-29,open_before_rebalance,1,-0.02546951206350978,0.45141046490895376,0.0184741474086052,0.018474147976091926
full_with_synthetic,2017-07-05,2017-07-17,open_before_rebalance,8,-0.038169613043833706,0.43595995234944634,0.12765079624780706,0.12765080034960552
full_with_synthetic,2017-07-18,2017-07-20,open_before_rebalance,2,-0.031573161331695854,0.45446639743134926,0.04830590831293291,0.04830590969596793
full_with_synthetic,2017-08-28,2017-08-31,open_before_rebalance,3,-0.01236076254659424,0.3537286402769739,0.0558767347650766,0.055876736368451585
full_with_synthetic,2017-09-06,2017-09-07,open_before_rebalance,1,-0.010747377470377129,0.3779271152702206,0.0063600638398562115,0.006360064012669087
full_with_synthetic,2017-09-11,2017-09-12,open_before_rebalance,1,-0.005190713719704365,0.3810996389416198,0.018738155315970006,0.018738155823053937
full_with_synthetic,2017-09-27,2017-09-28,open_before_rebalance,1,-0.018088739900203765,0.3318166319527415,0.003698503794428376,0.0036985038970618334
full_with_synthetic,2017-09-29,2017-10-02,open_before_rebalance,1,-0.00017886792300725318,0.3410085885570954,0.020255851043389894,0.020255851596950647
full_with_synthetic,2018-02-06,2018-02-07,open_before_rebalance,1,-0.002988377914261653,0.509973702869672,0.11869599479031967,0.11869599745893167
full_with_synthetic,2018-07-30,2018-08-02,open_before_rebalance,3,-0.006785796097862784,0.443125149905759,-0.032565426874839876,-0.032565427003948266
full_with_synthetic,2018-09-07,2018-09-10,open_before_rebalance,1,-0.028392704023450732,0.3749769016475314,0.026468605532951717,0.026468605634019537
full_with_synthetic,2018-10-08,2018-10-17,open_before_rebalance,7,-0.01700321603635513,0.3762840746151811,-0.03383451663046577,-0.033834516762735634
full_with_synthetic,2019-05-14,2019-05-17,open_before_rebalance,3,-0.03247438391082769,0.442833393465975,0.05879167641672445,0.05879167922986195
full_with_synthetic,2019-05-20,2019-06-05,open_before_rebalance,11,-0.027116493945137154,0.4685071464848886,-0.0725435103657236,-0.07254351379008483
full_with_synthetic,2019-06-06,2019-06-07,open_before_rebalance,1,-0.22419730588507525,0.5971065708588592,0.03448263407625074,0.034482636141752954
full_with_synthetic,2019-08-05,2019-08-09,open_before_rebalance,4,-0.030169695979091138,0.3673175042417519,0.057300768925997225,0.0573007706761417
full_with_synthetic,2019-08-12,2019-08-15,open_before_rebalance,3,-0.01853333538594748,0.5173726701555661,-0.04014860040367518,-0.04014860160221945
full_with_synthetic,2019-08-16,2019-08-19,open_before_rebalance,1,-0.15169312808716273,0.5994390743539775,0.06386295759824034,0.06386295990579782
full_with_synthetic,2019-10-02,2019-10-07,open_before_rebalance,3,-0.025757271157144435,0.48333659560743647,0.03275059581162276,0.03275060046541234
full_with_synthetic,2019-10-21,2019-10-22,open_before_rebalance,1,-0.006366527098060848,0.42287322960508117,0.020452169601782755,0.02045217223538165
full_with_synthetic,2019-10-24,2019-10-25,open_before_rebalance,1,-0.010894579316966468,0.4271690209736898,-0.008805058732016091,-0.008805059851373032
full_with_synthetic,2021-05-14,2021-05-17,open_before_rebalance,1,-0.012601329193160926,0.5422952074894187,0.017549643685852656,0.01754965100352024
full_with_synthetic,2021-05-18,2021-06-15,open_before_rebalance,19,-0.07190639291252421,0.5277488074717313,0.17655705180250392,0.17655712361980336
full_with_synthetic,2021-09-21,2021-09-23,open_before_rebalance,2,-0.02154955067354114,0.3484563541462001,0.02607456079332482,0.026074568252469454
full_with_synthetic,2021-09-29,2021-10-26,open_before_rebalance,19,-0.07679426745305096,0.44222527784879095,0.15911213236609223,0.15911218052267095
full_with_synthetic,2021-12-15,2021-12-16,open_before_rebalance,1,-0.0075948275807044,0.5733786111924911,0.07776222222430507,0.07776224165890766
full_with_synthetic,2023-08-14,2023-10-03,open_before_rebalance,35,-0.0035688292943701905,0.45711959975177135,-0.07711077589301951,-0.07711078559899331
full_with_synthetic,2023-10-04,2023-10-09,open_before_rebalance,3,-0.09167512974524528,0.5092055467604595,0.052616582568521864,0.05261658993665552
full_with_synthetic,2023-10-10,2023-11-03,open_before_rebalance,18,-0.0001708003893426957,0.4881117383333642,-0.03446467354565741,-0.03446467796177488
full_with_synthetic,2024-04-08,2024-04-09,open_before_rebalance,1,-0.0015622517109928902,0.4277281704507273,0.009965144440656992,0.00996514524033043
full_with_synthetic,2024-04-11,2024-04-12,open_before_rebalance,1,-0.012808572141569607,0.4345446130694277,0.004529467919737851,0.00452946828687284
full_with_synthetic,2024-04-15,2024-05-15,open_before_rebalance,22,-0.023660050212714445,0.4700446411777933,0.024750687490020296,0.024750689476519927
full_with_synthetic,2024-07-25,2024-08-01,open_before_rebalance,5,-0.03139755299021818,0.5726112179557362,0.046064726710048465,0.046064730092016726
full_with_synthetic,2024-10-02,2024-10-07,open_before_rebalance,3,-0.023232020006957455,0.5743779360236952,0.029560880839918147,0.029560885736834352
full_with_synthetic,2024-10-08,2024-10-09,open_before_rebalance,1,-0.010007933461475993,0.5654033793782296,0.02632310168754315,0.026323105946280068
full_with_synthetic,2024-11-01,2024-11-04,open_before_rebalance,1,-0.012841249495329055,0.4208809947654656,0.007990773452413391,0.007990774755916474
full_with_synthetic,2024-11-05,2024-11-06,open_before_rebalance,1,-0.0021756807935390254,0.4254289341874673,0.08047943671699986,0.08047944968431153
full_with_synthetic,2025-01-13,2025-01-16,open_before_rebalance,3,-0.01939565284910949,0.5797070042590707,0.10749479310207044,0.1074948096421986
full_with_synthetic,2025-01-17,2025-01-21,open_before_rebalance,1,-0.036211295640420915,0.5986382519489626,0.00908111387323185,0.009081114231901388
full_with_synthetic,2025-02-10,2025-02-13,open_before_rebalance,3,-0.027392486114633408,0.5711322536191126,0.014752562608634223,0.014752563028038068
full_with_synthetic,2025-02-28,2025-03-07,open_before_rebalance,5,-0.05438217267592593,0.5905944997260548,-0.08256385246032372,-0.08256385524342669
full_with_synthetic,2025-09-03,2025-09-04,open_before_rebalance,1,-0.011241026835532075,0.4011820033681088,0.007550931966432861,0.007550932189927195
full_with_synthetic,2025-11-24,2025-11-26,open_before_rebalance,2,-0.02173683925066383,0.5792948084404076,0.08644750527175438,0.08644750892851172
full_with_synthetic,2025-12-10,2025-12-22,open_before_rebalance,8,-0.037876886369720975,0.5489227573781942,-0.015094385190201565,-0.015094385748958605
full_with_synthetic,2025-12-24,2025-12-30,open_before_rebalance,3,-0.02386653936718408,0.5160092598419953,-0.012210554117195183,-0.012210554574908605
full_with_synthetic,2026-01-15,2026-01-28,open_before_rebalance,8,-0.002510853797994539,0.37374307567929543,0.03683732024805453,0.03683732160954989
full_with_synthetic,2026-02-05,2026-04-01,open_before_rebalance,38,-0.06879830634117745,0.4057464290490257,-0.11757623756271562,-0.11757624256026578
full_with_synthetic,2026-09-16,2026-09-21,open_before_rebalance,3,-0.0008828563561749103,0.4752484450680049,0.08685546896533669,0.08685548841512736
actual,2010-02-11,2010-02-12,open_before_rebalance,1,-0.2052761595064494,0.5923267874325236,0.034177302551334554,0.03417731567101079
actual,2010-03-04,2010-03-08,open_before_rebalance,2,-0.07683438288417455,0.5902892023797122,0.05299942039425898,0.05299949115827185
actual,2010-05-06,2010-05-11,open_before_rebalance,3,-0.014760179138815777,0.47140734901899106,-0.046349081235521505,-0.04634913546711372
actual,2010-08-24,2010-09-10,open_before_rebalance,12,-0.03392041248390343,0.5409343414037282,0.17225415520668452,0.17225425477979717
actual,2011-03-02,2011-03-04,open_before_rebalance,2,-0.018862919847968174,0.4952659644500812,0.07716397659150198,0.07716399788686212
actual,2011-03-11,2011-03-15,open_before_rebalance,2,-0.04580601628351477,0.5289855205935745,-0.0672624771239747,-0.06726249674342444
actual,2011-03-16,2011-04-07,open_before_rebalance,16,-0.036565382436758664,0.49309754232305525,0.12236832719335444,0.12236836447071364
actual,2011-04-11,2011-04-21,open_before_rebalance,8,-0.042411749230002904,0.48313380891426366,0.0668080146355654,0.06680803285074521
actual,2011-05-17,2011-05-18,open_before_rebalance,1,-0.009737392466533823,0.3522651575742519,0.01984654508386474,0.019846550539279972
actual,2011-05-24,2011-05-26,open_before_rebalance,2,-0.007364104824203688,0.38310414541911036,-0.025098192509027895,-0.025098199429654744
actual,2011-06-06,2011-07-06,open_before_rebalance,21,-0.08338278297619128,0.4169165517806383,0.10049485242062417,0.1004948814518789
actual,2011-07-13,2011-07-18,open_before_rebalance,3,-0.003911685600262893,0.5791347941168549,-0.019671580133917232,-0.01967158536689073
actual,2012-04-25,2012-04-26,open_before_rebalance,1,-0.01774517935587472,0.4444251860160284,0.014849172422803703,0.014849174825869671
actual,2012-05-02,2012-06-07,open_before_rebalance,25,-0.014886073264370636,0.4778936751436285,-0.15589664863276054,-0.155896673380712
actual,2012-06-08,2012-06-25,open_before_rebalance,11,-0.1871070991490159,0.5477569233920685,0.033765193558195516,0.03376524177384366
actual,2012-07-26,2012-07-27,open_before_rebalance,1,-0.008834646996251694,0.5762487165040592,0.017682174066395717,0.017682180105691003
actual,2012-10-10,2012-10-17,open_before_rebalance,5,-0.05170866022357534,0.40329102700100283,0.02208984730668173,0.022089871219903134
actual,2012-10-19,2012-12-12,open_before_rebalance,35,-0.09101001229121009,0.37786330158720827,-0.052075738424974594,-0.052075794997626046
actual,2012-12-17,2012-12-18,open_before_rebalance,1,-0.061691967288533656,0.4617659046046426,0.05327325713633502,0.05327332276952568
actual,2013-02-22,2013-02-25,open_before_rebalance,1,-0.0094586804205965,0.34879517846103103,0.032496754728943866,0.03249679095606339
actual,2013-02-26,2013-02-28,open_before_rebalance,2,-0.045125728582755764,0.3704242122896239,0.036471057820799846,0.03647109930220749
actual,2013-04-18,2013-04-24,open_before_rebalance,4,-0.02370874011852253,0.398585663510759,0.0403653858739661,0.04036542814827748
actual,2013-06-21,2013-07-12,open_before_rebalance,14,-0.07793312671019659,0.4033657944044811,0.18681228000430683,0.18681245649369593
actual,2013-08-28,2013-08-30,open_before_rebalance,2,-0.01767098980381676,0.3346563919239097,0.03755441911266555,0.037554449142732205
actual,2014-02-04,2014-02-12,open_before_rebalance,6,-0.061813333482269917,0.45662337374747264,0.15601688340600606,0.1560169710974264
actual,2014-03-27,2014-04-03,open_before_rebalance,5,-0.03453771836145181,0.3375297302639682,0.07891264775515472,0.0789126878929054
actual,2014-04-04,2014-05-13,open_before_rebalance,26,-0.030418578492116932,0.3705688454458865,-0.044852139627502674,-0.044852160971084465
actual,2014-05-15,2014-05-20,open_before_rebalance,3,-0.05896868004903699,0.5386454720270762,0.016258952384330616,0.016258960628399155
actual,2014-10-02,2014-10-29,open_before_rebalance,19,-0.04443117892426751,0.3445911761669215,0.07134136756730425,0.07134139433245723
actual,2014-10-30,2014-11-03,open_before_rebalance,2,-0.0019282429350361285,0.5987930596805335,0.06725795923786282,0.06725798314879627
actual,2014-12-17,2014-12-18,open_before_rebalance,1,-0.056467927911689086,0.32151878095189057,0.09788793414314001,0.09788805692076608
actual,2015-01-05,2015-01-27,open_before_rebalance,15,-0.01791779974102614,0.4289563089830631,-0.005249403781834472,-0.00524940986795186
actual,2015-01-28,2015-01-30,open_before_rebalance,2,-0.06901144595538511,0.5704213645563047,-0.036462305685937224,-0.03646234763413858
actual,2015-02-04,2015-02-13,open_before_rebalance,7,-0.03806645402030184,0.49233983719427127,0.11292317653038575,0.11292330863143851
actual,2015-03-30,2015-04-21,open_before_rebalance,15,-0.01563595644837168,0.37264285165670236,0.05446179546185692,0.05446185292152039
actual,2015-05-01,2015-05-04,open_before_rebalance,1,-0.00995641148412163,0.4089049878625985,0.03715509957134877,0.037155137025299156
actual,2015-05-06,2015-05-08,open_before_rebalance,2,-0.03180780762612723,0.44313860893123314,0.02209441867550166,0.02209444122971682
actual,2015-06-08,2015-06-12,open_before_rebalance,4,-0.0016826371715537025,0.38985112173140035,-0.00622010756003466,-0.006220113663572668
actual,2015-06-16,2015-06-18,open_before_rebalance,2,-0.030263185208031396,0.3616262683206187,0.037047038212644656,0.03704707581858391
actual,2015-06-29,2015-07-16,open_before_rebalance,12,-0.006496676503071841,0.3225850523665741,0.08765378604179941,0.08765387469200703
actual,2015-08-07,2015-08-11,open_before_rebalance,2,-0.0037043831465419785,0.45856008369594686,0.020914882453397565,0.020914902579269423
actual,2015-08-24,2015-08-25,open_before_rebalance,1,-0.14596333551462704,0.582559348960319,0.1925374559751052,0.19253773925538575
actual,2015-12-10,2015-12-29,open_before_rebalance,12,-0.016302645695357554,0.4557930382734495,0.004579731803256992,0.004579738301077274
actual,2016-01-05,2016-01-13,open_before_rebalance,6,-0.10684575003824337,0.5361722270316656,-0.11105974239602712,-0.11105991363600387
actual,2016-04-29,2016-06-07,open_before_rebalance,26,-0.03258652016325303,0.37692499325354556,0.12101521630001533,0.12101544528256225
actual,2016-06-23,2016-06-24,open_before_rebalance,1,-0.0013450149899948416,0.34989375674637346,-0.08879160509531969,-0.0887917646339822
actual,2016-06-27,2016-06-30,open_before_rebalance,3,-0.047680480601467345,0.5095979363666735,0.08380632876998662,0.08380650116941046
actual,2016-07-08,2016-07-11,open_before_rebalance,1,-0.002516645367509285,0.5438066275100302,0.042657092520417494,0.04265716779388029
actual,2016-09-12,2016-09-13,open_before_rebalance,1,-0.023541590918591537,0.2888206141474164,0.05303323049861364,0.05303331396506805
actual,2016-09-14,2016-09-15,open_before_rebalance,1,-0.019605941664983195,0.32961042235121607,0.011798417235763914,0.011798435008755437
actual,2016-09-20,2016-09-21,open_before_rebalance,1,-8.170524368322774e-05,0.3422865942864126,0.008064375708439542,0.008064387250089178
actual,2016-10-18,2016-10-21,open_before_rebalance,3,-0.008339254992721479,0.40145561479954556,-0.010572106014300808,-0.01057212081670944
actual,2016-10-31,2016-11-23,open_before_rebalance,17,-0.008360423763277502,0.2909163827454975,0.017501642084219782,0.01750166701977629
actual,2016-12-01,2016-12-12,open_before_rebalance,7,-0.01281597947997326,0.4073997788975825,0.035175511742983945,0.03517556233879149
actual,2017-04-13,2017-04-18,open_before_rebalance,2,-0.011136819785071639,0.19680534007189115,0.006242630653920278,0.006242637178444754
actual,2017-06-28,2017-06-29,open_before_rebalance,1,-0.02546951206350978,0.45141046490895376,0.018474131606218025,0.018474147976091926
actual,2017-07-05,2017-07-17,open_before_rebalance,8,-0.038169613043833706,0.43595995234944634,0.12765068202803853,0.12765080034960552
actual,2017-07-18,2017-07-20,open_before_rebalance,2,-0.031573161331695854,0.45446639743134926,0.04830586980057294,0.04830590969596793
actual,2017-08-28,2017-08-31,open_before_rebalance,3,-0.01236076254659424,0.3537286402769739,0.05587669011707108,0.055876736368451585
actual,2017-09-06,2017-09-07,open_before_rebalance,1,-0.010747377470377129,0.3779271152702206,0.00636005902766712,0.006360064012669087
actual,2017-09-11,2017-09-12,open_before_rebalance,1,-0.005190713719704365,0.3810996389416198,0.01873814119557471,0.018738155823053937
actual,2017-09-27,2017-09-28,open_before_rebalance,1,-0.018088739900203765,0.3318166319527415,0.003698500936467397,0.0036985038970618334
actual,2017-09-29,2017-10-02,open_before_rebalance,1,-0.00017886792300725318,0.3410085885570954,0.02025583562878719,0.020255851596950647
actual,2018-02-06,2018-02-07,open_before_rebalance,1,-0.002988377914261653,0.509973702869672,0.11869592047942623,0.11869599745893167
actual,2018-07-30,2018-08-02,open_before_rebalance,3,-0.006785796097862784,0.443125149905759,-0.03256539099550637,-0.032565427003948266
actual,2018-09-07,2018-09-10,open_before_rebalance,1,-0.028392704023450732,0.3749769016475314,0.026468577446143726,0.026468605634019537
actual,2018-10-08,2018-10-17,open_before_rebalance,7,-0.01700321603635513,0.3762840746151811,-0.0338344798725837,-0.033834516762735634
actual,2019-05-14,2019-05-17,open_before_rebalance,3,-0.03247438391082769,0.442833393465975,0.05879164415509064,0.05879167922986195
actual,2019-05-20,2019-06-05,open_before_rebalance,11,-0.027116493945137154,0.4685071464848886,-0.07254347109445192,-0.07254351379008483
actual,2019-06-06,2019-06-07,open_before_rebalance,1,-0.22419730588507525,0.5971065708588592,0.03448263601778345,0.034482636141752954
actual,2019-08-05,2019-08-09,open_before_rebalance,4,-0.030169695979091138,0.3673175042417519,0.057300723190332636,0.0573007706761417
actual,2019-08-12,2019-08-15,open_before_rebalance,3,-0.01853333538594748,0.5173726701555661,-0.04014856908270392,-0.04014860160221945
actual,2019-08-16,2019-08-19,open_before_rebalance,1,-0.15169312808716273,0.5994390743539775,0.06386286320655832,0.06386295990579782
actual,2019-10-02,2019-10-07,open_before_rebalance,3,-0.025757271157144435,0.48333659560743647,0.032750525645496076,0.03275060046541234
actual,2019-10-21,2019-10-22,open_before_rebalance,1,-0.006366527098060848,0.42287322960508117,0.020452129894469095,0.02045217223538165
actual,2019-10-24,2019-10-25,open_before_rebalance,1,-0.010894579316966468,0.4271690209736898,-0.008805041855243001,-0.008805059851373032
actual,2021-05-14,2021-05-17,open_before_rebalance,1,-0.012601329193160926,0.5422952074894187,0.017549580656065933,0.01754965100352024
actual,2021-05-18,2021-06-15,open_before_rebalance,19,-0.07190639291252421,0.5277488074717313,0.1765564332133871,0.17655712361980336
actual,2021-09-21,2021-09-23,open_before_rebalance,2,-0.02154955067354114,0.3484563541462001,0.026074496544863823,0.026074568252469454
actual,2021-09-29,2021-10-26,open_before_rebalance,19,-0.07679426745305096,0.44222527784879095,0.15911171757514908,0.15911218052267095
actual,2021-12-15,2021-12-16,open_before_rebalance,1,-0.0075948275807044,0.5733786111924911,0.07776205482659138,0.07776224165890766
actual,2023-08-14,2023-10-03,open_before_rebalance,35,-0.0035688292943701905,0.45711959975177135,-0.07711073511741062,-0.07711078559899331
actual,2023-10-04,2023-10-09,open_before_rebalance,3,-0.09167512974524528,0.5092055467604595,0.05261655161437728,0.05261658993665552
actual,2023-10-10,2023-11-03,open_before_rebalance,18,-0.0001708003893426957,0.4881117383333642,-0.034464654993177524,-0.03446467796177488
actual,2024-04-08,2024-04-09,open_before_rebalance,1,-0.0015622517109928902,0.4277281704507273,0.009965141081160755,0.00996514524033043
actual,2024-04-11,2024-04-12,open_before_rebalance,1,-0.012808572141569607,0.4345446130694277,0.004529466377372282,0.00452946828687284
actual,2024-04-15,2024-05-15,open_before_rebalance,22,-0.023660050212714445,0.4700446411777933,0.024750679144567078,0.024750689476519927
actual,2024-07-25,2024-08-01,open_before_rebalance,5,-0.03139755299021818,0.5726112179557362,0.04606471250211297,0.046064730092016726
actual,2024-10-02,2024-10-07,open_before_rebalance,3,-0.023232020006957455,0.5743779360236952,0.029560847470449625,0.029560885736834352
actual,2024-10-08,2024-10-09,open_before_rebalance,1,-0.010007933461475993,0.5654033793782296,0.026323072666873504,0.026323105946280068
actual,2024-11-01,2024-11-04,open_before_rebalance,1,-0.012841249495329055,0.4208809947654656,0.007990764569842712,0.007990774755916474
actual,2024-11-05,2024-11-06,open_before_rebalance,1,-0.0021756807935390254,0.4254289341874673,0.08047934835275461,0.08047944968431153
actual,2025-01-13,2025-01-16,open_before_rebalance,3,-0.01939565284910949,0.5797070042590707,0.10749468039127175,0.1074948096421986
actual,2025-01-17,2025-01-21,open_before_rebalance,1,-0.036211295640420915,0.5986382519489626,0.009081103148595782,0.009081114231901388
actual,2025-02-10,2025-02-13,open_before_rebalance,3,-0.027392486114633408,0.5711322536191126,0.014752560188536101,0.014752563028038068
actual,2025-02-28,2025-03-07,open_before_rebalance,5,-0.05438217267592593,0.5905944997260548,-0.08256383640091114,-0.08256385524342669
actual,2025-09-03,2025-09-04,open_before_rebalance,1,-0.011241026835532075,0.4011820033681088,0.007550924455149266,0.007550932189927195
actual,2025-11-24,2025-11-26,open_before_rebalance,2,-0.02173683925066383,0.5792948084404076,0.08644749314470279,0.08644750892851172
actual,2025-12-10,2025-12-22,open_before_rebalance,8,-0.037876886369720975,0.5489227573781942,-0.0150943833371735,-0.015094385748958605
actual,2025-12-24,2025-12-30,open_before_rebalance,3,-0.02386653936718408,0.5160092598419953,-0.012210552599261848,-0.012210554574908605
actual,2026-01-15,2026-01-28,open_before_rebalance,8,-0.002510853797994539,0.37374307567929543,0.036837315732874076,0.03683732160954989
actual,2026-02-05,2026-04-01,open_before_rebalance,38,-0.06879830634117745,0.4057464290490257,-0.11757622098914011,-0.11757624256026578
actual,2026-09-16,2026-09-21,open_before_rebalance,3,-0.0008828563561749103,0.4752484450680049,0.08685531802126412,0.08685548841512736
