scope,start,end,end_mark,trading_days,signal_date,entry_return30,entry_volatility,previous_weight,entry_weight,zero_weight_days,tqqq_return,vo_return,keep_shares_return,missed_return
full_with_synthetic,1999-04-23,2003-08-29,open_before_rebalance,1094,1999-04-22,0.15698400260538836,1.1946942672329905,1.0,0.0,870,-0.9852471883367973,1.806747129202607,-0.9851976906813316,-2.7919448198839385
full_with_synthetic,2003-09-11,2003-09-18,open_before_rebalance,5,2003-09-10,0.14411591239272736,0.6135107844417088,1.0,0.5,0,0.07928834203459512,0.039144141093517604,0.0792883413100971,0.040144200216579495
full_with_synthetic,2003-09-25,2003-11-12,open_before_rebalance,34,2003-09-24,0.22502197705823623,0.6719400619964344,1.0,0.5,0,0.15000631772990025,0.07450311886534378,0.15000623719380268,0.0755031183284589
full_with_synthetic,2003-11-19,2003-12-29,open_before_rebalance,26,2003-11-18,-0.07885441108509728,0.619150777939862,1.0,0.5,0,0.17799426167808696,0.08849710080805262,0.17799420127676124,0.08949710046870862
full_with_synthetic,2003-12-30,2003-12-31,open_before_rebalance,1,2003-12-29,0.04320684270555408,0.6149274303207957,1.0,0.5,0,0.0073853910899208675,0.00319269345785389,0.0073853862619948085,0.004192692804140918
full_with_synthetic,2004-04-05,2004-05-18,open_before_rebalance,30,2004-04-02,0.005421801111165525,0.6087749784730666,1.0,0.5,0,-0.1896055498441831,-0.09530263556367402,-0.18960543983282174,-0.09430280426914772
full_with_synthetic,2004-08-09,2004-08-16,open_before_rebalance,5,2004-08-06,-0.32260041493823854,0.6172562641426708,1.0,0.5,0,-0.019446998687059902,-0.010223490877362962,-0.019446982582834393,-0.009223491705471432
full_with_synthetic,2004-08-17,2004-09-02,open_before_rebalance,12,2004-08-16,-0.2986981526588516,0.6142037873537668,1.0,0.5,0,0.0955369366163683,0.04726840181648284,0.09553687948143263,0.048268477664949794
full_with_synthetic,2006-06-23,2006-06-26,open_before_rebalance,1,2006-06-22,-0.2398447588870808,0.6000478319898881,1.0,0.5,0,0.0007843034884238431,-0.00010784822959353235,0.00078430329792889,0.0008921515275224223
full_with_synthetic,2006-06-30,2006-08-10,open_before_rebalance,28,2006-06-29,-0.040336206817107145,0.6414663951601275,1.0,0.5,0,-0.20095348906932586,-0.10097665710034454,-0.20095348019333792,-0.09997682309299338
full_with_synthetic,2007-08-29,2007-09-27,open_before_rebalance,20,2007-08-28,-0.20670461604118284,0.6173509814511114,1.0,0.5,0,0.31185734754917127,0.15542852941028573,0.31185728953934944,0.1564287601290637
full_with_synthetic,2007-11-09,2008-05-30,open_before_rebalance,138,2007-11-08,-0.008059884147085583,0.6552266763265534,1.0,0.5,19,-0.14079203949645425,-0.0920390815774591,-0.14079200725803498,-0.048752925680575876
full_with_synthetic,2008-06-09,2009-07-15,open_before_rebalance,277,2008-06-06,0.09996301437325106,0.6097591466274959,1.0,0.5,155,-0.7641362390192713,-0.20167706851071354,-0.7641357082694455,-0.562458639758732
full_with_synthetic,2009-07-16,2009-08-05,open_before_rebalance,14,2009-07-15,0.02754803592886823,0.6391371264333431,1.0,0.5,0,0.297081678327479,0.14804082252212658,0.29708164493184075,0.14904082240971417
full_with_synthetic,2009-08-18,2009-08-19,open_before_rebalance,1,2009-08-17,0.2636705828666204,0.6216702599605258,1.0,0.5,0,-0.012471508754979155,-0.006735751811790092,-0.012471506820687095,-0.005735755008897003
full_with_synthetic,2010-02-12,2010-03-04,open_before_rebalance,13,2010-02-11,-0.1588761167424868,0.6110449530216435,1.0,0.5,0,0.17006894291764385,0.08453445602891185,0.17006891187529583,0.08553445584638397
full_with_synthetic,2010-05-11,2010-08-12,open_before_rebalance,65,2010-05-10,-0.03833709673085195,0.7366155165187048,1.0,0.5,13,-0.20229506286282894,-0.11354680463433442,-0.20229501268936434,-0.08874820805502992
full_with_synthetic,2011-08-03,2011-08-04,open_before_rebalance,1,2011-08-02,0.1127219648304727,0.6127059761321738,1.0,0.5,0,-0.018857400752228526,-0.00992869941346719,-0.01885739892389071,-0.008928699510423521
full_with_synthetic,2011-08-05,2012-01-12,open_before_rebalance,110,2011-08-04,-0.05412379813805879,0.7097816641315222,1.0,0.5,37,0.07868292872226768,0.06961239623660198,0.07868290790795895,0.009070511671356973
full_with_synthetic,2012-06-07,2012-06-08,open_before_rebalance,1,2012-06-06,-0.11259769786221663,0.6011017995965453,1.0,0.5,0,-0.04601599762771058,-0.02350799796368941,-0.046015995963543777,-0.022507997999854368
full_with_synthetic,2012-06-25,2012-07-17,open_before_rebalance,15,2012-06-22,-0.04593690043855514,0.6065110112599791,1.0,0.5,0,0.02926822594732026,0.014134111776823444,0.0292682234689694,0.015134111692145957
full_with_synthetic,2012-07-30,2012-08-06,open_before_rebalance,5,2012-07-27,0.11758268337429545,0.6210039170766186,1.0,0.5,0,0.04139971552919186,0.02019985163088811,0.04139971401655407,0.021199862385665957
full_with_synthetic,2014-11-03,2014-11-06,open_before_rebalance,3,2014-10-31,0.025925931426938442,0.6074894805543062,1.0,0.5,0,-0.007122230012334363,-0.004061114918977982,-0.007122229859425122,-0.0030611149404471405
full_with_synthetic,2015-08-25,2015-10-15,open_before_rebalance,36,2015-08-24,-0.2837441647447996,0.6456436705590413,1.0,0.5,19,0.10938613153149723,0.06958876381692947,0.10938611009765253,0.03979734628072307
full_with_synthetic,2016-01-13,2016-03-22,open_before_rebalance,47,2016-01-12,-0.21878812734441433,0.6101818132337519,1.0,0.5,0,0.006946548702920552,0.002973272753358458,0.006946547466692099,0.003973274713333641
full_with_synthetic,2018-02-09,2018-05-15,open_before_rebalance,65,2018-02-08,-0.07800881926161429,0.674974675086036,1.0,0.5,0,0.20754431275646135,0.10327212585005019,0.20754430803438395,0.10427218218433376
full_with_synthetic,2018-10-17,2019-02-19,open_before_rebalance,83,2018-10-16,-0.15103590188561478,0.6415528241541781,1.0,0.5,50,-0.19541245537109497,-0.15310671395065,-0.19541245458041379,-0.04230574062976378
full_with_synthetic,2019-06-05,2019-06-06,open_before_rebalance,1,2019-06-04,-0.2120931929710047,0.6057415303168842,1.0,0.5,0,-0.0017211645098499373,-0.0013605821856761402,-0.0017211644222485667,-0.0003605822365724265
full_with_synthetic,2019-06-07,2019-06-26,open_before_rebalance,13,2019-06-06,-0.19849154619512754,0.6036999183529387,1.0,0.5,0,0.13370375103745458,0.06635185273003308,0.13370374329558987,0.0673518905655568
full_with_synthetic,2019-08-15,2019-08-16,open_before_rebalance,1,2019-08-14,-0.12921083447103088,0.6044983881355538,1.0,0.5,0,0.015465771921948868,0.007232885736021544,0.015465771440942078,0.008232885704920534
full_with_synthetic,2019-08-19,2019-09-23,open_before_rebalance,24,2019-08-16,-0.1067857625130012,0.6172554481406076,1.0,0.5,0,0.029445195533781776,0.014222597283835459,0.02944519453370753,0.015222597249872072
full_with_synthetic,2020-02-26,2020-06-11,open_before_rebalance,74,2020-02-25,-0.06006827009572946,0.6341835762062122,1.0,0.5,53,0.036962366541253955,0.04012037138019342,0.03696236307570144,-0.003158008304491977
full_with_synthetic,2020-06-12,2020-08-25,open_before_rebalance,51,2020-06-11,0.1975185189866986,0.7090324543001629,1.0,0.5,0,0.617736963989101,0.3083683825907475,0.6177369543157982,0.3093685717250507
full_with_synthetic,2020-08-27,2020-09-01,open_before_rebalance,3,2020-08-26,0.37772494857862715,0.6130535664347099,1.0,0.5,0,0.04628596369314075,0.022642970579226374,0.04628595893602494,0.023642988356798567
full_with_synthetic,2020-09-04,2020-12-18,open_before_rebalance,73,2020-09-03,0.3487628375995264,0.70045274406139,1.0,0.5,19,0.22135076658050523,0.05877059529158157,0.2213507356521489,0.16258014036056734
full_with_synthetic,2021-02-05,2021-02-18,open_before_rebalance,8,2021-02-04,0.20002272380758557,0.6050178013703233,1.0,0.5,0,-0.010836634374373322,-0.0059183137170809585,-0.010836632043285443,-0.004918318326204485
full_with_synthetic,2021-02-26,2021-04-22,open_before_rebalance,38,2021-02-25,-0.029158493474896963,0.6486304552487734,1.0,0.5,0,0.2022346923152758,0.10061729296003175,0.2022346762213545,0.10161738326132275
full_with_synthetic,2021-12-16,2023-04-05,open_before_rebalance,326,2021-12-15,0.04414910219165802,0.6034210619366217,1.0,0.5,161,-0.6674026796516299,-0.19797624865363028,-0.6674025248869405,-0.46942627623331024
full_with_synthetic,2024-08-01,2024-09-30,open_before_rebalance,41,2024-07-31,-0.10823407939992691,0.6251033744287912,1.0,0.5,0,0.04535051496616749,0.022175255926720094,0.04535051178325533,0.023175255856535237
full_with_synthetic,2025-01-16,2025-01-17,open_before_rebalance,1,2025-01-15,0.0157563492724071,0.6029622553291317,1.0,0.5,0,0.020485222833596994,0.009742610063214974,0.02048521998749564,0.010742609924280666
full_with_synthetic,2025-01-21,2025-02-05,open_before_rebalance,11,2025-01-17,0.002478983362734777,0.6154254057457331,1.0,0.5,0,-0.024866677882020682,-0.012933338434789943,-0.024866676908720353,-0.01193333847393041
full_with_synthetic,2025-03-07,2025-06-04,open_before_rebalance,61,2025-03-06,-0.24783584979597795,0.6147390367020682,1.0,0.5,33,0.12564211811888892,-0.16917601171040153,0.1256421135025394,0.29481812521294093
full_with_synthetic,2025-11-14,2025-11-24,open_before_rebalance,6,2025-11-13,-0.013943842985819077,0.6174642538846784,1.0,0.5,0,-0.025805061049994027,-0.013402526707269269,-0.025805060372800614,-0.012402533665531346
full_with_synthetic,2026-04-01,2026-05-05,open_before_rebalance,23,2026-03-31,-0.13652707033256928,0.6148837273469833,1.0,0.5,0,0.556884690810556,0.27794233201729623,0.5568846639864244,0.2789423319691282
full_with_synthetic,2026-05-07,2026-05-11,open_before_rebalance,2,2026-05-06,0.643473931265865,0.6013981315869721,1.0,0.5,0,0.057464996974496696,0.02823249249901183,0.057464984785919215,0.029232492286907386
full_with_synthetic,2026-06-08,2026-09-04,open_before_rebalance,62,2026-06-05,0.23353615230517066,0.6345037186536505,1.0,0.5,2,-0.05468508272039929,-0.029905563854059847,-0.05468508170380082,-0.024779517849740973
actual,2010-02-12,2010-03-04,open_before_rebalance,13,2010-02-11,-0.1588761167424868,0.6110449530216435,1.0,0.5,0,0.17006894291764385,0.08453444008091249,0.17006887979064,0.08553443970972752
actual,2010-05-11,2010-08-12,open_before_rebalance,65,2010-05-10,-0.03833709673085195,0.7366155165187048,1.0,0.5,13,-0.20229506286282894,-0.11354644937579572,-0.20229481466009003,-0.0887483652842943
actual,2011-08-03,2011-08-04,open_before_rebalance,1,2011-08-02,0.1127219648304727,0.6127059761321738,1.0,0.5,0,-0.018857400752228526,-0.009928697484859361,-0.01885739526092023,-0.008928697776060868
actual,2011-08-05,2012-01-12,open_before_rebalance,110,2011-08-04,-0.05412379813805879,0.7097816641315222,1.0,0.5,37,0.07868292872226768,0.06961225578642094,0.07868290386058274,0.009070648074161802
actual,2012-06-07,2012-06-08,open_before_rebalance,1,2012-06-06,-0.11259769786221663,0.6011017995965453,1.0,0.5,0,-0.04601599762771058,-0.023507994392835796,-0.04601598897373593,-0.022507994580900137
actual,2012-06-25,2012-07-17,open_before_rebalance,15,2012-06-22,-0.04593690043855514,0.6065110112599791,1.0,0.5,0,0.02926822594732026,0.014134065666640883,0.02926818551835364,0.015134119851712757
actual,2012-07-30,2012-08-06,open_before_rebalance,5,2012-07-27,0.11758268337429545,0.6210039170766186,1.0,0.5,0,0.04139971552919186,0.020199851348573494,0.041399702379520065,0.02119985103094657
actual,2014-11-03,2014-11-06,open_before_rebalance,3,2014-10-31,0.025925931426938442,0.6074894805543062,1.0,0.5,0,-0.007122230012334363,-0.004061113653382797,-0.007122227639872358,-0.003061113986489561
actual,2015-08-25,2015-10-15,open_before_rebalance,36,2015-08-24,-0.2837441647447996,0.6456436705590413,1.0,0.5,19,0.10938613153149723,0.06958861358987734,0.10938599657595915,0.03979738298608182
actual,2016-01-13,2016-03-22,open_before_rebalance,47,2016-01-12,-0.21878812734441433,0.6101818132337519,1.0,0.5,0,0.006946548702920552,0.0029732613649440243,0.006946536654105495,0.003973275289161471
actual,2018-02-09,2018-05-15,open_before_rebalance,65,2018-02-08,-0.07800881926161429,0.674974675086036,1.0,0.5,0,0.20754431275646135,0.10327188221343353,0.20754417654213908,0.10427229432870555
actual,2018-10-17,2019-02-19,open_before_rebalance,83,2018-10-16,-0.15103590188561478,0.6415528241541781,1.0,0.5,50,-0.19541245537109497,-0.15310640327748604,-0.19541223484947556,-0.04230583157198953
actual,2019-06-05,2019-06-06,open_before_rebalance,1,2019-06-04,-0.2120931929710047,0.6057415303168842,1.0,0.5,0,-0.0017211645098499373,-0.0013605813915168463,-0.0017211634176207413,-0.000360582026103895
actual,2019-06-07,2019-06-26,open_before_rebalance,13,2019-06-06,-0.19849154619512754,0.6036999183529387,1.0,0.5,0,0.13370375103745458,0.06635173651814652,0.1337037505727956,0.06735201405464908
actual,2019-08-15,2019-08-16,open_before_rebalance,1,2019-08-14,-0.12921083447103088,0.6044983881355538,1.0,0.5,0,0.015465771921948868,0.007232861814792768,0.015465758871025859,0.00823289705623309
actual,2019-08-19,2019-09-23,open_before_rebalance,24,2019-08-16,-0.1067857625130012,0.6172554481406076,1.0,0.5,0,0.029445195533781776,0.014222543874045313,0.02944515362521516,0.015222609751169847
actual,2020-02-26,2020-06-11,open_before_rebalance,74,2020-02-25,-0.06006827009572946,0.6341835762062122,1.0,0.5,53,0.036962366541253955,0.04012031304500785,0.03696231082482204,-0.003158002220185807
actual,2020-06-12,2020-08-25,open_before_rebalance,51,2020-06-11,0.1975185189866986,0.7090324543001629,1.0,0.5,0,0.617736963989101,0.30836736521889385,0.6177361144404745,0.30936874922158064
actual,2020-08-27,2020-09-01,open_before_rebalance,3,2020-08-26,0.37772494857862715,0.6130535664347099,1.0,0.5,0,0.04628596369314075,0.022642976869526432,0.04628595351924769,0.02364297664972126
actual,2020-09-04,2020-12-18,open_before_rebalance,73,2020-09-03,0.3487628375995264,0.70045274406139,1.0,0.5,19,0.22135076658050523,0.05877015071338554,0.22135025961376353,0.162580108900378
actual,2021-02-05,2021-02-18,open_before_rebalance,8,2021-02-04,0.20002272380758557,0.6050178013703233,1.0,0.5,0,-0.010836634374373322,-0.005918301493939682,-0.010836605639519381,-0.004918304145579699
actual,2021-02-26,2021-04-22,open_before_rebalance,38,2021-02-25,-0.029158493474896963,0.6486304552487734,1.0,0.5,0,0.2022346923152758,0.10061720578342181,0.20223441017171417,0.10161720438829236
actual,2021-12-16,2023-04-05,open_before_rebalance,326,2021-12-15,0.04414910219165802,0.6034210619366217,1.0,0.5,161,-0.6674026796516299,-0.19797606475229346,-0.6674011918388547,-0.46942512708656126
actual,2024-08-01,2024-09-30,open_before_rebalance,41,2024-07-31,-0.10823407939992691,0.6251033744287912,1.0,0.5,0,0.04535051496616749,0.022175215165483264,0.04535049841157068,0.02317528324608742
actual,2025-01-16,2025-01-17,open_before_rebalance,1,2025-01-15,0.0157563492724071,0.6029622553291317,1.0,0.5,0,0.020485222833596994,0.009742600839374616,0.02048520059306269,0.010742599753688076
actual,2025-01-21,2025-02-05,open_before_rebalance,11,2025-01-17,0.002478983362734777,0.6154254057457331,1.0,0.5,0,-0.024866677882020682,-0.01293330506710999,-0.024866647805896536,-0.011933342738786545
actual,2025-03-07,2025-06-04,open_before_rebalance,61,2025-03-06,-0.24783584979597795,0.6147390367020682,1.0,0.5,33,0.12564211811888892,-0.16917560376530816,0.12564208686469414,0.2948176906300023
actual,2025-11-14,2025-11-24,open_before_rebalance,6,2025-11-13,-0.013943842985819077,0.6174642538846784,1.0,0.5,0,-0.025805061049994027,-0.013402492966668733,-0.025805037613392923,-0.01240254464672419
actual,2026-04-01,2026-05-05,open_before_rebalance,23,2026-03-31,-0.13652707033256928,0.6148837273469833,1.0,0.5,0,0.556884690810556,0.277941723561717,0.5568845750284854,0.27894285146676845
actual,2026-05-07,2026-05-11,open_before_rebalance,2,2026-05-06,0.643473931265865,0.6013981315869721,1.0,0.5,0,0.057464996974496696,0.028232419314134338,0.05746498246081133,0.029232563146676993
actual,2026-06-08,2026-09-04,open_before_rebalance,62,2026-06-05,0.23353615230517066,0.6345037186536505,1.0,0.5,2,-0.05468508272039929,-0.02990549045996993,-0.05468500102109841,-0.02477951056112848
