year,model,start,end,start_equity,end_equity,total_return,cagr,trade_count,annual_trades,fees,mdd,mdd_peak,mdd_trough,drawdown_duration_days,recovery_date,recovery_period_days,mdd_time_underwater_days,longest_time_underwater_days,longest_underwater_start
2010,vo,2010-01-04,2010-12-31,100000.0000000000,151100.3322077855,0.5110033221,0.5183509317,7,7.0822645429,362.3213502728,-0.3364947361,2010-04-23,2010-08-31,130,2010-10-12,42.0000000000,172.0000000000,172,2010-04-23
2010,filtered_ret_qqq_40_return60_block_cut,2010-01-04,2010-12-31,100000.0000000000,151100.3322077855,0.5110033221,0.5183509317,7,7.0822645429,362.3213502728,-0.3364947361,2010-04-23,2010-08-31,130,2010-10-12,42.0000000000,172.0000000000,172,2010-04-23
2010,filtered_ret_qqq_40_return200_block_cut,2010-01-04,2010-12-31,100000.0000000000,151100.3322077855,0.5110033221,0.5183509317,7,7.0822645429,362.3213502728,-0.3364947361,2010-04-23,2010-08-31,130,2010-10-12,42.0000000000,172.0000000000,172,2010-04-23
2010,filtered_ret_qqq_40_sma150_block_cut,2010-01-04,2010-12-31,100000.0000000000,151100.3322077855,0.5110033221,0.5183509317,7,7.0822645429,362.3213502728,-0.3364947361,2010-04-23,2010-08-31,130,2010-10-12,42.0000000000,172.0000000000,172,2010-04-23
2010,filtered_ret_qqq_40_sma100_block_cut,2010-01-04,2010-12-31,100000.0000000000,151100.3322077855,0.5110033221,0.5183509317,7,7.0822645429,362.3213502728,-0.3364947361,2010-04-23,2010-08-31,130,2010-10-12,42.0000000000,172.0000000000,172,2010-04-23
2010,ret_qqq_40_block_cut,2010-01-04,2010-12-31,100000.0000000000,151100.3322077855,0.5110033221,0.5183509317,7,7.0822645429,362.3213502728,-0.3364947361,2010-04-23,2010-08-31,130,2010-10-12,42.0000000000,172.0000000000,172,2010-04-23
2010,filtered_ret_qqq_40_sma200_block_cut,2010-01-04,2010-12-31,100000.0000000000,151100.3322077855,0.5110033221,0.5183509317,7,7.0822645429,362.3213502728,-0.3364947361,2010-04-23,2010-08-31,130,2010-10-12,42.0000000000,172.0000000000,172,2010-04-23
2010,combo_qqq_30_65_floor50,2010-01-04,2010-12-31,100000.0000000000,151100.3322077855,0.5110033221,0.5183509317,7,7.0822645429,362.3213502728,-0.3364947361,2010-04-23,2010-08-31,130,2010-10-12,42.0000000000,172.0000000000,172,2010-04-23
2010,magratio_qqq_200_step_up,2010-01-04,2010-12-31,100000.0000000000,151100.3322077855,0.5110033221,0.5183509317,7,7.0822645429,362.3213502728,-0.3364947361,2010-04-23,2010-08-31,130,2010-10-12,42.0000000000,172.0000000000,172,2010-04-23
2010,magratio_tqqq_200_step_up,2010-01-04,2010-12-31,100000.0000000000,151100.3322077855,0.5110033221,0.5183509317,7,7.0822645429,362.3213502728,-0.3364947361,2010-04-23,2010-08-31,130,2010-10-12,42.0000000000,172.0000000000,172,2010-04-23
2010,filtered_ret_qqq_60_return60_block_cut,2010-01-04,2010-12-31,100000.0000000000,151100.3322077855,0.5110033221,0.5183509317,7,7.0822645429,362.3213502728,-0.3364947361,2010-04-23,2010-08-31,130,2010-10-12,42.0000000000,172.0000000000,172,2010-04-23
2010,filtered_ret_qqq_60_return200_block_cut,2010-01-04,2010-12-31,100000.0000000000,151100.3322077855,0.5110033221,0.5183509317,7,7.0822645429,362.3213502728,-0.3364947361,2010-04-23,2010-08-31,130,2010-10-12,42.0000000000,172.0000000000,172,2010-04-23
2010,ret_qqq_60_block_cut,2010-01-04,2010-12-31,100000.0000000000,151100.3322077855,0.5110033221,0.5183509317,7,7.0822645429,362.3213502728,-0.3364947361,2010-04-23,2010-08-31,130,2010-10-12,42.0000000000,172.0000000000,172,2010-04-23
2010,filtered_ret_qqq_60_sma150_block_cut,2010-01-04,2010-12-31,100000.0000000000,151100.3322077855,0.5110033221,0.5183509317,7,7.0822645429,362.3213502728,-0.3364947361,2010-04-23,2010-08-31,130,2010-10-12,42.0000000000,172.0000000000,172,2010-04-23
2010,filtered_ret_qqq_60_sma100_block_cut,2010-01-04,2010-12-31,100000.0000000000,151100.3322077855,0.5110033221,0.5183509317,7,7.0822645429,362.3213502728,-0.3364947361,2010-04-23,2010-08-31,130,2010-10-12,42.0000000000,172.0000000000,172,2010-04-23
2010,magratio_tqqq_300_floor100,2010-01-04,2010-12-31,100000.0000000000,151100.3322077855,0.5110033221,0.5183509317,7,7.0822645429,362.3213502728,-0.3364947361,2010-04-23,2010-08-31,130,2010-10-12,42.0000000000,172.0000000000,172,2010-04-23
2010,combo_qqq_50_65_floor50,2010-01-04,2010-12-31,100000.0000000000,151100.3322077855,0.5110033221,0.5183509317,7,7.0822645429,362.3213502728,-0.3364947361,2010-04-23,2010-08-31,130,2010-10-12,42.0000000000,172.0000000000,172,2010-04-23
2010,combo_tqqq_100_65_floor50,2010-01-04,2010-12-31,100000.0000000000,151100.3322077855,0.5110033221,0.5183509317,7,7.0822645429,362.3213502728,-0.3364947361,2010-04-23,2010-08-31,130,2010-10-12,42.0000000000,172.0000000000,172,2010-04-23
2010,filtered_ret_tqqq_100_return60_block_cut,2010-01-04,2010-12-31,100000.0000000000,151100.3322077855,0.5110033221,0.5183509317,7,7.0822645429,362.3213502728,-0.3364947361,2010-04-23,2010-08-31,130,2010-10-12,42.0000000000,172.0000000000,172,2010-04-23
2010,ret_qqq_150_step_up,2010-01-04,2010-12-31,100000.0000000000,151100.3322077855,0.5110033221,0.5183509317,7,7.0822645429,362.3213502728,-0.3364947361,2010-04-23,2010-08-31,130,2010-10-12,42.0000000000,172.0000000000,172,2010-04-23
2010,combo_tqqq_300_65_block_cut,2010-01-04,2010-12-31,100000.0000000000,151100.3322077855,0.5110033221,0.5183509317,7,7.0822645429,362.3213502728,-0.3364947361,2010-04-23,2010-08-31,130,2010-10-12,42.0000000000,172.0000000000,172,2010-04-23
2011,vo,2011-01-03,2011-12-30,100000.0000000000,94728.5930881075,-0.0527140691,-0.0533167542,6,6.0705124654,333.4714421934,-0.3116567320,2011-07-22,2011-10-03,73,,,,161,2011-07-22
2011,filtered_ret_qqq_40_return60_block_cut,2011-01-03,2011-12-30,100000.0000000000,94728.5930881075,-0.0527140691,-0.0533167542,6,6.0705124654,333.4714421934,-0.3116567320,2011-07-22,2011-10-03,73,,,,161,2011-07-22
2011,filtered_ret_qqq_40_return200_block_cut,2011-01-03,2011-12-30,100000.0000000000,93921.6366443615,-0.0607836336,-0.0614755489,4,4.0470083102,229.1748521243,-0.3175205991,2011-07-22,2011-10-03,73,,,,161,2011-07-22
2011,filtered_ret_qqq_40_sma150_block_cut,2011-01-03,2011-12-30,100000.0000000000,94728.5930881075,-0.0527140691,-0.0533167542,6,6.0705124654,333.4714421934,-0.3116567320,2011-07-22,2011-10-03,73,,,,161,2011-07-22
2011,filtered_ret_qqq_40_sma100_block_cut,2011-01-03,2011-12-30,100000.0000000000,94728.5930881075,-0.0527140691,-0.0533167542,6,6.0705124654,333.4714421934,-0.3116567320,2011-07-22,2011-10-03,73,,,,161,2011-07-22
2011,ret_qqq_40_block_cut,2011-01-03,2011-12-30,100000.0000000000,93921.6366443615,-0.0607836336,-0.0614755489,4,4.0470083102,229.1748521243,-0.3175205991,2011-07-22,2011-10-03,73,,,,161,2011-07-22
2011,filtered_ret_qqq_40_sma200_block_cut,2011-01-03,2011-12-30,100000.0000000000,93921.6366443615,-0.0607836336,-0.0614755489,4,4.0470083102,229.1748521243,-0.3175205991,2011-07-22,2011-10-03,73,,,,161,2011-07-22
2011,combo_qqq_30_65_floor50,2011-01-03,2011-12-30,100000.0000000000,94728.5930881075,-0.0527140691,-0.0533167542,6,6.0705124654,333.4714421934,-0.3116567320,2011-07-22,2011-10-03,73,,,,161,2011-07-22
2011,magratio_qqq_200_step_up,2011-01-03,2011-12-30,100000.0000000000,94728.5930881075,-0.0527140691,-0.0533167542,6,6.0705124654,333.4714421934,-0.3116567320,2011-07-22,2011-10-03,73,,,,161,2011-07-22
2011,magratio_tqqq_200_step_up,2011-01-03,2011-12-30,100000.0000000000,94728.5930881075,-0.0527140691,-0.0533167542,6,6.0705124654,333.4714421934,-0.3116567320,2011-07-22,2011-10-03,73,,,,161,2011-07-22
2011,filtered_ret_qqq_60_return60_block_cut,2011-01-03,2011-12-30,100000.0000000000,94728.5930881075,-0.0527140691,-0.0533167542,6,6.0705124654,333.4714421934,-0.3116567320,2011-07-22,2011-10-03,73,,,,161,2011-07-22
2011,filtered_ret_qqq_60_return200_block_cut,2011-01-03,2011-12-30,100000.0000000000,94728.5930881075,-0.0527140691,-0.0533167542,6,6.0705124654,333.4714421934,-0.3116567320,2011-07-22,2011-10-03,73,,,,161,2011-07-22
2011,ret_qqq_60_block_cut,2011-01-03,2011-12-30,100000.0000000000,94728.5930881075,-0.0527140691,-0.0533167542,6,6.0705124654,333.4714421934,-0.3116567320,2011-07-22,2011-10-03,73,,,,161,2011-07-22
2011,filtered_ret_qqq_60_sma150_block_cut,2011-01-03,2011-12-30,100000.0000000000,94728.5930881075,-0.0527140691,-0.0533167542,6,6.0705124654,333.4714421934,-0.3116567320,2011-07-22,2011-10-03,73,,,,161,2011-07-22
2011,filtered_ret_qqq_60_sma100_block_cut,2011-01-03,2011-12-30,100000.0000000000,94728.5930881075,-0.0527140691,-0.0533167542,6,6.0705124654,333.4714421934,-0.3116567320,2011-07-22,2011-10-03,73,,,,161,2011-07-22
2011,magratio_tqqq_300_floor100,2011-01-03,2011-12-30,100000.0000000000,94728.5930881075,-0.0527140691,-0.0533167542,6,6.0705124654,333.4714421934,-0.3116567320,2011-07-22,2011-10-03,73,,,,161,2011-07-22
2011,combo_qqq_50_65_floor50,2011-01-03,2011-12-30,100000.0000000000,94728.5930881075,-0.0527140691,-0.0533167542,6,6.0705124654,333.4714421934,-0.3116567320,2011-07-22,2011-10-03,73,,,,161,2011-07-22
2011,combo_tqqq_100_65_floor50,2011-01-03,2011-12-30,100000.0000000000,94728.5930881075,-0.0527140691,-0.0533167542,6,6.0705124654,333.4714421934,-0.3116567320,2011-07-22,2011-10-03,73,,,,161,2011-07-22
2011,filtered_ret_tqqq_100_return60_block_cut,2011-01-03,2011-12-30,100000.0000000000,94728.5930881075,-0.0527140691,-0.0533167542,6,6.0705124654,333.4714421934,-0.3116567320,2011-07-22,2011-10-03,73,,,,161,2011-07-22
2011,ret_qqq_150_step_up,2011-01-03,2011-12-30,100000.0000000000,94728.5930881075,-0.0527140691,-0.0533167542,6,6.0705124654,333.4714421934,-0.3116567320,2011-07-22,2011-10-03,73,,,,161,2011-07-22
2011,combo_tqqq_300_65_block_cut,2011-01-03,2011-12-30,100000.0000000000,94728.5930881075,-0.0527140691,-0.0533167542,6,6.0705124654,333.4714421934,-0.3116567320,2011-07-22,2011-10-03,73,,,,161,2011-07-22
2012,vo,2012-01-03,2012-12-31,100000.0000000000,137034.8608397518,0.3703486084,0.3730184162,8,8.0494214876,496.9447782363,-0.3193843151,2012-04-03,2012-06-01,59,2012-09-06,97.0000000000,156.0000000000,156,2012-04-03
2012,filtered_ret_qqq_40_return60_block_cut,2012-01-03,2012-12-31,100000.0000000000,137034.8608397518,0.3703486084,0.3730184162,8,8.0494214876,496.9447782363,-0.3193843151,2012-04-03,2012-06-01,59,2012-09-06,97.0000000000,156.0000000000,156,2012-04-03
2012,filtered_ret_qqq_40_return200_block_cut,2012-01-03,2012-12-31,100000.0000000000,136684.5261125860,0.3668452611,0.3694865866,8,8.0494214876,496.2157424263,-0.3193843151,2012-04-03,2012-06-01,59,2012-09-06,97.0000000000,156.0000000000,156,2012-04-03
2012,filtered_ret_qqq_40_sma150_block_cut,2012-01-03,2012-12-31,100000.0000000000,136684.5261125860,0.3668452611,0.3694865866,8,8.0494214876,496.2157424263,-0.3193843151,2012-04-03,2012-06-01,59,2012-09-06,97.0000000000,156.0000000000,156,2012-04-03
2012,filtered_ret_qqq_40_sma100_block_cut,2012-01-03,2012-12-31,100000.0000000000,136684.5261125860,0.3668452611,0.3694865866,8,8.0494214876,496.2157424263,-0.3193843151,2012-04-03,2012-06-01,59,2012-09-06,97.0000000000,156.0000000000,156,2012-04-03
2012,ret_qqq_40_block_cut,2012-01-03,2012-12-31,100000.0000000000,136684.5261125860,0.3668452611,0.3694865866,8,8.0494214876,496.2157424263,-0.3193843151,2012-04-03,2012-06-01,59,2012-09-06,97.0000000000,156.0000000000,156,2012-04-03
2012,filtered_ret_qqq_40_sma200_block_cut,2012-01-03,2012-12-31,100000.0000000000,136684.5261125860,0.3668452611,0.3694865866,8,8.0494214876,496.2157424263,-0.3193843151,2012-04-03,2012-06-01,59,2012-09-06,97.0000000000,156.0000000000,156,2012-04-03
2012,combo_qqq_30_65_floor50,2012-01-03,2012-12-31,100000.0000000000,137034.8608397518,0.3703486084,0.3730184162,8,8.0494214876,496.9447782363,-0.3193843151,2012-04-03,2012-06-01,59,2012-09-06,97.0000000000,156.0000000000,156,2012-04-03
2012,magratio_qqq_200_step_up,2012-01-03,2012-12-31,100000.0000000000,137034.8608397518,0.3703486084,0.3730184162,8,8.0494214876,496.9447782363,-0.3193843151,2012-04-03,2012-06-01,59,2012-09-06,97.0000000000,156.0000000000,156,2012-04-03
2012,magratio_tqqq_200_step_up,2012-01-03,2012-12-31,100000.0000000000,137034.8608397518,0.3703486084,0.3730184162,8,8.0494214876,496.9447782363,-0.3193843151,2012-04-03,2012-06-01,59,2012-09-06,97.0000000000,156.0000000000,156,2012-04-03
2012,filtered_ret_qqq_60_return60_block_cut,2012-01-03,2012-12-31,100000.0000000000,137034.8608397518,0.3703486084,0.3730184162,8,8.0494214876,496.9447782363,-0.3193843151,2012-04-03,2012-06-01,59,2012-09-06,97.0000000000,156.0000000000,156,2012-04-03
2012,filtered_ret_qqq_60_return200_block_cut,2012-01-03,2012-12-31,100000.0000000000,137034.8608397518,0.3703486084,0.3730184162,8,8.0494214876,496.9447782363,-0.3193843151,2012-04-03,2012-06-01,59,2012-09-06,97.0000000000,156.0000000000,156,2012-04-03
2012,ret_qqq_60_block_cut,2012-01-03,2012-12-31,100000.0000000000,137034.8608397518,0.3703486084,0.3730184162,8,8.0494214876,496.9447782363,-0.3193843151,2012-04-03,2012-06-01,59,2012-09-06,97.0000000000,156.0000000000,156,2012-04-03
2012,filtered_ret_qqq_60_sma150_block_cut,2012-01-03,2012-12-31,100000.0000000000,137034.8608397518,0.3703486084,0.3730184162,8,8.0494214876,496.9447782363,-0.3193843151,2012-04-03,2012-06-01,59,2012-09-06,97.0000000000,156.0000000000,156,2012-04-03
2012,filtered_ret_qqq_60_sma100_block_cut,2012-01-03,2012-12-31,100000.0000000000,137034.8608397518,0.3703486084,0.3730184162,8,8.0494214876,496.9447782363,-0.3193843151,2012-04-03,2012-06-01,59,2012-09-06,97.0000000000,156.0000000000,156,2012-04-03
2012,magratio_tqqq_300_floor100,2012-01-03,2012-12-31,100000.0000000000,137034.8608397518,0.3703486084,0.3730184162,8,8.0494214876,496.9447782363,-0.3193843151,2012-04-03,2012-06-01,59,2012-09-06,97.0000000000,156.0000000000,156,2012-04-03
2012,combo_qqq_50_65_floor50,2012-01-03,2012-12-31,100000.0000000000,137034.8608397518,0.3703486084,0.3730184162,8,8.0494214876,496.9447782363,-0.3193843151,2012-04-03,2012-06-01,59,2012-09-06,97.0000000000,156.0000000000,156,2012-04-03
2012,combo_tqqq_100_65_floor50,2012-01-03,2012-12-31,100000.0000000000,137034.8608397518,0.3703486084,0.3730184162,8,8.0494214876,496.9447782363,-0.3193843151,2012-04-03,2012-06-01,59,2012-09-06,97.0000000000,156.0000000000,156,2012-04-03
2012,filtered_ret_tqqq_100_return60_block_cut,2012-01-03,2012-12-31,100000.0000000000,137034.8608397518,0.3703486084,0.3730184162,8,8.0494214876,496.9447782363,-0.3193843151,2012-04-03,2012-06-01,59,2012-09-06,97.0000000000,156.0000000000,156,2012-04-03
2012,ret_qqq_150_step_up,2012-01-03,2012-12-31,100000.0000000000,137034.8608397518,0.3703486084,0.3730184162,8,8.0494214876,496.9447782363,-0.3193843151,2012-04-03,2012-06-01,59,2012-09-06,97.0000000000,156.0000000000,156,2012-04-03
2012,combo_tqqq_300_65_block_cut,2012-01-03,2012-12-31,100000.0000000000,137034.8608397518,0.3703486084,0.3730184162,8,8.0494214876,496.9447782363,-0.3193843151,2012-04-03,2012-06-01,59,2012-09-06,97.0000000000,156.0000000000,156,2012-04-03
2013,vo,2013-01-02,2013-12-31,100000.0000000000,223397.6493050870,1.2339764931,1.2450969347,1,1.0061776860,99.8995708634,-0.1730713776,2013-05-17,2013-06-24,38,2013-07-11,17.0000000000,55.0000000000,55,2013-05-17
2013,filtered_ret_qqq_40_return60_block_cut,2013-01-02,2013-12-31,100000.0000000000,223397.6493050870,1.2339764931,1.2450969347,1,1.0061776860,99.8995708634,-0.1730713776,2013-05-17,2013-06-24,38,2013-07-11,17.0000000000,55.0000000000,55,2013-05-17
2013,filtered_ret_qqq_40_return200_block_cut,2013-01-02,2013-12-31,100000.0000000000,223397.6493050870,1.2339764931,1.2450969347,1,1.0061776860,99.8995708634,-0.1730713776,2013-05-17,2013-06-24,38,2013-07-11,17.0000000000,55.0000000000,55,2013-05-17
2013,filtered_ret_qqq_40_sma150_block_cut,2013-01-02,2013-12-31,100000.0000000000,223397.6493050870,1.2339764931,1.2450969347,1,1.0061776860,99.8995708634,-0.1730713776,2013-05-17,2013-06-24,38,2013-07-11,17.0000000000,55.0000000000,55,2013-05-17
2013,filtered_ret_qqq_40_sma100_block_cut,2013-01-02,2013-12-31,100000.0000000000,223397.6493050870,1.2339764931,1.2450969347,1,1.0061776860,99.8995708634,-0.1730713776,2013-05-17,2013-06-24,38,2013-07-11,17.0000000000,55.0000000000,55,2013-05-17
2013,ret_qqq_40_block_cut,2013-01-02,2013-12-31,100000.0000000000,223397.6493050870,1.2339764931,1.2450969347,1,1.0061776860,99.8995708634,-0.1730713776,2013-05-17,2013-06-24,38,2013-07-11,17.0000000000,55.0000000000,55,2013-05-17
2013,filtered_ret_qqq_40_sma200_block_cut,2013-01-02,2013-12-31,100000.0000000000,223397.6493050870,1.2339764931,1.2450969347,1,1.0061776860,99.8995708634,-0.1730713776,2013-05-17,2013-06-24,38,2013-07-11,17.0000000000,55.0000000000,55,2013-05-17
2013,combo_qqq_30_65_floor50,2013-01-02,2013-12-31,100000.0000000000,223397.6493050870,1.2339764931,1.2450969347,1,1.0061776860,99.8995708634,-0.1730713776,2013-05-17,2013-06-24,38,2013-07-11,17.0000000000,55.0000000000,55,2013-05-17
2013,magratio_qqq_200_step_up,2013-01-02,2013-12-31,100000.0000000000,223397.6493050870,1.2339764931,1.2450969347,1,1.0061776860,99.8995708634,-0.1730713776,2013-05-17,2013-06-24,38,2013-07-11,17.0000000000,55.0000000000,55,2013-05-17
2013,magratio_tqqq_200_step_up,2013-01-02,2013-12-31,100000.0000000000,223397.6493050870,1.2339764931,1.2450969347,1,1.0061776860,99.8995708634,-0.1730713776,2013-05-17,2013-06-24,38,2013-07-11,17.0000000000,55.0000000000,55,2013-05-17
2013,filtered_ret_qqq_60_return60_block_cut,2013-01-02,2013-12-31,100000.0000000000,223397.6493050870,1.2339764931,1.2450969347,1,1.0061776860,99.8995708634,-0.1730713776,2013-05-17,2013-06-24,38,2013-07-11,17.0000000000,55.0000000000,55,2013-05-17
2013,filtered_ret_qqq_60_return200_block_cut,2013-01-02,2013-12-31,100000.0000000000,223397.6493050870,1.2339764931,1.2450969347,1,1.0061776860,99.8995708634,-0.1730713776,2013-05-17,2013-06-24,38,2013-07-11,17.0000000000,55.0000000000,55,2013-05-17
2013,ret_qqq_60_block_cut,2013-01-02,2013-12-31,100000.0000000000,223397.6493050870,1.2339764931,1.2450969347,1,1.0061776860,99.8995708634,-0.1730713776,2013-05-17,2013-06-24,38,2013-07-11,17.0000000000,55.0000000000,55,2013-05-17
2013,filtered_ret_qqq_60_sma150_block_cut,2013-01-02,2013-12-31,100000.0000000000,223397.6493050870,1.2339764931,1.2450969347,1,1.0061776860,99.8995708634,-0.1730713776,2013-05-17,2013-06-24,38,2013-07-11,17.0000000000,55.0000000000,55,2013-05-17
2013,filtered_ret_qqq_60_sma100_block_cut,2013-01-02,2013-12-31,100000.0000000000,223397.6493050870,1.2339764931,1.2450969347,1,1.0061776860,99.8995708634,-0.1730713776,2013-05-17,2013-06-24,38,2013-07-11,17.0000000000,55.0000000000,55,2013-05-17
2013,magratio_tqqq_300_floor100,2013-01-02,2013-12-31,100000.0000000000,223397.6493050870,1.2339764931,1.2450969347,1,1.0061776860,99.8995708634,-0.1730713776,2013-05-17,2013-06-24,38,2013-07-11,17.0000000000,55.0000000000,55,2013-05-17
2013,combo_qqq_50_65_floor50,2013-01-02,2013-12-31,100000.0000000000,223397.6493050870,1.2339764931,1.2450969347,1,1.0061776860,99.8995708634,-0.1730713776,2013-05-17,2013-06-24,38,2013-07-11,17.0000000000,55.0000000000,55,2013-05-17
2013,combo_tqqq_100_65_floor50,2013-01-02,2013-12-31,100000.0000000000,223397.6493050870,1.2339764931,1.2450969347,1,1.0061776860,99.8995708634,-0.1730713776,2013-05-17,2013-06-24,38,2013-07-11,17.0000000000,55.0000000000,55,2013-05-17
2013,filtered_ret_tqqq_100_return60_block_cut,2013-01-02,2013-12-31,100000.0000000000,223397.6493050870,1.2339764931,1.2450969347,1,1.0061776860,99.8995708634,-0.1730713776,2013-05-17,2013-06-24,38,2013-07-11,17.0000000000,55.0000000000,55,2013-05-17
2013,ret_qqq_150_step_up,2013-01-02,2013-12-31,100000.0000000000,223397.6493050870,1.2339764931,1.2450969347,1,1.0061776860,99.8995708634,-0.1730713776,2013-05-17,2013-06-24,38,2013-07-11,17.0000000000,55.0000000000,55,2013-05-17
2013,combo_tqqq_300_65_block_cut,2013-01-02,2013-12-31,100000.0000000000,223397.6493050870,1.2339764931,1.2450969347,1,1.0061776860,99.8995708634,-0.1730713776,2013-05-17,2013-06-24,38,2013-07-11,17.0000000000,55.0000000000,55,2013-05-17
2014,vo,2014-01-02,2014-12-31,100000.0000000000,159523.8071834423,0.5952380718,0.5998471730,3,3.0185330579,251.0306120848,-0.2338183211,2014-09-18,2014-10-16,28,2014-10-31,15.0000000000,43.0000000000,92,2014-03-05
2014,filtered_ret_qqq_40_return60_block_cut,2014-01-02,2014-12-31,100000.0000000000,159523.8071834423,0.5952380718,0.5998471730,3,3.0185330579,251.0306120848,-0.2338183211,2014-09-18,2014-10-16,28,2014-10-31,15.0000000000,43.0000000000,92,2014-03-05
2014,filtered_ret_qqq_40_return200_block_cut,2014-01-02,2014-12-31,100000.0000000000,159523.8071834423,0.5952380718,0.5998471730,3,3.0185330579,251.0306120848,-0.2338183211,2014-09-18,2014-10-16,28,2014-10-31,15.0000000000,43.0000000000,92,2014-03-05
2014,filtered_ret_qqq_40_sma150_block_cut,2014-01-02,2014-12-31,100000.0000000000,159523.8071834423,0.5952380718,0.5998471730,3,3.0185330579,251.0306120848,-0.2338183211,2014-09-18,2014-10-16,28,2014-10-31,15.0000000000,43.0000000000,92,2014-03-05
2014,filtered_ret_qqq_40_sma100_block_cut,2014-01-02,2014-12-31,100000.0000000000,159523.8071834423,0.5952380718,0.5998471730,3,3.0185330579,251.0306120848,-0.2338183211,2014-09-18,2014-10-16,28,2014-10-31,15.0000000000,43.0000000000,92,2014-03-05
2014,ret_qqq_40_block_cut,2014-01-02,2014-12-31,100000.0000000000,159523.8071834423,0.5952380718,0.5998471730,3,3.0185330579,251.0306120848,-0.2338183211,2014-09-18,2014-10-16,28,2014-10-31,15.0000000000,43.0000000000,92,2014-03-05
2014,filtered_ret_qqq_40_sma200_block_cut,2014-01-02,2014-12-31,100000.0000000000,159523.8071834423,0.5952380718,0.5998471730,3,3.0185330579,251.0306120848,-0.2338183211,2014-09-18,2014-10-16,28,2014-10-31,15.0000000000,43.0000000000,92,2014-03-05
2014,combo_qqq_30_65_floor50,2014-01-02,2014-12-31,100000.0000000000,159523.8071834423,0.5952380718,0.5998471730,3,3.0185330579,251.0306120848,-0.2338183211,2014-09-18,2014-10-16,28,2014-10-31,15.0000000000,43.0000000000,92,2014-03-05
2014,magratio_qqq_200_step_up,2014-01-02,2014-12-31,100000.0000000000,159523.8071834423,0.5952380718,0.5998471730,3,3.0185330579,251.0306120848,-0.2338183211,2014-09-18,2014-10-16,28,2014-10-31,15.0000000000,43.0000000000,92,2014-03-05
2014,magratio_tqqq_200_step_up,2014-01-02,2014-12-31,100000.0000000000,159523.8071834423,0.5952380718,0.5998471730,3,3.0185330579,251.0306120848,-0.2338183211,2014-09-18,2014-10-16,28,2014-10-31,15.0000000000,43.0000000000,92,2014-03-05
2014,filtered_ret_qqq_60_return60_block_cut,2014-01-02,2014-12-31,100000.0000000000,159523.8071834423,0.5952380718,0.5998471730,3,3.0185330579,251.0306120848,-0.2338183211,2014-09-18,2014-10-16,28,2014-10-31,15.0000000000,43.0000000000,92,2014-03-05
2014,filtered_ret_qqq_60_return200_block_cut,2014-01-02,2014-12-31,100000.0000000000,159523.8071834423,0.5952380718,0.5998471730,3,3.0185330579,251.0306120848,-0.2338183211,2014-09-18,2014-10-16,28,2014-10-31,15.0000000000,43.0000000000,92,2014-03-05
2014,ret_qqq_60_block_cut,2014-01-02,2014-12-31,100000.0000000000,159523.8071834423,0.5952380718,0.5998471730,3,3.0185330579,251.0306120848,-0.2338183211,2014-09-18,2014-10-16,28,2014-10-31,15.0000000000,43.0000000000,92,2014-03-05
2014,filtered_ret_qqq_60_sma150_block_cut,2014-01-02,2014-12-31,100000.0000000000,159523.8071834423,0.5952380718,0.5998471730,3,3.0185330579,251.0306120848,-0.2338183211,2014-09-18,2014-10-16,28,2014-10-31,15.0000000000,43.0000000000,92,2014-03-05
2014,filtered_ret_qqq_60_sma100_block_cut,2014-01-02,2014-12-31,100000.0000000000,159523.8071834423,0.5952380718,0.5998471730,3,3.0185330579,251.0306120848,-0.2338183211,2014-09-18,2014-10-16,28,2014-10-31,15.0000000000,43.0000000000,92,2014-03-05
2014,magratio_tqqq_300_floor100,2014-01-02,2014-12-31,100000.0000000000,159523.8071834423,0.5952380718,0.5998471730,3,3.0185330579,251.0306120848,-0.2338183211,2014-09-18,2014-10-16,28,2014-10-31,15.0000000000,43.0000000000,92,2014-03-05
2014,combo_qqq_50_65_floor50,2014-01-02,2014-12-31,100000.0000000000,159523.8071834423,0.5952380718,0.5998471730,3,3.0185330579,251.0306120848,-0.2338183211,2014-09-18,2014-10-16,28,2014-10-31,15.0000000000,43.0000000000,92,2014-03-05
2014,combo_tqqq_100_65_floor50,2014-01-02,2014-12-31,100000.0000000000,159523.8071834423,0.5952380718,0.5998471730,3,3.0185330579,251.0306120848,-0.2338183211,2014-09-18,2014-10-16,28,2014-10-31,15.0000000000,43.0000000000,92,2014-03-05
2014,filtered_ret_tqqq_100_return60_block_cut,2014-01-02,2014-12-31,100000.0000000000,159523.8071834423,0.5952380718,0.5998471730,3,3.0185330579,251.0306120848,-0.2338183211,2014-09-18,2014-10-16,28,2014-10-31,15.0000000000,43.0000000000,92,2014-03-05
2014,ret_qqq_150_step_up,2014-01-02,2014-12-31,100000.0000000000,159523.8071834423,0.5952380718,0.5998471730,3,3.0185330579,251.0306120848,-0.2338183211,2014-09-18,2014-10-16,28,2014-10-31,15.0000000000,43.0000000000,92,2014-03-05
2014,combo_tqqq_300_65_block_cut,2014-01-02,2014-12-31,100000.0000000000,159523.8071834423,0.5952380718,0.5998471730,3,3.0185330579,251.0306120848,-0.2338183211,2014-09-18,2014-10-16,28,2014-10-31,15.0000000000,43.0000000000,92,2014-03-05
2015,vo,2015-01-02,2015-12-31,100000.0000000000,111258.1723620664,0.1125817236,0.1133152181,5,5.0308884298,290.7741062126,-0.3639706950,2015-07-20,2015-08-24,35,,,,164,2015-07-20
2015,filtered_ret_qqq_40_return60_block_cut,2015-01-02,2015-12-31,100000.0000000000,111258.1723620664,0.1125817236,0.1133152181,5,5.0308884298,290.7741062126,-0.3639706950,2015-07-20,2015-08-24,35,,,,164,2015-07-20
2015,filtered_ret_qqq_40_return200_block_cut,2015-01-02,2015-12-31,100000.0000000000,111258.1723620664,0.1125817236,0.1133152181,5,5.0308884298,290.7741062126,-0.3639706950,2015-07-20,2015-08-24,35,,,,164,2015-07-20
2015,filtered_ret_qqq_40_sma150_block_cut,2015-01-02,2015-12-31,100000.0000000000,111258.1723620664,0.1125817236,0.1133152181,5,5.0308884298,290.7741062126,-0.3639706950,2015-07-20,2015-08-24,35,,,,164,2015-07-20
2015,filtered_ret_qqq_40_sma100_block_cut,2015-01-02,2015-12-31,100000.0000000000,111258.1723620664,0.1125817236,0.1133152181,5,5.0308884298,290.7741062126,-0.3639706950,2015-07-20,2015-08-24,35,,,,164,2015-07-20
2015,ret_qqq_40_block_cut,2015-01-02,2015-12-31,100000.0000000000,111258.1723620664,0.1125817236,0.1133152181,5,5.0308884298,290.7741062126,-0.3639706950,2015-07-20,2015-08-24,35,,,,164,2015-07-20
2015,filtered_ret_qqq_40_sma200_block_cut,2015-01-02,2015-12-31,100000.0000000000,111258.1723620664,0.1125817236,0.1133152181,5,5.0308884298,290.7741062126,-0.3639706950,2015-07-20,2015-08-24,35,,,,164,2015-07-20
2015,combo_qqq_30_65_floor50,2015-01-02,2015-12-31,100000.0000000000,111258.1723620664,0.1125817236,0.1133152181,5,5.0308884298,290.7741062126,-0.3639706950,2015-07-20,2015-08-24,35,,,,164,2015-07-20
2015,magratio_qqq_200_step_up,2015-01-02,2015-12-31,100000.0000000000,111258.1723620664,0.1125817236,0.1133152181,5,5.0308884298,290.7741062126,-0.3639706950,2015-07-20,2015-08-24,35,,,,164,2015-07-20
2015,magratio_tqqq_200_step_up,2015-01-02,2015-12-31,100000.0000000000,111258.1723620664,0.1125817236,0.1133152181,5,5.0308884298,290.7741062126,-0.3639706950,2015-07-20,2015-08-24,35,,,,164,2015-07-20
2015,filtered_ret_qqq_60_return60_block_cut,2015-01-02,2015-12-31,100000.0000000000,111258.1723620664,0.1125817236,0.1133152181,5,5.0308884298,290.7741062126,-0.3639706950,2015-07-20,2015-08-24,35,,,,164,2015-07-20
2015,filtered_ret_qqq_60_return200_block_cut,2015-01-02,2015-12-31,100000.0000000000,111258.1723620664,0.1125817236,0.1133152181,5,5.0308884298,290.7741062126,-0.3639706950,2015-07-20,2015-08-24,35,,,,164,2015-07-20
2015,ret_qqq_60_block_cut,2015-01-02,2015-12-31,100000.0000000000,111258.1723620664,0.1125817236,0.1133152181,5,5.0308884298,290.7741062126,-0.3639706950,2015-07-20,2015-08-24,35,,,,164,2015-07-20
2015,filtered_ret_qqq_60_sma150_block_cut,2015-01-02,2015-12-31,100000.0000000000,111258.1723620664,0.1125817236,0.1133152181,5,5.0308884298,290.7741062126,-0.3639706950,2015-07-20,2015-08-24,35,,,,164,2015-07-20
2015,filtered_ret_qqq_60_sma100_block_cut,2015-01-02,2015-12-31,100000.0000000000,111258.1723620664,0.1125817236,0.1133152181,5,5.0308884298,290.7741062126,-0.3639706950,2015-07-20,2015-08-24,35,,,,164,2015-07-20
2015,magratio_tqqq_300_floor100,2015-01-02,2015-12-31,100000.0000000000,111258.1723620664,0.1125817236,0.1133152181,5,5.0308884298,290.7741062126,-0.3639706950,2015-07-20,2015-08-24,35,,,,164,2015-07-20
2015,combo_qqq_50_65_floor50,2015-01-02,2015-12-31,100000.0000000000,111258.1723620664,0.1125817236,0.1133152181,5,5.0308884298,290.7741062126,-0.3639706950,2015-07-20,2015-08-24,35,,,,164,2015-07-20
2015,combo_tqqq_100_65_floor50,2015-01-02,2015-12-31,100000.0000000000,111258.1723620664,0.1125817236,0.1133152181,5,5.0308884298,290.7741062126,-0.3639706950,2015-07-20,2015-08-24,35,,,,164,2015-07-20
2015,filtered_ret_tqqq_100_return60_block_cut,2015-01-02,2015-12-31,100000.0000000000,111258.1723620664,0.1125817236,0.1133152181,5,5.0308884298,290.7741062126,-0.3639706950,2015-07-20,2015-08-24,35,,,,164,2015-07-20
2015,ret_qqq_150_step_up,2015-01-02,2015-12-31,100000.0000000000,111258.1723620664,0.1125817236,0.1133152181,5,5.0308884298,290.7741062126,-0.3639706950,2015-07-20,2015-08-24,35,,,,164,2015-07-20
2015,combo_tqqq_300_65_block_cut,2015-01-02,2015-12-31,100000.0000000000,111258.1723620664,0.1125817236,0.1133152181,5,5.0308884298,290.7741062126,-0.3639706950,2015-07-20,2015-08-24,35,,,,164,2015-07-20
2016,vo,2016-01-04,2016-12-30,100000.0000000000,118681.4368268096,0.1868143683,0.1892056061,3,3.0352562327,190.1803776196,-0.2288975134,2016-04-18,2016-06-27,70,2016-07-14,17.0000000000,87.0000000000,105,2016-01-04
2016,filtered_ret_qqq_40_return60_block_cut,2016-01-04,2016-12-30,100000.0000000000,118681.4368268096,0.1868143683,0.1892056061,3,3.0352562327,190.1803776196,-0.2288975134,2016-04-18,2016-06-27,70,2016-07-14,17.0000000000,87.0000000000,105,2016-01-04
2016,filtered_ret_qqq_40_return200_block_cut,2016-01-04,2016-12-30,100000.0000000000,118681.4368268096,0.1868143683,0.1892056061,3,3.0352562327,190.1803776196,-0.2288975134,2016-04-18,2016-06-27,70,2016-07-14,17.0000000000,87.0000000000,105,2016-01-04
2016,filtered_ret_qqq_40_sma150_block_cut,2016-01-04,2016-12-30,100000.0000000000,118681.4368268096,0.1868143683,0.1892056061,3,3.0352562327,190.1803776196,-0.2288975134,2016-04-18,2016-06-27,70,2016-07-14,17.0000000000,87.0000000000,105,2016-01-04
2016,filtered_ret_qqq_40_sma100_block_cut,2016-01-04,2016-12-30,100000.0000000000,118681.4368268096,0.1868143683,0.1892056061,3,3.0352562327,190.1803776196,-0.2288975134,2016-04-18,2016-06-27,70,2016-07-14,17.0000000000,87.0000000000,105,2016-01-04
2016,ret_qqq_40_block_cut,2016-01-04,2016-12-30,100000.0000000000,118681.4368268096,0.1868143683,0.1892056061,3,3.0352562327,190.1803776196,-0.2288975134,2016-04-18,2016-06-27,70,2016-07-14,17.0000000000,87.0000000000,105,2016-01-04
2016,filtered_ret_qqq_40_sma200_block_cut,2016-01-04,2016-12-30,100000.0000000000,118681.4368268096,0.1868143683,0.1892056061,3,3.0352562327,190.1803776196,-0.2288975134,2016-04-18,2016-06-27,70,2016-07-14,17.0000000000,87.0000000000,105,2016-01-04
2016,combo_qqq_30_65_floor50,2016-01-04,2016-12-30,100000.0000000000,118681.4368268096,0.1868143683,0.1892056061,3,3.0352562327,190.1803776196,-0.2288975134,2016-04-18,2016-06-27,70,2016-07-14,17.0000000000,87.0000000000,105,2016-01-04
2016,magratio_qqq_200_step_up,2016-01-04,2016-12-30,100000.0000000000,118681.4368268096,0.1868143683,0.1892056061,3,3.0352562327,190.1803776196,-0.2288975134,2016-04-18,2016-06-27,70,2016-07-14,17.0000000000,87.0000000000,105,2016-01-04
2016,magratio_tqqq_200_step_up,2016-01-04,2016-12-30,100000.0000000000,118681.4368268096,0.1868143683,0.1892056061,3,3.0352562327,190.1803776196,-0.2288975134,2016-04-18,2016-06-27,70,2016-07-14,17.0000000000,87.0000000000,105,2016-01-04
2016,filtered_ret_qqq_60_return60_block_cut,2016-01-04,2016-12-30,100000.0000000000,118681.4368268096,0.1868143683,0.1892056061,3,3.0352562327,190.1803776196,-0.2288975134,2016-04-18,2016-06-27,70,2016-07-14,17.0000000000,87.0000000000,105,2016-01-04
2016,filtered_ret_qqq_60_return200_block_cut,2016-01-04,2016-12-30,100000.0000000000,118681.4368268096,0.1868143683,0.1892056061,3,3.0352562327,190.1803776196,-0.2288975134,2016-04-18,2016-06-27,70,2016-07-14,17.0000000000,87.0000000000,105,2016-01-04
2016,ret_qqq_60_block_cut,2016-01-04,2016-12-30,100000.0000000000,118681.4368268096,0.1868143683,0.1892056061,3,3.0352562327,190.1803776196,-0.2288975134,2016-04-18,2016-06-27,70,2016-07-14,17.0000000000,87.0000000000,105,2016-01-04
2016,filtered_ret_qqq_60_sma150_block_cut,2016-01-04,2016-12-30,100000.0000000000,118681.4368268096,0.1868143683,0.1892056061,3,3.0352562327,190.1803776196,-0.2288975134,2016-04-18,2016-06-27,70,2016-07-14,17.0000000000,87.0000000000,105,2016-01-04
2016,filtered_ret_qqq_60_sma100_block_cut,2016-01-04,2016-12-30,100000.0000000000,118681.4368268096,0.1868143683,0.1892056061,3,3.0352562327,190.1803776196,-0.2288975134,2016-04-18,2016-06-27,70,2016-07-14,17.0000000000,87.0000000000,105,2016-01-04
2016,magratio_tqqq_300_floor100,2016-01-04,2016-12-30,100000.0000000000,118681.4368268096,0.1868143683,0.1892056061,3,3.0352562327,190.1803776196,-0.2288975134,2016-04-18,2016-06-27,70,2016-07-14,17.0000000000,87.0000000000,105,2016-01-04
2016,combo_qqq_50_65_floor50,2016-01-04,2016-12-30,100000.0000000000,118681.4368268096,0.1868143683,0.1892056061,3,3.0352562327,190.1803776196,-0.2288975134,2016-04-18,2016-06-27,70,2016-07-14,17.0000000000,87.0000000000,105,2016-01-04
2016,combo_tqqq_100_65_floor50,2016-01-04,2016-12-30,100000.0000000000,118681.4368268096,0.1868143683,0.1892056061,3,3.0352562327,190.1803776196,-0.2288975134,2016-04-18,2016-06-27,70,2016-07-14,17.0000000000,87.0000000000,105,2016-01-04
2016,filtered_ret_tqqq_100_return60_block_cut,2016-01-04,2016-12-30,100000.0000000000,118681.4368268096,0.1868143683,0.1892056061,3,3.0352562327,190.1803776196,-0.2288975134,2016-04-18,2016-06-27,70,2016-07-14,17.0000000000,87.0000000000,105,2016-01-04
2016,ret_qqq_150_step_up,2016-01-04,2016-12-30,100000.0000000000,118681.4368268096,0.1868143683,0.1892056061,3,3.0352562327,190.1803776196,-0.2288975134,2016-04-18,2016-06-27,70,2016-07-14,17.0000000000,87.0000000000,105,2016-01-04
2016,combo_tqqq_300_65_block_cut,2016-01-04,2016-12-30,100000.0000000000,118681.4368268096,0.1868143683,0.1892056061,3,3.0352562327,190.1803776196,-0.2288975134,2016-04-18,2016-06-27,70,2016-07-14,17.0000000000,87.0000000000,105,2016-01-04
2017,vo,2017-01-03,2017-12-29,100000.0000000000,213841.4891188632,1.1384148912,1.1622152912,1,1.0145625000,99.8981038936,-0.1466025959,2017-06-08,2017-07-03,25,2017-07-19,16.0000000000,41.0000000000,41,2017-06-08
2017,filtered_ret_qqq_40_return60_block_cut,2017-01-03,2017-12-29,100000.0000000000,213841.4891188632,1.1384148912,1.1622152912,1,1.0145625000,99.8981038936,-0.1466025959,2017-06-08,2017-07-03,25,2017-07-19,16.0000000000,41.0000000000,41,2017-06-08
2017,filtered_ret_qqq_40_return200_block_cut,2017-01-03,2017-12-29,100000.0000000000,213841.4891188632,1.1384148912,1.1622152912,1,1.0145625000,99.8981038936,-0.1466025959,2017-06-08,2017-07-03,25,2017-07-19,16.0000000000,41.0000000000,41,2017-06-08
2017,filtered_ret_qqq_40_sma150_block_cut,2017-01-03,2017-12-29,100000.0000000000,213841.4891188632,1.1384148912,1.1622152912,1,1.0145625000,99.8981038936,-0.1466025959,2017-06-08,2017-07-03,25,2017-07-19,16.0000000000,41.0000000000,41,2017-06-08
2017,filtered_ret_qqq_40_sma100_block_cut,2017-01-03,2017-12-29,100000.0000000000,213841.4891188632,1.1384148912,1.1622152912,1,1.0145625000,99.8981038936,-0.1466025959,2017-06-08,2017-07-03,25,2017-07-19,16.0000000000,41.0000000000,41,2017-06-08
2017,ret_qqq_40_block_cut,2017-01-03,2017-12-29,100000.0000000000,213841.4891188632,1.1384148912,1.1622152912,1,1.0145625000,99.8981038936,-0.1466025959,2017-06-08,2017-07-03,25,2017-07-19,16.0000000000,41.0000000000,41,2017-06-08
2017,filtered_ret_qqq_40_sma200_block_cut,2017-01-03,2017-12-29,100000.0000000000,213841.4891188632,1.1384148912,1.1622152912,1,1.0145625000,99.8981038936,-0.1466025959,2017-06-08,2017-07-03,25,2017-07-19,16.0000000000,41.0000000000,41,2017-06-08
2017,combo_qqq_30_65_floor50,2017-01-03,2017-12-29,100000.0000000000,213841.4891188632,1.1384148912,1.1622152912,1,1.0145625000,99.8981038936,-0.1466025959,2017-06-08,2017-07-03,25,2017-07-19,16.0000000000,41.0000000000,41,2017-06-08
2017,magratio_qqq_200_step_up,2017-01-03,2017-12-29,100000.0000000000,213841.4891188632,1.1384148912,1.1622152912,1,1.0145625000,99.8981038936,-0.1466025959,2017-06-08,2017-07-03,25,2017-07-19,16.0000000000,41.0000000000,41,2017-06-08
2017,magratio_tqqq_200_step_up,2017-01-03,2017-12-29,100000.0000000000,213841.4891188632,1.1384148912,1.1622152912,1,1.0145625000,99.8981038936,-0.1466025959,2017-06-08,2017-07-03,25,2017-07-19,16.0000000000,41.0000000000,41,2017-06-08
2017,filtered_ret_qqq_60_return60_block_cut,2017-01-03,2017-12-29,100000.0000000000,213841.4891188632,1.1384148912,1.1622152912,1,1.0145625000,99.8981038936,-0.1466025959,2017-06-08,2017-07-03,25,2017-07-19,16.0000000000,41.0000000000,41,2017-06-08
2017,filtered_ret_qqq_60_return200_block_cut,2017-01-03,2017-12-29,100000.0000000000,213841.4891188632,1.1384148912,1.1622152912,1,1.0145625000,99.8981038936,-0.1466025959,2017-06-08,2017-07-03,25,2017-07-19,16.0000000000,41.0000000000,41,2017-06-08
2017,ret_qqq_60_block_cut,2017-01-03,2017-12-29,100000.0000000000,213841.4891188632,1.1384148912,1.1622152912,1,1.0145625000,99.8981038936,-0.1466025959,2017-06-08,2017-07-03,25,2017-07-19,16.0000000000,41.0000000000,41,2017-06-08
2017,filtered_ret_qqq_60_sma150_block_cut,2017-01-03,2017-12-29,100000.0000000000,213841.4891188632,1.1384148912,1.1622152912,1,1.0145625000,99.8981038936,-0.1466025959,2017-06-08,2017-07-03,25,2017-07-19,16.0000000000,41.0000000000,41,2017-06-08
2017,filtered_ret_qqq_60_sma100_block_cut,2017-01-03,2017-12-29,100000.0000000000,213841.4891188632,1.1384148912,1.1622152912,1,1.0145625000,99.8981038936,-0.1466025959,2017-06-08,2017-07-03,25,2017-07-19,16.0000000000,41.0000000000,41,2017-06-08
2017,magratio_tqqq_300_floor100,2017-01-03,2017-12-29,100000.0000000000,213841.4891188632,1.1384148912,1.1622152912,1,1.0145625000,99.8981038936,-0.1466025959,2017-06-08,2017-07-03,25,2017-07-19,16.0000000000,41.0000000000,41,2017-06-08
2017,combo_qqq_50_65_floor50,2017-01-03,2017-12-29,100000.0000000000,213841.4891188632,1.1384148912,1.1622152912,1,1.0145625000,99.8981038936,-0.1466025959,2017-06-08,2017-07-03,25,2017-07-19,16.0000000000,41.0000000000,41,2017-06-08
2017,combo_tqqq_100_65_floor50,2017-01-03,2017-12-29,100000.0000000000,213841.4891188632,1.1384148912,1.1622152912,1,1.0145625000,99.8981038936,-0.1466025959,2017-06-08,2017-07-03,25,2017-07-19,16.0000000000,41.0000000000,41,2017-06-08
2017,filtered_ret_tqqq_100_return60_block_cut,2017-01-03,2017-12-29,100000.0000000000,213841.4891188632,1.1384148912,1.1622152912,1,1.0145625000,99.8981038936,-0.1466025959,2017-06-08,2017-07-03,25,2017-07-19,16.0000000000,41.0000000000,41,2017-06-08
2017,ret_qqq_150_step_up,2017-01-03,2017-12-29,100000.0000000000,213841.4891188632,1.1384148912,1.1622152912,1,1.0145625000,99.8981038936,-0.1466025959,2017-06-08,2017-07-03,25,2017-07-19,16.0000000000,41.0000000000,41,2017-06-08
2017,combo_tqqq_300_65_block_cut,2017-01-03,2017-12-29,100000.0000000000,213841.4891188632,1.1384148912,1.1622152912,1,1.0145625000,99.8981038936,-0.1466025959,2017-06-08,2017-07-03,25,2017-07-19,16.0000000000,41.0000000000,41,2017-06-08
2018,vo,2018-01-02,2018-12-31,100000.0000000000,99545.0790482549,-0.0045492095,-0.0045772487,7,7.0432438017,410.3683853242,-0.3296412372,2018-08-29,2018-12-24,117,,,,180,2018-01-26
2018,filtered_ret_qqq_40_return60_block_cut,2018-01-02,2018-12-31,100000.0000000000,99545.0790482549,-0.0045492095,-0.0045772487,7,7.0432438017,410.3683853242,-0.3296412372,2018-08-29,2018-12-24,117,,,,180,2018-01-26
2018,filtered_ret_qqq_40_return200_block_cut,2018-01-02,2018-12-31,100000.0000000000,99545.0790482549,-0.0045492095,-0.0045772487,7,7.0432438017,410.3683853242,-0.3296412372,2018-08-29,2018-12-24,117,,,,180,2018-01-26
2018,filtered_ret_qqq_40_sma150_block_cut,2018-01-02,2018-12-31,100000.0000000000,99545.0790482549,-0.0045492095,-0.0045772487,7,7.0432438017,410.3683853242,-0.3296412372,2018-08-29,2018-12-24,117,,,,180,2018-01-26
2018,filtered_ret_qqq_40_sma100_block_cut,2018-01-02,2018-12-31,100000.0000000000,99545.0790482549,-0.0045492095,-0.0045772487,7,7.0432438017,410.3683853242,-0.3296412372,2018-08-29,2018-12-24,117,,,,180,2018-01-26
2018,ret_qqq_40_block_cut,2018-01-02,2018-12-31,100000.0000000000,99545.0790482549,-0.0045492095,-0.0045772487,7,7.0432438017,410.3683853242,-0.3296412372,2018-08-29,2018-12-24,117,,,,180,2018-01-26
2018,filtered_ret_qqq_40_sma200_block_cut,2018-01-02,2018-12-31,100000.0000000000,99545.0790482549,-0.0045492095,-0.0045772487,7,7.0432438017,410.3683853242,-0.3296412372,2018-08-29,2018-12-24,117,,,,180,2018-01-26
2018,combo_qqq_30_65_floor50,2018-01-02,2018-12-31,100000.0000000000,99545.0790482549,-0.0045492095,-0.0045772487,7,7.0432438017,410.3683853242,-0.3296412372,2018-08-29,2018-12-24,117,,,,180,2018-01-26
2018,magratio_qqq_200_step_up,2018-01-02,2018-12-31,100000.0000000000,99545.0790482549,-0.0045492095,-0.0045772487,7,7.0432438017,410.3683853242,-0.3296412372,2018-08-29,2018-12-24,117,,,,180,2018-01-26
2018,magratio_tqqq_200_step_up,2018-01-02,2018-12-31,100000.0000000000,99545.0790482549,-0.0045492095,-0.0045772487,7,7.0432438017,410.3683853242,-0.3296412372,2018-08-29,2018-12-24,117,,,,180,2018-01-26
2018,filtered_ret_qqq_60_return60_block_cut,2018-01-02,2018-12-31,100000.0000000000,99545.0790482549,-0.0045492095,-0.0045772487,7,7.0432438017,410.3683853242,-0.3296412372,2018-08-29,2018-12-24,117,,,,180,2018-01-26
2018,filtered_ret_qqq_60_return200_block_cut,2018-01-02,2018-12-31,100000.0000000000,99545.0790482549,-0.0045492095,-0.0045772487,7,7.0432438017,410.3683853242,-0.3296412372,2018-08-29,2018-12-24,117,,,,180,2018-01-26
2018,ret_qqq_60_block_cut,2018-01-02,2018-12-31,100000.0000000000,99545.0790482549,-0.0045492095,-0.0045772487,7,7.0432438017,410.3683853242,-0.3296412372,2018-08-29,2018-12-24,117,,,,180,2018-01-26
2018,filtered_ret_qqq_60_sma150_block_cut,2018-01-02,2018-12-31,100000.0000000000,99545.0790482549,-0.0045492095,-0.0045772487,7,7.0432438017,410.3683853242,-0.3296412372,2018-08-29,2018-12-24,117,,,,180,2018-01-26
2018,filtered_ret_qqq_60_sma100_block_cut,2018-01-02,2018-12-31,100000.0000000000,99545.0790482549,-0.0045492095,-0.0045772487,7,7.0432438017,410.3683853242,-0.3296412372,2018-08-29,2018-12-24,117,,,,180,2018-01-26
2018,magratio_tqqq_300_floor100,2018-01-02,2018-12-31,100000.0000000000,99545.0790482549,-0.0045492095,-0.0045772487,7,7.0432438017,410.3683853242,-0.3296412372,2018-08-29,2018-12-24,117,,,,180,2018-01-26
2018,combo_qqq_50_65_floor50,2018-01-02,2018-12-31,100000.0000000000,99545.0790482549,-0.0045492095,-0.0045772487,7,7.0432438017,410.3683853242,-0.3296412372,2018-08-29,2018-12-24,117,,,,180,2018-01-26
2018,combo_tqqq_100_65_floor50,2018-01-02,2018-12-31,100000.0000000000,99545.0790482549,-0.0045492095,-0.0045772487,7,7.0432438017,410.3683853242,-0.3296412372,2018-08-29,2018-12-24,117,,,,180,2018-01-26
2018,filtered_ret_tqqq_100_return60_block_cut,2018-01-02,2018-12-31,100000.0000000000,99545.0790482549,-0.0045492095,-0.0045772487,7,7.0432438017,410.3683853242,-0.3296412372,2018-08-29,2018-12-24,117,,,,180,2018-01-26
2018,ret_qqq_150_step_up,2018-01-02,2018-12-31,100000.0000000000,99545.0790482549,-0.0045492095,-0.0045772487,7,7.0432438017,410.3683853242,-0.3296412372,2018-08-29,2018-12-24,117,,,,180,2018-01-26
2018,combo_tqqq_300_65_block_cut,2018-01-02,2018-12-31,100000.0000000000,99545.0790482549,-0.0045492095,-0.0045772487,7,7.0432438017,410.3683853242,-0.3296412372,2018-08-29,2018-12-24,117,,,,180,2018-01-26
2019,vo,2019-01-02,2019-12-31,100000.0000000000,163398.0819546068,0.6339808195,0.6389448011,10,10.0617768595,545.8191586489,-0.3049904248,2019-04-29,2019-06-03,35,2019-11-12,162.0000000000,197.0000000000,197,2019-04-29
2019,filtered_ret_qqq_40_return60_block_cut,2019-01-02,2019-12-31,100000.0000000000,163398.0819546068,0.6339808195,0.6389448011,10,10.0617768595,545.8191586489,-0.3049904248,2019-04-29,2019-06-03,35,2019-11-12,162.0000000000,197.0000000000,197,2019-04-29
2019,filtered_ret_qqq_40_return200_block_cut,2019-01-02,2019-12-31,100000.0000000000,163398.0819546068,0.6339808195,0.6389448011,10,10.0617768595,545.8191586489,-0.3049904248,2019-04-29,2019-06-03,35,2019-11-12,162.0000000000,197.0000000000,197,2019-04-29
2019,filtered_ret_qqq_40_sma150_block_cut,2019-01-02,2019-12-31,100000.0000000000,163398.0819546068,0.6339808195,0.6389448011,10,10.0617768595,545.8191586489,-0.3049904248,2019-04-29,2019-06-03,35,2019-11-12,162.0000000000,197.0000000000,197,2019-04-29
2019,filtered_ret_qqq_40_sma100_block_cut,2019-01-02,2019-12-31,100000.0000000000,163398.0819546068,0.6339808195,0.6389448011,10,10.0617768595,545.8191586489,-0.3049904248,2019-04-29,2019-06-03,35,2019-11-12,162.0000000000,197.0000000000,197,2019-04-29
2019,ret_qqq_40_block_cut,2019-01-02,2019-12-31,100000.0000000000,163398.0819546068,0.6339808195,0.6389448011,10,10.0617768595,545.8191586489,-0.3049904248,2019-04-29,2019-06-03,35,2019-11-12,162.0000000000,197.0000000000,197,2019-04-29
2019,filtered_ret_qqq_40_sma200_block_cut,2019-01-02,2019-12-31,100000.0000000000,163398.0819546068,0.6339808195,0.6389448011,10,10.0617768595,545.8191586489,-0.3049904248,2019-04-29,2019-06-03,35,2019-11-12,162.0000000000,197.0000000000,197,2019-04-29
2019,combo_qqq_30_65_floor50,2019-01-02,2019-12-31,100000.0000000000,162191.7249043849,0.6219172490,0.6267701088,10,10.0617768595,542.5236592628,-0.3049968896,2019-04-29,2019-06-03,35,2019-11-12,162.0000000000,197.0000000000,197,2019-04-29
2019,magratio_qqq_200_step_up,2019-01-02,2019-12-31,100000.0000000000,161345.8243825938,0.6134582438,0.6182335182,13,13.0803099174,739.9482535912,-0.3049877469,2019-04-29,2019-06-03,35,2019-11-12,162.0000000000,197.0000000000,197,2019-04-29
2019,magratio_tqqq_200_step_up,2019-01-02,2019-12-31,100000.0000000000,161345.8243825938,0.6134582438,0.6182335182,13,13.0803099174,739.9482535912,-0.3049877469,2019-04-29,2019-06-03,35,2019-11-12,162.0000000000,197.0000000000,197,2019-04-29
2019,filtered_ret_qqq_60_return60_block_cut,2019-01-02,2019-12-31,100000.0000000000,163398.0819546068,0.6339808195,0.6389448011,10,10.0617768595,545.8191586489,-0.3049904248,2019-04-29,2019-06-03,35,2019-11-12,162.0000000000,197.0000000000,197,2019-04-29
2019,filtered_ret_qqq_60_return200_block_cut,2019-01-02,2019-12-31,100000.0000000000,163398.0819546068,0.6339808195,0.6389448011,10,10.0617768595,545.8191586489,-0.3049904248,2019-04-29,2019-06-03,35,2019-11-12,162.0000000000,197.0000000000,197,2019-04-29
2019,ret_qqq_60_block_cut,2019-01-02,2019-12-31,100000.0000000000,163398.0819546068,0.6339808195,0.6389448011,10,10.0617768595,545.8191586489,-0.3049904248,2019-04-29,2019-06-03,35,2019-11-12,162.0000000000,197.0000000000,197,2019-04-29
2019,filtered_ret_qqq_60_sma150_block_cut,2019-01-02,2019-12-31,100000.0000000000,163398.0819546068,0.6339808195,0.6389448011,10,10.0617768595,545.8191586489,-0.3049904248,2019-04-29,2019-06-03,35,2019-11-12,162.0000000000,197.0000000000,197,2019-04-29
2019,filtered_ret_qqq_60_sma100_block_cut,2019-01-02,2019-12-31,100000.0000000000,163398.0819546068,0.6339808195,0.6389448011,10,10.0617768595,545.8191586489,-0.3049904248,2019-04-29,2019-06-03,35,2019-11-12,162.0000000000,197.0000000000,197,2019-04-29
2019,magratio_tqqq_300_floor100,2019-01-02,2019-12-31,100000.0000000000,163398.0819546068,0.6339808195,0.6389448011,10,10.0617768595,545.8191586489,-0.3049904248,2019-04-29,2019-06-03,35,2019-11-12,162.0000000000,197.0000000000,197,2019-04-29
2019,combo_qqq_50_65_floor50,2019-01-02,2019-12-31,100000.0000000000,162191.7249043849,0.6219172490,0.6267701088,10,10.0617768595,542.5236592628,-0.3049968896,2019-04-29,2019-06-03,35,2019-11-12,162.0000000000,197.0000000000,197,2019-04-29
2019,combo_tqqq_100_65_floor50,2019-01-02,2019-12-31,100000.0000000000,162191.7249043849,0.6219172490,0.6267701088,10,10.0617768595,542.5236592628,-0.3049968896,2019-04-29,2019-06-03,35,2019-11-12,162.0000000000,197.0000000000,197,2019-04-29
2019,filtered_ret_tqqq_100_return60_block_cut,2019-01-02,2019-12-31,100000.0000000000,163398.0819546068,0.6339808195,0.6389448011,10,10.0617768595,545.8191586489,-0.3049904248,2019-04-29,2019-06-03,35,2019-11-12,162.0000000000,197.0000000000,197,2019-04-29
2019,ret_qqq_150_step_up,2019-01-02,2019-12-31,100000.0000000000,163400.8490787490,0.6340084908,0.6389727279,11,11.0679545455,645.8265420196,-0.3049843577,2019-04-29,2019-06-03,35,2019-11-12,162.0000000000,197.0000000000,197,2019-04-29
2019,combo_tqqq_300_65_block_cut,2019-01-02,2019-12-31,100000.0000000000,163398.0819546068,0.6339808195,0.6389448011,10,10.0617768595,545.8191586489,-0.3049904248,2019-04-29,2019-06-03,35,2019-11-12,162.0000000000,197.0000000000,197,2019-04-29
2020,vo,2020-01-02,2020-12-31,100000.0000000000,140467.7433936635,0.4046774339,0.4063076934,17,17.0580288462,1017.0621995457,-0.3011550152,2020-02-19,2020-02-27,8,2020-08-25,180.0000000000,188.0000000000,188,2020-02-19
2020,filtered_ret_qqq_40_return60_block_cut,2020-01-02,2020-12-31,100000.0000000000,166280.6617598041,0.6628066176,0.6656953718,11,11.0375480769,713.1771153791,-0.3320320087,2020-09-02,2020-10-30,58,,,,142,2020-02-19
2020,filtered_ret_qqq_40_return200_block_cut,2020-01-02,2020-12-31,100000.0000000000,166280.6617598041,0.6628066176,0.6656953718,11,11.0375480769,713.1771153791,-0.3320320087,2020-09-02,2020-10-30,58,,,,142,2020-02-19
2020,filtered_ret_qqq_40_sma150_block_cut,2020-01-02,2020-12-31,100000.0000000000,166280.6617598041,0.6628066176,0.6656953718,11,11.0375480769,713.1771153791,-0.3320320087,2020-09-02,2020-10-30,58,,,,142,2020-02-19
2020,filtered_ret_qqq_40_sma100_block_cut,2020-01-02,2020-12-31,100000.0000000000,166280.6617598041,0.6628066176,0.6656953718,11,11.0375480769,713.1771153791,-0.3320320087,2020-09-02,2020-10-30,58,,,,142,2020-02-19
2020,ret_qqq_40_block_cut,2020-01-02,2020-12-31,100000.0000000000,166280.6617598041,0.6628066176,0.6656953718,11,11.0375480769,713.1771153791,-0.3320320087,2020-09-02,2020-10-30,58,,,,142,2020-02-19
2020,filtered_ret_qqq_40_sma200_block_cut,2020-01-02,2020-12-31,100000.0000000000,166280.6617598041,0.6628066176,0.6656953718,11,11.0375480769,713.1771153791,-0.3320320087,2020-09-02,2020-10-30,58,,,,142,2020-02-19
2020,combo_qqq_30_65_floor50,2020-01-02,2020-12-31,100000.0000000000,154206.0831146347,0.5420608311,0.5443423579,17,17.0580288462,1087.9438135211,-0.3011550152,2020-02-19,2020-02-27,8,2020-08-05,160.0000000000,168.0000000000,168,2020-02-19
2020,magratio_qqq_200_step_up,2020-01-02,2020-12-31,100000.0000000000,145917.8288043857,0.4591782880,0.4610616330,35,35.1194711538,1965.7487429537,-0.3011550152,2020-02-19,2020-02-27,8,2020-08-26,181.0000000000,189.0000000000,189,2020-02-19
2020,magratio_tqqq_200_step_up,2020-01-02,2020-12-31,100000.0000000000,145917.8288043857,0.4591782880,0.4610616330,35,35.1194711538,1965.7487429537,-0.3011550152,2020-02-19,2020-02-27,8,2020-08-26,181.0000000000,189.0000000000,189,2020-02-19
2020,filtered_ret_qqq_60_return60_block_cut,2020-01-02,2020-12-31,100000.0000000000,144000.5775939407,0.4400057759,0.4417992800,15,15.0512019231,902.8593580201,-0.3320179201,2020-09-02,2020-10-30,58,,,,142,2020-02-19
2020,filtered_ret_qqq_60_return200_block_cut,2020-01-02,2020-12-31,100000.0000000000,144000.5775939407,0.4400057759,0.4417992800,15,15.0512019231,902.8593580201,-0.3320179201,2020-09-02,2020-10-30,58,,,,142,2020-02-19
2020,ret_qqq_60_block_cut,2020-01-02,2020-12-31,100000.0000000000,144000.5775939407,0.4400057759,0.4417992800,15,15.0512019231,902.8593580201,-0.3320179201,2020-09-02,2020-10-30,58,,,,142,2020-02-19
2020,filtered_ret_qqq_60_sma150_block_cut,2020-01-02,2020-12-31,100000.0000000000,144000.5775939407,0.4400057759,0.4417992800,15,15.0512019231,902.8593580201,-0.3320179201,2020-09-02,2020-10-30,58,,,,142,2020-02-19
2020,filtered_ret_qqq_60_sma100_block_cut,2020-01-02,2020-12-31,100000.0000000000,144000.5775939407,0.4400057759,0.4417992800,15,15.0512019231,902.8593580201,-0.3320179201,2020-09-02,2020-10-30,58,,,,142,2020-02-19
2020,magratio_tqqq_300_floor100,2020-01-02,2020-12-31,100000.0000000000,140467.7433936635,0.4046774339,0.4063076934,17,17.0580288462,1017.0621995457,-0.3011550152,2020-02-19,2020-02-27,8,2020-08-25,180.0000000000,188.0000000000,188,2020-02-19
2020,combo_qqq_50_65_floor50,2020-01-02,2020-12-31,100000.0000000000,154206.0831146347,0.5420608311,0.5443423579,17,17.0580288462,1087.9438135211,-0.3011550152,2020-02-19,2020-02-27,8,2020-08-05,160.0000000000,168.0000000000,168,2020-02-19
2020,combo_tqqq_100_65_floor50,2020-01-02,2020-12-31,100000.0000000000,154206.0831146347,0.5420608311,0.5443423579,17,17.0580288462,1087.9438135211,-0.3011550152,2020-02-19,2020-02-27,8,2020-08-05,160.0000000000,168.0000000000,168,2020-02-19
2020,filtered_ret_tqqq_100_return60_block_cut,2020-01-02,2020-12-31,100000.0000000000,166451.9874896184,0.6645198749,0.6674174668,13,13.0443750000,861.7261462635,-0.3320320087,2020-09-02,2020-10-30,58,,,,142,2020-02-19
2020,ret_qqq_150_step_up,2020-01-02,2020-12-31,100000.0000000000,152387.6395857031,0.5238763959,0.5260692237,23,23.0785096154,1389.8644212288,-0.3011550152,2020-02-19,2020-02-27,8,2020-08-06,161.0000000000,169.0000000000,169,2020-02-19
2020,combo_tqqq_300_65_block_cut,2020-01-02,2020-12-31,100000.0000000000,143787.5976403551,0.4378759764,0.4396595542,15,15.0512019231,883.8253721911,-0.3011550152,2020-02-19,2020-02-27,8,2020-08-25,180.0000000000,188.0000000000,188,2020-02-19
2021,vo,2021-01-04,2021-12-31,100000.0000000000,166185.1691543786,0.6618516915,0.6718013857,6,6.0705124654,395.7074817080,-0.2461290569,2021-02-12,2021-05-12,89,2021-06-24,43.0000000000,132.0000000000,132,2021-02-12
2021,filtered_ret_qqq_40_return60_block_cut,2021-01-04,2021-12-31,100000.0000000000,165454.1932818010,0.6545419328,0.6643616360,4,4.0470083102,280.8664845211,-0.2666028677,2021-02-12,2021-05-12,89,2021-06-28,47.0000000000,136.0000000000,136,2021-02-12
2021,filtered_ret_qqq_40_return200_block_cut,2021-01-04,2021-12-31,100000.0000000000,165454.1932818010,0.6545419328,0.6643616360,4,4.0470083102,280.8664845211,-0.2666028677,2021-02-12,2021-05-12,89,2021-06-28,47.0000000000,136.0000000000,136,2021-02-12
2021,filtered_ret_qqq_40_sma150_block_cut,2021-01-04,2021-12-31,100000.0000000000,165454.1932818010,0.6545419328,0.6643616360,4,4.0470083102,280.8664845211,-0.2666028677,2021-02-12,2021-05-12,89,2021-06-28,47.0000000000,136.0000000000,136,2021-02-12
2021,filtered_ret_qqq_40_sma100_block_cut,2021-01-04,2021-12-31,100000.0000000000,165454.1932818010,0.6545419328,0.6643616360,4,4.0470083102,280.8664845211,-0.2666028677,2021-02-12,2021-05-12,89,2021-06-28,47.0000000000,136.0000000000,136,2021-02-12
2021,ret_qqq_40_block_cut,2021-01-04,2021-12-31,100000.0000000000,165454.1932818010,0.6545419328,0.6643616360,4,4.0470083102,280.8664845211,-0.2666028677,2021-02-12,2021-05-12,89,2021-06-28,47.0000000000,136.0000000000,136,2021-02-12
2021,filtered_ret_qqq_40_sma200_block_cut,2021-01-04,2021-12-31,100000.0000000000,165454.1932818010,0.6545419328,0.6643616360,4,4.0470083102,280.8664845211,-0.2666028677,2021-02-12,2021-05-12,89,2021-06-28,47.0000000000,136.0000000000,136,2021-02-12
2021,combo_qqq_30_65_floor50,2021-01-04,2021-12-31,100000.0000000000,166185.1691543786,0.6618516915,0.6718013857,6,6.0705124654,395.7074817080,-0.2461290569,2021-02-12,2021-05-12,89,2021-06-24,43.0000000000,132.0000000000,132,2021-02-12
2021,magratio_qqq_200_step_up,2021-01-04,2021-12-31,100000.0000000000,167406.0934497460,0.6740609345,0.6842286050,8,8.0940166205,503.3412414391,-0.2406282150,2021-02-12,2021-05-12,89,2021-06-24,43.0000000000,132.0000000000,132,2021-02-12
2021,magratio_tqqq_200_step_up,2021-01-04,2021-12-31,100000.0000000000,167406.0934497460,0.6740609345,0.6842286050,8,8.0940166205,503.3412414391,-0.2406282150,2021-02-12,2021-05-12,89,2021-06-24,43.0000000000,132.0000000000,132,2021-02-12
2021,filtered_ret_qqq_60_return60_block_cut,2021-01-04,2021-12-31,100000.0000000000,165454.1932818010,0.6545419328,0.6643616360,4,4.0470083102,280.8664845211,-0.2666028677,2021-02-12,2021-05-12,89,2021-06-28,47.0000000000,136.0000000000,136,2021-02-12
2021,filtered_ret_qqq_60_return200_block_cut,2021-01-04,2021-12-31,100000.0000000000,165454.1932818010,0.6545419328,0.6643616360,4,4.0470083102,280.8664845211,-0.2666028677,2021-02-12,2021-05-12,89,2021-06-28,47.0000000000,136.0000000000,136,2021-02-12
2021,ret_qqq_60_block_cut,2021-01-04,2021-12-31,100000.0000000000,165454.1932818010,0.6545419328,0.6643616360,4,4.0470083102,280.8664845211,-0.2666028677,2021-02-12,2021-05-12,89,2021-06-28,47.0000000000,136.0000000000,136,2021-02-12
2021,filtered_ret_qqq_60_sma150_block_cut,2021-01-04,2021-12-31,100000.0000000000,165454.1932818010,0.6545419328,0.6643616360,4,4.0470083102,280.8664845211,-0.2666028677,2021-02-12,2021-05-12,89,2021-06-28,47.0000000000,136.0000000000,136,2021-02-12
2021,filtered_ret_qqq_60_sma100_block_cut,2021-01-04,2021-12-31,100000.0000000000,165454.1932818010,0.6545419328,0.6643616360,4,4.0470083102,280.8664845211,-0.2666028677,2021-02-12,2021-05-12,89,2021-06-28,47.0000000000,136.0000000000,136,2021-02-12
2021,magratio_tqqq_300_floor100,2021-01-04,2021-12-31,100000.0000000000,166185.1691543786,0.6618516915,0.6718013857,6,6.0705124654,395.7074817080,-0.2461290569,2021-02-12,2021-05-12,89,2021-06-24,43.0000000000,132.0000000000,132,2021-02-12
2021,combo_qqq_50_65_floor50,2021-01-04,2021-12-31,100000.0000000000,166185.1691543786,0.6618516915,0.6718013857,6,6.0705124654,395.7074817080,-0.2461290569,2021-02-12,2021-05-12,89,2021-06-24,43.0000000000,132.0000000000,132,2021-02-12
2021,combo_tqqq_100_65_floor50,2021-01-04,2021-12-31,100000.0000000000,166185.1691543786,0.6618516915,0.6718013857,6,6.0705124654,395.7074817080,-0.2461290569,2021-02-12,2021-05-12,89,2021-06-24,43.0000000000,132.0000000000,132,2021-02-12
2021,filtered_ret_tqqq_100_return60_block_cut,2021-01-04,2021-12-31,100000.0000000000,165454.1932818010,0.6545419328,0.6643616360,4,4.0470083102,280.8664845211,-0.2666028677,2021-02-12,2021-05-12,89,2021-06-28,47.0000000000,136.0000000000,136,2021-02-12
2021,ret_qqq_150_step_up,2021-01-04,2021-12-31,100000.0000000000,166185.1691543786,0.6618516915,0.6718013857,6,6.0705124654,395.7074817080,-0.2461290569,2021-02-12,2021-05-12,89,2021-06-24,43.0000000000,132.0000000000,132,2021-02-12
2021,combo_tqqq_300_65_block_cut,2021-01-04,2021-12-31,100000.0000000000,166185.1691543786,0.6618516915,0.6718013857,6,6.0705124654,395.7074817080,-0.2461290569,2021-02-12,2021-05-12,89,2021-06-24,43.0000000000,132.0000000000,132,2021-02-12
2022,vo,2022-01-03,2022-12-30,100000.0000000000,61708.2829027094,-0.3829171710,-0.3864081790,15,15.1762811634,526.0111125542,-0.4311616205,2022-01-03,2022-09-30,270,,,,361,2022-01-03
2022,filtered_ret_qqq_40_return60_block_cut,2022-01-03,2022-12-30,100000.0000000000,61708.2829027094,-0.3829171710,-0.3864081790,15,15.1762811634,526.0111125542,-0.4311616205,2022-01-03,2022-09-30,270,,,,361,2022-01-03
2022,filtered_ret_qqq_40_return200_block_cut,2022-01-03,2022-12-30,100000.0000000000,61708.2829027094,-0.3829171710,-0.3864081790,15,15.1762811634,526.0111125542,-0.4311616205,2022-01-03,2022-09-30,270,,,,361,2022-01-03
2022,filtered_ret_qqq_40_sma150_block_cut,2022-01-03,2022-12-30,100000.0000000000,61708.2829027094,-0.3829171710,-0.3864081790,15,15.1762811634,526.0111125542,-0.4311616205,2022-01-03,2022-09-30,270,,,,361,2022-01-03
2022,filtered_ret_qqq_40_sma100_block_cut,2022-01-03,2022-12-30,100000.0000000000,61708.2829027094,-0.3829171710,-0.3864081790,15,15.1762811634,526.0111125542,-0.4311616205,2022-01-03,2022-09-30,270,,,,361,2022-01-03
2022,ret_qqq_40_block_cut,2022-01-03,2022-12-30,100000.0000000000,61708.2829027094,-0.3829171710,-0.3864081790,15,15.1762811634,526.0111125542,-0.4311616205,2022-01-03,2022-09-30,270,,,,361,2022-01-03
2022,filtered_ret_qqq_40_sma200_block_cut,2022-01-03,2022-12-30,100000.0000000000,61708.2829027094,-0.3829171710,-0.3864081790,15,15.1762811634,526.0111125542,-0.4311616205,2022-01-03,2022-09-30,270,,,,361,2022-01-03
2022,combo_qqq_30_65_floor50,2022-01-03,2022-12-30,100000.0000000000,59988.0557049219,-0.4001194430,-0.4037112905,25,25.2938019391,856.0795948330,-0.4369553372,2022-01-03,2022-09-30,270,,,,361,2022-01-03
2022,magratio_qqq_200_step_up,2022-01-03,2022-12-30,100000.0000000000,64535.6723084866,-0.3546432769,-0.3579562958,18,18.2115373961,686.6244467074,-0.4032803640,2022-01-03,2022-09-30,270,,,,361,2022-01-03
2022,magratio_tqqq_200_step_up,2022-01-03,2022-12-30,100000.0000000000,64535.6723084866,-0.3546432769,-0.3579562958,18,18.2115373961,686.6244467074,-0.4032803640,2022-01-03,2022-09-30,270,,,,361,2022-01-03
2022,filtered_ret_qqq_60_return60_block_cut,2022-01-03,2022-12-30,100000.0000000000,61708.2829027094,-0.3829171710,-0.3864081790,15,15.1762811634,526.0111125542,-0.4311616205,2022-01-03,2022-09-30,270,,,,361,2022-01-03
2022,filtered_ret_qqq_60_return200_block_cut,2022-01-03,2022-12-30,100000.0000000000,61708.2829027094,-0.3829171710,-0.3864081790,15,15.1762811634,526.0111125542,-0.4311616205,2022-01-03,2022-09-30,270,,,,361,2022-01-03
2022,ret_qqq_60_block_cut,2022-01-03,2022-12-30,100000.0000000000,61708.2829027094,-0.3829171710,-0.3864081790,15,15.1762811634,526.0111125542,-0.4311616205,2022-01-03,2022-09-30,270,,,,361,2022-01-03
2022,filtered_ret_qqq_60_sma150_block_cut,2022-01-03,2022-12-30,100000.0000000000,61708.2829027094,-0.3829171710,-0.3864081790,15,15.1762811634,526.0111125542,-0.4311616205,2022-01-03,2022-09-30,270,,,,361,2022-01-03
2022,filtered_ret_qqq_60_sma100_block_cut,2022-01-03,2022-12-30,100000.0000000000,61708.2829027094,-0.3829171710,-0.3864081790,15,15.1762811634,526.0111125542,-0.4311616205,2022-01-03,2022-09-30,270,,,,361,2022-01-03
2022,magratio_tqqq_300_floor100,2022-01-03,2022-12-30,100000.0000000000,61708.2829027094,-0.3829171710,-0.3864081790,15,15.1762811634,526.0111125542,-0.4311616205,2022-01-03,2022-09-30,270,,,,361,2022-01-03
2022,combo_qqq_50_65_floor50,2022-01-03,2022-12-30,100000.0000000000,58177.9684498690,-0.4182203155,-0.4219119711,25,25.2938019391,847.3569369790,-0.4425081395,2022-01-03,2022-12-28,359,,,,361,2022-01-03
2022,combo_tqqq_100_65_floor50,2022-01-03,2022-12-30,100000.0000000000,58177.9684498690,-0.4182203155,-0.4219119711,25,25.2938019391,847.3569369790,-0.4425081395,2022-01-03,2022-12-28,359,,,,361,2022-01-03
2022,filtered_ret_tqqq_100_return60_block_cut,2022-01-03,2022-12-30,100000.0000000000,61708.2829027094,-0.3829171710,-0.3864081790,15,15.1762811634,526.0111125542,-0.4311616205,2022-01-03,2022-09-30,270,,,,361,2022-01-03
2022,ret_qqq_150_step_up,2022-01-03,2022-12-30,100000.0000000000,64230.8761038303,-0.3576912390,-0.3610241615,20,20.2350415512,758.6497942418,-0.4057752130,2022-01-03,2022-09-30,270,,,,361,2022-01-03
2022,combo_tqqq_300_65_block_cut,2022-01-03,2022-12-30,100000.0000000000,61708.2829027094,-0.3829171710,-0.3864081790,15,15.1762811634,526.0111125542,-0.4311616205,2022-01-03,2022-09-30,270,,,,361,2022-01-03
2023,vo,2023-01-03,2023-12-29,100000.0000000000,238438.2611665780,1.3843826117,1.4147461552,2,2.0291250000,99.8951963174,-0.3314106827,2023-07-19,2023-10-26,99,2023-12-12,47.0000000000,146.0000000000,146,2023-07-19
2023,filtered_ret_qqq_40_return60_block_cut,2023-01-03,2023-12-29,100000.0000000000,238438.2611665780,1.3843826117,1.4147461552,2,2.0291250000,99.8951963174,-0.3314106827,2023-07-19,2023-10-26,99,2023-12-12,47.0000000000,146.0000000000,146,2023-07-19
2023,filtered_ret_qqq_40_return200_block_cut,2023-01-03,2023-12-29,100000.0000000000,238438.2611665780,1.3843826117,1.4147461552,2,2.0291250000,99.8951963174,-0.3314106827,2023-07-19,2023-10-26,99,2023-12-12,47.0000000000,146.0000000000,146,2023-07-19
2023,filtered_ret_qqq_40_sma150_block_cut,2023-01-03,2023-12-29,100000.0000000000,238438.2611665780,1.3843826117,1.4147461552,2,2.0291250000,99.8951963174,-0.3314106827,2023-07-19,2023-10-26,99,2023-12-12,47.0000000000,146.0000000000,146,2023-07-19
2023,filtered_ret_qqq_40_sma100_block_cut,2023-01-03,2023-12-29,100000.0000000000,238438.2611665780,1.3843826117,1.4147461552,2,2.0291250000,99.8951963174,-0.3314106827,2023-07-19,2023-10-26,99,2023-12-12,47.0000000000,146.0000000000,146,2023-07-19
2023,ret_qqq_40_block_cut,2023-01-03,2023-12-29,100000.0000000000,238438.2611665780,1.3843826117,1.4147461552,2,2.0291250000,99.8951963174,-0.3314106827,2023-07-19,2023-10-26,99,2023-12-12,47.0000000000,146.0000000000,146,2023-07-19
2023,filtered_ret_qqq_40_sma200_block_cut,2023-01-03,2023-12-29,100000.0000000000,238438.2611665780,1.3843826117,1.4147461552,2,2.0291250000,99.8951963174,-0.3314106827,2023-07-19,2023-10-26,99,2023-12-12,47.0000000000,146.0000000000,146,2023-07-19
2023,combo_qqq_30_65_floor50,2023-01-03,2023-12-29,100000.0000000000,238438.2611665780,1.3843826117,1.4147461552,2,2.0291250000,99.8951963174,-0.3314106827,2023-07-19,2023-10-26,99,2023-12-12,47.0000000000,146.0000000000,146,2023-07-19
2023,magratio_qqq_200_step_up,2023-01-03,2023-12-29,100000.0000000000,233278.8537170420,1.3327885372,1.3617425699,10,10.1456250000,570.6646946389,-0.3314075143,2023-07-19,2023-10-26,99,2023-12-12,47.0000000000,146.0000000000,146,2023-07-19
2023,magratio_tqqq_200_step_up,2023-01-03,2023-12-29,100000.0000000000,231356.4257189889,1.3135642572,1.3419974424,10,10.1456250000,568.7713399744,-0.3314014085,2023-07-19,2023-10-26,99,2023-12-12,47.0000000000,146.0000000000,146,2023-07-19
2023,filtered_ret_qqq_60_return60_block_cut,2023-01-03,2023-12-29,100000.0000000000,238438.2611665780,1.3843826117,1.4147461552,2,2.0291250000,99.8951963174,-0.3314106827,2023-07-19,2023-10-26,99,2023-12-12,47.0000000000,146.0000000000,146,2023-07-19
2023,filtered_ret_qqq_60_return200_block_cut,2023-01-03,2023-12-29,100000.0000000000,238438.2611665780,1.3843826117,1.4147461552,2,2.0291250000,99.8951963174,-0.3314106827,2023-07-19,2023-10-26,99,2023-12-12,47.0000000000,146.0000000000,146,2023-07-19
2023,ret_qqq_60_block_cut,2023-01-03,2023-12-29,100000.0000000000,238438.2611665780,1.3843826117,1.4147461552,2,2.0291250000,99.8951963174,-0.3314106827,2023-07-19,2023-10-26,99,2023-12-12,47.0000000000,146.0000000000,146,2023-07-19
2023,filtered_ret_qqq_60_sma150_block_cut,2023-01-03,2023-12-29,100000.0000000000,238438.2611665780,1.3843826117,1.4147461552,2,2.0291250000,99.8951963174,-0.3314106827,2023-07-19,2023-10-26,99,2023-12-12,47.0000000000,146.0000000000,146,2023-07-19
2023,filtered_ret_qqq_60_sma100_block_cut,2023-01-03,2023-12-29,100000.0000000000,238438.2611665780,1.3843826117,1.4147461552,2,2.0291250000,99.8951963174,-0.3314106827,2023-07-19,2023-10-26,99,2023-12-12,47.0000000000,146.0000000000,146,2023-07-19
2023,magratio_tqqq_300_floor100,2023-01-03,2023-12-29,100000.0000000000,238438.2611665780,1.3843826117,1.4147461552,2,2.0291250000,99.8951963174,-0.3314106827,2023-07-19,2023-10-26,99,2023-12-12,47.0000000000,146.0000000000,146,2023-07-19
2023,combo_qqq_50_65_floor50,2023-01-03,2023-12-29,100000.0000000000,238438.2611665780,1.3843826117,1.4147461552,2,2.0291250000,99.8951963174,-0.3314106827,2023-07-19,2023-10-26,99,2023-12-12,47.0000000000,146.0000000000,146,2023-07-19
2023,combo_tqqq_100_65_floor50,2023-01-03,2023-12-29,100000.0000000000,238438.2611665780,1.3843826117,1.4147461552,2,2.0291250000,99.8951963174,-0.3314106827,2023-07-19,2023-10-26,99,2023-12-12,47.0000000000,146.0000000000,146,2023-07-19
2023,filtered_ret_tqqq_100_return60_block_cut,2023-01-03,2023-12-29,100000.0000000000,238438.2611665780,1.3843826117,1.4147461552,2,2.0291250000,99.8951963174,-0.3314106827,2023-07-19,2023-10-26,99,2023-12-12,47.0000000000,146.0000000000,146,2023-07-19
2023,ret_qqq_150_step_up,2023-01-03,2023-12-29,100000.0000000000,228909.8471285493,1.2890984713,1.3168722573,12,12.1747500000,685.5725173551,-0.3314040106,2023-07-19,2023-10-26,99,2023-12-12,47.0000000000,146.0000000000,146,2023-07-19
2023,combo_tqqq_300_65_block_cut,2023-01-03,2023-12-29,100000.0000000000,238438.2611665780,1.3843826117,1.4147461552,2,2.0291250000,99.8951963174,-0.3314106827,2023-07-19,2023-10-26,99,2023-12-12,47.0000000000,146.0000000000,146,2023-07-19
2024,vo,2024-01-02,2024-12-31,100000.0000000000,158742.0455209982,0.5874204552,0.5899264216,3,3.0102403846,239.6041105205,-0.2834593964,2024-07-10,2024-08-07,28,2024-12-06,121.0000000000,149.0000000000,149,2024-07-10
2024,filtered_ret_qqq_40_return60_block_cut,2024-01-02,2024-12-31,100000.0000000000,158742.0455209982,0.5874204552,0.5899264216,3,3.0102403846,239.6041105205,-0.2834593964,2024-07-10,2024-08-07,28,2024-12-06,121.0000000000,149.0000000000,149,2024-07-10
2024,filtered_ret_qqq_40_return200_block_cut,2024-01-02,2024-12-31,100000.0000000000,158742.0455209982,0.5874204552,0.5899264216,3,3.0102403846,239.6041105205,-0.2834593964,2024-07-10,2024-08-07,28,2024-12-06,121.0000000000,149.0000000000,149,2024-07-10
2024,filtered_ret_qqq_40_sma150_block_cut,2024-01-02,2024-12-31,100000.0000000000,158742.0455209982,0.5874204552,0.5899264216,3,3.0102403846,239.6041105205,-0.2834593964,2024-07-10,2024-08-07,28,2024-12-06,121.0000000000,149.0000000000,149,2024-07-10
2024,filtered_ret_qqq_40_sma100_block_cut,2024-01-02,2024-12-31,100000.0000000000,158742.0455209982,0.5874204552,0.5899264216,3,3.0102403846,239.6041105205,-0.2834593964,2024-07-10,2024-08-07,28,2024-12-06,121.0000000000,149.0000000000,149,2024-07-10
2024,ret_qqq_40_block_cut,2024-01-02,2024-12-31,100000.0000000000,158742.0455209982,0.5874204552,0.5899264216,3,3.0102403846,239.6041105205,-0.2834593964,2024-07-10,2024-08-07,28,2024-12-06,121.0000000000,149.0000000000,149,2024-07-10
2024,filtered_ret_qqq_40_sma200_block_cut,2024-01-02,2024-12-31,100000.0000000000,158742.0455209982,0.5874204552,0.5899264216,3,3.0102403846,239.6041105205,-0.2834593964,2024-07-10,2024-08-07,28,2024-12-06,121.0000000000,149.0000000000,149,2024-07-10
2024,combo_qqq_30_65_floor50,2024-01-02,2024-12-31,100000.0000000000,158742.0455209982,0.5874204552,0.5899264216,3,3.0102403846,239.6041105205,-0.2834593964,2024-07-10,2024-08-07,28,2024-12-06,121.0000000000,149.0000000000,149,2024-07-10
2024,magratio_qqq_200_step_up,2024-01-02,2024-12-31,100000.0000000000,159089.6339982758,0.5908963400,0.5934196902,5,5.0170673077,381.7564875774,-0.2834593964,2024-07-10,2024-08-07,28,2024-12-06,121.0000000000,149.0000000000,149,2024-07-10
2024,magratio_tqqq_200_step_up,2024-01-02,2024-12-31,100000.0000000000,158742.0455209982,0.5874204552,0.5899264216,3,3.0102403846,239.6041105205,-0.2834593964,2024-07-10,2024-08-07,28,2024-12-06,121.0000000000,149.0000000000,149,2024-07-10
2024,filtered_ret_qqq_60_return60_block_cut,2024-01-02,2024-12-31,100000.0000000000,158742.0455209982,0.5874204552,0.5899264216,3,3.0102403846,239.6041105205,-0.2834593964,2024-07-10,2024-08-07,28,2024-12-06,121.0000000000,149.0000000000,149,2024-07-10
2024,filtered_ret_qqq_60_return200_block_cut,2024-01-02,2024-12-31,100000.0000000000,158742.0455209982,0.5874204552,0.5899264216,3,3.0102403846,239.6041105205,-0.2834593964,2024-07-10,2024-08-07,28,2024-12-06,121.0000000000,149.0000000000,149,2024-07-10
2024,ret_qqq_60_block_cut,2024-01-02,2024-12-31,100000.0000000000,158742.0455209982,0.5874204552,0.5899264216,3,3.0102403846,239.6041105205,-0.2834593964,2024-07-10,2024-08-07,28,2024-12-06,121.0000000000,149.0000000000,149,2024-07-10
2024,filtered_ret_qqq_60_sma150_block_cut,2024-01-02,2024-12-31,100000.0000000000,158742.0455209982,0.5874204552,0.5899264216,3,3.0102403846,239.6041105205,-0.2834593964,2024-07-10,2024-08-07,28,2024-12-06,121.0000000000,149.0000000000,149,2024-07-10
2024,filtered_ret_qqq_60_sma100_block_cut,2024-01-02,2024-12-31,100000.0000000000,158742.0455209982,0.5874204552,0.5899264216,3,3.0102403846,239.6041105205,-0.2834593964,2024-07-10,2024-08-07,28,2024-12-06,121.0000000000,149.0000000000,149,2024-07-10
2024,magratio_tqqq_300_floor100,2024-01-02,2024-12-31,100000.0000000000,158742.0455209982,0.5874204552,0.5899264216,3,3.0102403846,239.6041105205,-0.2834593964,2024-07-10,2024-08-07,28,2024-12-06,121.0000000000,149.0000000000,149,2024-07-10
2024,combo_qqq_50_65_floor50,2024-01-02,2024-12-31,100000.0000000000,158742.0455209982,0.5874204552,0.5899264216,3,3.0102403846,239.6041105205,-0.2834593964,2024-07-10,2024-08-07,28,2024-12-06,121.0000000000,149.0000000000,149,2024-07-10
2024,combo_tqqq_100_65_floor50,2024-01-02,2024-12-31,100000.0000000000,158742.0455209982,0.5874204552,0.5899264216,3,3.0102403846,239.6041105205,-0.2834593964,2024-07-10,2024-08-07,28,2024-12-06,121.0000000000,149.0000000000,149,2024-07-10
2024,filtered_ret_tqqq_100_return60_block_cut,2024-01-02,2024-12-31,100000.0000000000,158742.0455209982,0.5874204552,0.5899264216,3,3.0102403846,239.6041105205,-0.2834593964,2024-07-10,2024-08-07,28,2024-12-06,121.0000000000,149.0000000000,149,2024-07-10
2024,ret_qqq_150_step_up,2024-01-02,2024-12-31,100000.0000000000,158742.0455209982,0.5874204552,0.5899264216,3,3.0102403846,239.6041105205,-0.2834593964,2024-07-10,2024-08-07,28,2024-12-06,121.0000000000,149.0000000000,149,2024-07-10
2024,combo_tqqq_300_65_block_cut,2024-01-02,2024-12-31,100000.0000000000,158742.0455209982,0.5874204552,0.5899264216,3,3.0102403846,239.6041105205,-0.2834593964,2024-07-10,2024-08-07,28,2024-12-06,121.0000000000,149.0000000000,149,2024-07-10
2025,vo,2025-01-02,2025-12-31,100000.0000000000,98530.7930442438,-0.0146920696,-0.0147821584,11,11.0679545455,524.0733486383,-0.4339832919,2025-02-19,2025-04-07,47,,,,315,2025-02-19
2025,filtered_ret_qqq_40_return60_block_cut,2025-01-02,2025-12-31,100000.0000000000,98530.7930442438,-0.0146920696,-0.0147821584,11,11.0679545455,524.0733486383,-0.4339832919,2025-02-19,2025-04-07,47,,,,315,2025-02-19
2025,filtered_ret_qqq_40_return200_block_cut,2025-01-02,2025-12-31,100000.0000000000,98530.7930442438,-0.0146920696,-0.0147821584,11,11.0679545455,524.0733486383,-0.4339832919,2025-02-19,2025-04-07,47,,,,315,2025-02-19
2025,filtered_ret_qqq_40_sma150_block_cut,2025-01-02,2025-12-31,100000.0000000000,98530.7930442438,-0.0146920696,-0.0147821584,11,11.0679545455,524.0733486383,-0.4339832919,2025-02-19,2025-04-07,47,,,,315,2025-02-19
2025,filtered_ret_qqq_40_sma100_block_cut,2025-01-02,2025-12-31,100000.0000000000,98530.7930442438,-0.0146920696,-0.0147821584,11,11.0679545455,524.0733486383,-0.4339832919,2025-02-19,2025-04-07,47,,,,315,2025-02-19
2025,ret_qqq_40_block_cut,2025-01-02,2025-12-31,100000.0000000000,98530.7930442438,-0.0146920696,-0.0147821584,11,11.0679545455,524.0733486383,-0.4339832919,2025-02-19,2025-04-07,47,,,,315,2025-02-19
2025,filtered_ret_qqq_40_sma200_block_cut,2025-01-02,2025-12-31,100000.0000000000,98530.7930442438,-0.0146920696,-0.0147821584,11,11.0679545455,524.0733486383,-0.4339832919,2025-02-19,2025-04-07,47,,,,315,2025-02-19
2025,combo_qqq_30_65_floor50,2025-01-02,2025-12-31,100000.0000000000,95958.2270020015,-0.0404177300,-0.0406622716,11,11.0679545455,521.6888876776,-0.4431520717,2025-02-19,2025-05-23,93,,,,315,2025-02-19
2025,magratio_qqq_200_step_up,2025-01-02,2025-12-31,100000.0000000000,97545.6916606778,-0.0245430834,-0.0246928153,11,11.0679545455,523.1667572684,-0.4513458940,2025-02-19,2025-05-23,93,,,,315,2025-02-19
2025,magratio_tqqq_200_step_up,2025-01-02,2025-12-31,100000.0000000000,97545.6916606778,-0.0245430834,-0.0246928153,11,11.0679545455,523.1667572684,-0.4513458940,2025-02-19,2025-05-23,93,,,,315,2025-02-19
2025,filtered_ret_qqq_60_return60_block_cut,2025-01-02,2025-12-31,100000.0000000000,98530.7930442438,-0.0146920696,-0.0147821584,11,11.0679545455,524.0733486383,-0.4339832919,2025-02-19,2025-04-07,47,,,,315,2025-02-19
2025,filtered_ret_qqq_60_return200_block_cut,2025-01-02,2025-12-31,100000.0000000000,98530.7930442438,-0.0146920696,-0.0147821584,11,11.0679545455,524.0733486383,-0.4339832919,2025-02-19,2025-04-07,47,,,,315,2025-02-19
2025,ret_qqq_60_block_cut,2025-01-02,2025-12-31,100000.0000000000,98530.7930442438,-0.0146920696,-0.0147821584,11,11.0679545455,524.0733486383,-0.4339832919,2025-02-19,2025-04-07,47,,,,315,2025-02-19
2025,filtered_ret_qqq_60_sma150_block_cut,2025-01-02,2025-12-31,100000.0000000000,98530.7930442438,-0.0146920696,-0.0147821584,11,11.0679545455,524.0733486383,-0.4339832919,2025-02-19,2025-04-07,47,,,,315,2025-02-19
2025,filtered_ret_qqq_60_sma100_block_cut,2025-01-02,2025-12-31,100000.0000000000,98530.7930442438,-0.0146920696,-0.0147821584,11,11.0679545455,524.0733486383,-0.4339832919,2025-02-19,2025-04-07,47,,,,315,2025-02-19
2025,magratio_tqqq_300_floor100,2025-01-02,2025-12-31,100000.0000000000,101470.4400586413,0.0147044006,0.0147959085,11,11.0679545455,526.8556352928,-0.4339832919,2025-02-19,2025-04-07,47,2025-10-28,204.0000000000,251.0000000000,251,2025-02-19
2025,combo_qqq_50_65_floor50,2025-01-02,2025-12-31,100000.0000000000,95958.2270020015,-0.0404177300,-0.0406622716,11,11.0679545455,521.6888876776,-0.4431520717,2025-02-19,2025-05-23,93,,,,315,2025-02-19
2025,combo_tqqq_100_65_floor50,2025-01-02,2025-12-31,100000.0000000000,95958.2270020015,-0.0404177300,-0.0406622716,11,11.0679545455,521.6888876776,-0.4431520717,2025-02-19,2025-05-23,93,,,,315,2025-02-19
2025,filtered_ret_tqqq_100_return60_block_cut,2025-01-02,2025-12-31,100000.0000000000,98530.7930442438,-0.0146920696,-0.0147821584,11,11.0679545455,524.0733486383,-0.4339832919,2025-02-19,2025-04-07,47,,,,315,2025-02-19
2025,ret_qqq_150_step_up,2025-01-02,2025-12-31,100000.0000000000,98882.5238524141,-0.0111747615,-0.0112434061,11,11.0679545455,524.3871784976,-0.4431520717,2025-02-19,2025-05-23,93,,,,315,2025-02-19
2025,combo_tqqq_300_65_block_cut,2025-01-02,2025-12-31,100000.0000000000,98530.7930442438,-0.0146920696,-0.0147821584,11,11.0679545455,524.0733486383,-0.4339832919,2025-02-19,2025-04-07,47,,,,315,2025-02-19
