model,screen_pass,full_cagr_delta,actual_cagr_delta,decade_cagr_delta,full_mdd_delta,actual_mdd_delta,actual_annual_trades,rank_floor,rank_sum,changed_target_days_pre2026,changed_target_days_current,duplicate_of
filtered_ret_qqq_40_return60_block_cut,True,0.0080884393,0.0147466849,0.0228022388,0.0000001788,-0.0000003509,5.2249444157,0.0080884393,0.0456373630,156,169,
filtered_ret_qqq_40_return200_block_cut,True,0.0073121515,0.0137440263,0.0228022388,0.0000000720,-0.0000003177,5.0990421406,0.0073121515,0.0438584166,145,158,
filtered_ret_qqq_40_sma150_block_cut,True,0.0053853877,0.0145156533,0.0228022388,0.0000000816,0.0000000661,5.2249444157,0.0053853877,0.0427032798,149,162,
filtered_ret_qqq_40_sma100_block_cut,True,0.0053746410,0.0145156533,0.0228022388,0.0000001184,0.0000000661,5.2249444157,0.0053746410,0.0426925332,152,165,
filtered_ret_qqq_40_return120_block_cut,True,0.0053746410,0.0145156533,0.0228022388,0.0000001184,0.0000000661,5.2249444157,0.0053746410,0.0426925332,152,165,filtered_ret_qqq_40_sma100_block_cut
ret_qqq_40_block_cut,True,0.0052272282,0.0137440263,0.0228022388,0.0008619696,-0.0000003177,5.0990421406,0.0052272282,0.0417734932,164,177,
filtered_ret_qqq_40_sma200_block_cut,True,0.0049608865,0.0137440263,0.0228022388,0.0000000816,-0.0000003177,5.0990421406,0.0049608865,0.0415071516,150,163,
combo_qqq_30_65_floor50,True,0.0078401835,0.0027803736,0.0042893501,0.0656053825,-0.0055243626,6.3580648914,0.0027803736,0.0149099071,181,181,
magratio_qqq_200_step_up,True,0.0024490072,0.0042280356,0.0065228586,0.0034955631,-0.0086688917,7.9947944674,0.0024490072,0.0131999014,165,170,
magratio_tqqq_200_step_up,True,0.0019321157,0.0032930071,0.0050812234,0.0034955631,-0.0086685755,7.8688921923,0.0019321157,0.0103063463,163,168,
filtered_ret_qqq_60_return60_block_cut,True,0.0061970850,0.0018219377,0.0028106487,0.0000000082,0.0000006015,5.4767489659,0.0018219377,0.0108296714,125,130,
filtered_ret_qqq_60_return200_block_cut,True,0.0059721346,0.0018219377,0.0028106487,0.0000001033,0.0000006015,5.4767489659,0.0018219377,0.0106047210,112,117,
ret_qqq_60_block_cut,True,0.0037999630,0.0018219377,0.0028106487,0.0000000939,0.0000006015,5.4767489659,0.0018219377,0.0084325494,129,134,
filtered_ret_qqq_60_sma150_block_cut,True,0.0036232553,0.0018219377,0.0028106487,-0.0000000404,0.0000006015,5.4767489659,0.0018219377,0.0082558417,117,122,
filtered_ret_qqq_60_sma200_block_cut,True,0.0036232553,0.0018219377,0.0028106487,-0.0000000404,0.0000006015,5.4767489659,0.0018219377,0.0082558417,117,122,filtered_ret_qqq_60_sma150_block_cut
filtered_ret_qqq_60_sma100_block_cut,True,0.0036139087,0.0018219377,0.0028106487,0.0000001449,0.0000006015,5.4767489659,0.0018219377,0.0082464951,120,125,
filtered_ret_qqq_60_return120_block_cut,True,0.0036139087,0.0018219377,0.0028106487,0.0000001449,0.0000006015,5.4767489659,0.0018219377,0.0082464951,120,125,filtered_ret_qqq_60_sma100_block_cut
magratio_tqqq_300_floor100,True,0.0010709200,0.0026146259,0.0040328274,0.0000001893,0.0000000000,5.7285535160,0.0010709200,0.0077183732,17,19,
magratio_tqqq_300_step_up,True,0.0010709200,0.0026146259,0.0040328274,0.0000001893,0.0000000000,5.7285535160,0.0010709200,0.0077183732,17,19,magratio_tqqq_300_floor100
magratio_qqq_300_floor100,True,0.0010709200,0.0026146259,0.0040328274,0.0000001893,0.0000000000,5.7285535160,0.0010709200,0.0077183732,17,19,magratio_tqqq_300_floor100
magratio_qqq_300_step_up,True,0.0010709200,0.0026146259,0.0040328274,0.0000001893,0.0000000000,5.7285535160,0.0010709200,0.0077183732,17,19,magratio_tqqq_300_floor100
varshare_tqqq_80_block_cut,True,0.0000000000,0.0000000000,0.0000000000,0.0000000000,0.0000000000,5.7285535160,0.0000000000,0.0000000000,0,0,vo
magratio_tqqq_300_floor50,True,0.0000000000,0.0000000000,0.0000000000,0.0000000000,0.0000000000,5.7285535160,0.0000000000,0.0000000000,0,0,vo
magratio_tqqq_300_block_cut,True,0.0000000000,0.0000000000,0.0000000000,0.0000000000,0.0000000000,5.7285535160,0.0000000000,0.0000000000,0,2,vo
magratio_tqqq_400_floor50,True,0.0000000000,0.0000000000,0.0000000000,0.0000000000,0.0000000000,5.7285535160,0.0000000000,0.0000000000,0,0,vo
magratio_tqqq_400_floor100,True,0.0000000000,0.0000000000,0.0000000000,0.0000000000,0.0000000000,5.7285535160,0.0000000000,0.0000000000,0,0,vo
magratio_tqqq_400_step_up,True,0.0000000000,0.0000000000,0.0000000000,0.0000000000,0.0000000000,5.7285535160,0.0000000000,0.0000000000,0,0,vo
magratio_tqqq_400_block_cut,True,0.0000000000,0.0000000000,0.0000000000,0.0000000000,0.0000000000,5.7285535160,0.0000000000,0.0000000000,0,0,vo
varshare_qqq_80_block_cut,True,0.0000000000,0.0000000000,0.0000000000,0.0000000000,0.0000000000,5.7285535160,0.0000000000,0.0000000000,0,0,vo
magratio_qqq_300_floor50,True,0.0000000000,0.0000000000,0.0000000000,0.0000000000,0.0000000000,5.7285535160,0.0000000000,0.0000000000,0,0,vo
magratio_qqq_300_block_cut,True,0.0000000000,0.0000000000,0.0000000000,0.0000000000,0.0000000000,5.7285535160,0.0000000000,0.0000000000,0,2,vo
magratio_qqq_400_floor50,True,0.0000000000,0.0000000000,0.0000000000,0.0000000000,0.0000000000,5.7285535160,0.0000000000,0.0000000000,0,0,vo
magratio_qqq_400_floor100,True,0.0000000000,0.0000000000,0.0000000000,0.0000000000,0.0000000000,5.7285535160,0.0000000000,0.0000000000,0,0,vo
magratio_qqq_400_step_up,True,0.0000000000,0.0000000000,0.0000000000,0.0000000000,0.0000000000,5.7285535160,0.0000000000,0.0000000000,0,0,vo
magratio_qqq_400_block_cut,True,0.0000000000,0.0000000000,0.0000000000,0.0000000000,0.0000000000,5.7285535160,0.0000000000,0.0000000000,0,0,vo
filtered_magratio_qqq_300_sma100_block_cut,True,0.0000000000,0.0000000000,0.0000000000,0.0000000000,0.0000000000,5.7285535160,0.0000000000,0.0000000000,0,2,vo
filtered_magratio_qqq_300_sma150_block_cut,True,0.0000000000,0.0000000000,0.0000000000,0.0000000000,0.0000000000,5.7285535160,0.0000000000,0.0000000000,0,2,vo
filtered_magratio_qqq_300_sma200_block_cut,True,0.0000000000,0.0000000000,0.0000000000,0.0000000000,0.0000000000,5.7285535160,0.0000000000,0.0000000000,0,2,vo
filtered_magratio_qqq_300_return60_block_cut,True,0.0000000000,0.0000000000,0.0000000000,0.0000000000,0.0000000000,5.7285535160,0.0000000000,0.0000000000,0,2,vo
filtered_magratio_qqq_300_return120_block_cut,True,0.0000000000,0.0000000000,0.0000000000,0.0000000000,0.0000000000,5.7285535160,0.0000000000,0.0000000000,0,2,vo
filtered_magratio_qqq_300_return200_block_cut,True,0.0000000000,0.0000000000,0.0000000000,0.0000000000,0.0000000000,5.7285535160,0.0000000000,0.0000000000,0,2,vo
filtered_magratio_tqqq_300_sma100_block_cut,True,0.0000000000,0.0000000000,0.0000000000,0.0000000000,0.0000000000,5.7285535160,0.0000000000,0.0000000000,0,2,vo
filtered_magratio_tqqq_300_sma150_block_cut,True,0.0000000000,0.0000000000,0.0000000000,0.0000000000,0.0000000000,5.7285535160,0.0000000000,0.0000000000,0,2,vo
filtered_magratio_tqqq_300_sma200_block_cut,True,0.0000000000,0.0000000000,0.0000000000,0.0000000000,0.0000000000,5.7285535160,0.0000000000,0.0000000000,0,2,vo
filtered_magratio_tqqq_300_return60_block_cut,True,0.0000000000,0.0000000000,0.0000000000,0.0000000000,0.0000000000,5.7285535160,0.0000000000,0.0000000000,0,2,vo
filtered_magratio_tqqq_300_return120_block_cut,True,0.0000000000,0.0000000000,0.0000000000,0.0000000000,0.0000000000,5.7285535160,0.0000000000,0.0000000000,0,2,vo
filtered_magratio_tqqq_300_return200_block_cut,True,0.0000000000,0.0000000000,0.0000000000,0.0000000000,0.0000000000,5.7285535160,0.0000000000,0.0000000000,0,2,vo
combo_qqq_50_65_floor50,True,-0.0002903235,0.0000396189,0.0000616247,0.0555326279,-0.0108154014,6.3580648914,-0.0002903235,-0.0001890799,165,165,
combo_tqqq_100_65_floor50,True,-0.0002957233,0.0000396189,0.0000616247,0.0565512348,-0.0108154014,6.3580648914,-0.0002957233,-0.0001944797,163,163,
filtered_ret_tqqq_100_return60_block_cut,True,-0.0005749439,0.0148384980,0.0229449122,0.0000001250,0.0000000033,5.3508466908,-0.0005749439,0.0372084662,109,122,
ret_qqq_150_step_up,True,-0.0009454468,0.0075132796,0.0116018946,-0.0007997922,-0.0006984501,7.1134785419,-0.0009454468,0.0181697274,202,204,
combo_tqqq_300_65_block_cut,True,-0.0011011214,0.0020864918,0.0032187302,0.0000002270,0.0000004139,5.6026512410,-0.0011011214,0.0042041005,10,12,
combo_qqq_100_65_block_cut,True,-0.0011011214,0.0020864918,0.0032187302,0.0000002270,0.0000004139,5.6026512410,-0.0011011214,0.0042041005,10,12,combo_tqqq_300_65_block_cut
filtered_ret_tqqq_100_return200_block_cut,True,-0.0013449898,0.0138358452,0.0229449122,0.0000001599,-0.0000002438,5.2249444157,-0.0013449898,0.0354357676,98,111,
varshare_qqq_60_block_cut,True,-0.0019207059,0.0031130356,0.0051547754,0.0109346768,0.0000002958,5.6026512410,-0.0019207059,0.0063471052,44,46,
combo_tqqq_300_65_floor50,True,-0.0020856448,0.0042867500,0.0066128552,0.0238788511,-0.0006982677,5.7285535160,-0.0020856448,0.0088139604,128,128,
filtered_varshare_qqq_60_return200_block_cut,True,-0.0022997874,0.0031130356,0.0051547754,0.0000001123,0.0000002958,5.6026512410,-0.0022997874,0.0059680236,14,16,
combo_tqqq_150_65_floor50,True,-0.0023297843,0.0016768643,0.0025859337,0.0464618153,-0.0055243626,6.2321626163,-0.0023297843,0.0019330136,152,152,
magratio_tqqq_200_block_cut,True,-0.0026048236,0.0020864918,0.0032187302,0.0000001123,0.0000004139,5.6026512410,-0.0026048236,0.0027003984,8,10,
magratio_qqq_200_block_cut,True,-0.0026048236,0.0020864918,0.0032187302,0.0000001123,0.0000004139,5.6026512410,-0.0026048236,0.0027003984,8,10,magratio_tqqq_200_block_cut
filtered_varshare_qqq_65_return200_block_cut,True,-0.0026048236,0.0020864918,0.0032187302,0.0000001123,0.0000004139,5.6026512410,-0.0026048236,0.0027003984,8,10,magratio_tqqq_200_block_cut
filtered_varshare_tqqq_65_return200_block_cut,True,-0.0026048236,0.0020864918,0.0032187302,0.0000001123,0.0000004139,5.6026512410,-0.0026048236,0.0027003984,8,10,magratio_tqqq_200_block_cut
filtered_magratio_qqq_200_sma100_block_cut,True,-0.0026048236,0.0020864918,0.0032187302,0.0000001123,0.0000004139,5.6026512410,-0.0026048236,0.0027003984,8,10,magratio_tqqq_200_block_cut
filtered_magratio_qqq_200_sma150_block_cut,True,-0.0026048236,0.0020864918,0.0032187302,0.0000001123,0.0000004139,5.6026512410,-0.0026048236,0.0027003984,8,10,magratio_tqqq_200_block_cut
filtered_magratio_qqq_200_sma200_block_cut,True,-0.0026048236,0.0020864918,0.0032187302,0.0000001123,0.0000004139,5.6026512410,-0.0026048236,0.0027003984,8,10,magratio_tqqq_200_block_cut
filtered_magratio_qqq_200_return60_block_cut,True,-0.0026048236,0.0020864918,0.0032187302,0.0000001123,0.0000004139,5.6026512410,-0.0026048236,0.0027003984,8,10,magratio_tqqq_200_block_cut
filtered_magratio_qqq_200_return120_block_cut,True,-0.0026048236,0.0020864918,0.0032187302,0.0000001123,0.0000004139,5.6026512410,-0.0026048236,0.0027003984,8,10,magratio_tqqq_200_block_cut
filtered_magratio_qqq_200_return200_block_cut,True,-0.0026048236,0.0020864918,0.0032187302,0.0000001123,0.0000004139,5.6026512410,-0.0026048236,0.0027003984,8,10,magratio_tqqq_200_block_cut
filtered_magratio_tqqq_200_sma100_block_cut,True,-0.0026048236,0.0020864918,0.0032187302,0.0000001123,0.0000004139,5.6026512410,-0.0026048236,0.0027003984,8,10,magratio_tqqq_200_block_cut
filtered_magratio_tqqq_200_sma150_block_cut,True,-0.0026048236,0.0020864918,0.0032187302,0.0000001123,0.0000004139,5.6026512410,-0.0026048236,0.0027003984,8,10,magratio_tqqq_200_block_cut
filtered_magratio_tqqq_200_sma200_block_cut,True,-0.0026048236,0.0020864918,0.0032187302,0.0000001123,0.0000004139,5.6026512410,-0.0026048236,0.0027003984,8,10,magratio_tqqq_200_block_cut
filtered_magratio_tqqq_200_return60_block_cut,True,-0.0026048236,0.0020864918,0.0032187302,0.0000001123,0.0000004139,5.6026512410,-0.0026048236,0.0027003984,8,10,magratio_tqqq_200_block_cut
filtered_magratio_tqqq_200_return120_block_cut,True,-0.0026048236,0.0020864918,0.0032187302,0.0000001123,0.0000004139,5.6026512410,-0.0026048236,0.0027003984,8,10,magratio_tqqq_200_block_cut
filtered_magratio_tqqq_200_return200_block_cut,True,-0.0026048236,0.0020864918,0.0032187302,0.0000001123,0.0000004139,5.6026512410,-0.0026048236,0.0027003984,8,10,magratio_tqqq_200_block_cut
combo_tqqq_200_65_floor50,True,-0.0026929914,0.0029996763,0.0046270693,0.0307004053,-0.0006982467,6.1062603413,-0.0026929914,0.0049337542,144,144,
varshare_tqqq_60_block_cut,True,-0.0028329217,0.0014587691,0.0026040336,0.0109346768,-0.0000001891,5.4767489659,-0.0028329217,0.0012298810,48,50,
filtered_varshare_qqq_60_return60_block_cut,True,-0.0029262455,0.0033423107,0.0051547754,0.0000001457,0.0000003028,5.6026512410,-0.0029262455,0.0055708406,24,26,
ret_qqq_120_floor50,True,-0.0029608409,0.0049982804,0.0077146239,-0.0108607307,-0.0006981790,5.8544557911,-0.0029608409,0.0097520634,184,184,
combo_qqq_100_65_floor50,True,-0.0030225016,0.0053110092,0.0081969579,0.0213477674,-0.0006984083,5.7285535160,-0.0030225016,0.0104854655,131,131,
filtered_varshare_tqqq_60_return200_block_cut,True,-0.0032117429,0.0014587691,0.0026040336,0.0000001123,-0.0000001891,5.4767489659,-0.0032117429,0.0008510598,18,20,
filtered_ret_tqqq_100_sma150_block_cut,True,-0.0032592145,0.0146073793,0.0229449122,0.0000002350,-0.0000002373,5.3508466908,-0.0032592145,0.0342930770,102,115,
filtered_ret_tqqq_100_sma100_block_cut,True,-0.0032715609,0.0146073793,0.0229449122,-0.0000000114,-0.0000002373,5.3508466908,-0.0032715609,0.0342807305,105,118,
filtered_ret_tqqq_100_return120_block_cut,True,-0.0032715609,0.0146073793,0.0229449122,-0.0000000114,-0.0000002373,5.3508466908,-0.0032715609,0.0342807305,105,118,filtered_ret_tqqq_100_sma100_block_cut
ret_tqqq_100_block_cut,True,-0.0035082025,0.0138358452,0.0229449122,0.0000000832,-0.0000002438,5.2249444157,-0.0035082025,0.0332725549,115,128,
filtered_ret_tqqq_100_sma200_block_cut,True,-0.0036809462,0.0138358452,0.0229449122,0.0000002350,-0.0000002438,5.2249444157,-0.0036809462,0.0330998112,103,116,
varshare_tqqq_75_block_cut,True,-0.0037558039,0.0000000000,0.0000000000,0.0000001123,0.0000000000,5.7285535160,-0.0037558039,-0.0037558039,5,7,
combo_tqqq_100_75_block_cut,True,-0.0037558039,0.0000000000,0.0000000000,0.0000001123,0.0000000000,5.7285535160,-0.0037558039,-0.0037558039,5,7,varshare_tqqq_75_block_cut
combo_tqqq_150_75_block_cut,True,-0.0037558039,0.0000000000,0.0000000000,0.0000001123,0.0000000000,5.7285535160,-0.0037558039,-0.0037558039,5,7,varshare_tqqq_75_block_cut
combo_tqqq_200_75_block_cut,True,-0.0037558039,0.0000000000,0.0000000000,0.0000001123,0.0000000000,5.7285535160,-0.0037558039,-0.0037558039,5,7,varshare_tqqq_75_block_cut
combo_tqqq_300_75_block_cut,True,-0.0037558039,0.0000000000,0.0000000000,0.0000001123,0.0000000000,5.7285535160,-0.0037558039,-0.0037558039,5,7,varshare_tqqq_75_block_cut
varshare_qqq_75_block_cut,True,-0.0037558039,0.0000000000,0.0000000000,0.0000001123,0.0000000000,5.7285535160,-0.0037558039,-0.0037558039,5,7,varshare_tqqq_75_block_cut
combo_qqq_30_75_block_cut,True,-0.0037558039,0.0000000000,0.0000000000,0.0000001123,0.0000000000,5.7285535160,-0.0037558039,-0.0037558039,5,7,varshare_tqqq_75_block_cut
combo_qqq_50_75_block_cut,True,-0.0037558039,0.0000000000,0.0000000000,0.0000001123,0.0000000000,5.7285535160,-0.0037558039,-0.0037558039,5,7,varshare_tqqq_75_block_cut
combo_qqq_75_75_block_cut,True,-0.0037558039,0.0000000000,0.0000000000,0.0000001123,0.0000000000,5.7285535160,-0.0037558039,-0.0037558039,5,7,varshare_tqqq_75_block_cut
combo_qqq_100_75_block_cut,True,-0.0037558039,0.0000000000,0.0000000000,0.0000001123,0.0000000000,5.7285535160,-0.0037558039,-0.0037558039,5,7,varshare_tqqq_75_block_cut
filtered_varshare_qqq_70_sma150_block_cut,True,-0.0037558039,0.0000000000,0.0000000000,0.0000001123,0.0000000000,5.7285535160,-0.0037558039,-0.0037558039,5,7,varshare_tqqq_75_block_cut
filtered_varshare_qqq_70_sma200_block_cut,True,-0.0037558039,0.0000000000,0.0000000000,0.0000001123,0.0000000000,5.7285535160,-0.0037558039,-0.0037558039,5,7,varshare_tqqq_75_block_cut
filtered_varshare_qqq_70_return200_block_cut,True,-0.0037558039,0.0000000000,0.0000000000,0.0000001123,0.0000000000,5.7285535160,-0.0037558039,-0.0037558039,5,7,varshare_tqqq_75_block_cut
filtered_varshare_tqqq_70_sma150_block_cut,True,-0.0037558039,0.0000000000,0.0000000000,0.0000001123,0.0000000000,5.7285535160,-0.0037558039,-0.0037558039,5,7,varshare_tqqq_75_block_cut
filtered_varshare_tqqq_70_sma200_block_cut,True,-0.0037558039,0.0000000000,0.0000000000,0.0000001123,0.0000000000,5.7285535160,-0.0037558039,-0.0037558039,5,7,varshare_tqqq_75_block_cut
filtered_varshare_tqqq_70_return200_block_cut,True,-0.0037558039,0.0000000000,0.0000000000,0.0000001123,0.0000000000,5.7285535160,-0.0037558039,-0.0037558039,5,7,varshare_tqqq_75_block_cut
filtered_varshare_tqqq_60_return60_block_cut,True,-0.0038377535,0.0016878611,0.0026040336,0.0000001457,0.0000003330,5.4767489659,-0.0038377535,0.0004541412,28,30,
combo_tqqq_100_65_block_cut,True,-0.0041985197,0.0020864918,0.0032187302,0.0000000689,0.0000004139,5.6026512410,-0.0041985197,0.0011067023,16,18,
combo_tqqq_150_65_block_cut,True,-0.0041985197,0.0020864918,0.0032187302,0.0000000689,0.0000004139,5.6026512410,-0.0041985197,0.0011067023,16,18,combo_tqqq_100_65_block_cut
combo_tqqq_200_65_block_cut,True,-0.0041985197,0.0020864918,0.0032187302,0.0000000689,0.0000004139,5.6026512410,-0.0041985197,0.0011067023,16,18,combo_tqqq_100_65_block_cut
combo_qqq_50_65_block_cut,True,-0.0041985197,0.0020864918,0.0032187302,0.0000000689,0.0000004139,5.6026512410,-0.0041985197,0.0011067023,16,18,combo_tqqq_100_65_block_cut
combo_qqq_75_65_block_cut,True,-0.0041985197,0.0020864918,0.0032187302,0.0000000689,0.0000004139,5.6026512410,-0.0041985197,0.0011067023,16,18,combo_tqqq_100_65_block_cut
filtered_varshare_qqq_65_return60_block_cut,True,-0.0041985197,0.0020864918,0.0032187302,0.0000000689,0.0000004139,5.6026512410,-0.0041985197,0.0011067023,16,18,combo_tqqq_100_65_block_cut
filtered_varshare_tqqq_65_return60_block_cut,True,-0.0041985197,0.0020864918,0.0032187302,0.0000000689,0.0000004139,5.6026512410,-0.0041985197,0.0011067023,16,18,combo_tqqq_100_65_block_cut
varshare_qqq_75_floor50,True,-0.0042898800,0.0060034437,0.0092686539,0.0248499795,-0.0086688085,6.1062603413,-0.0042898800,0.0109822176,32,32,
combo_qqq_30_75_floor50,True,-0.0042898800,0.0060034437,0.0092686539,0.0248499795,-0.0086688085,6.1062603413,-0.0042898800,0.0109822176,32,32,varshare_qqq_75_floor50
combo_qqq_50_75_floor50,True,-0.0042898800,0.0060034437,0.0092686539,0.0248499795,-0.0086688085,6.1062603413,-0.0042898800,0.0109822176,32,32,varshare_qqq_75_floor50
combo_qqq_75_75_floor50,True,-0.0042898800,0.0060034437,0.0092686539,0.0248499795,-0.0086688085,6.1062603413,-0.0042898800,0.0109822176,32,32,varshare_qqq_75_floor50
combo_qqq_100_75_floor50,True,-0.0042898800,0.0060034437,0.0092686539,0.0248499795,-0.0086688085,6.1062603413,-0.0042898800,0.0109822176,32,32,varshare_qqq_75_floor50
magratio_tqqq_200_floor50,True,-0.0043849298,0.0009224231,0.0014214517,0.0373975767,-0.0086688606,6.1062603413,-0.0043849298,-0.0020410551,55,55,
magratio_qqq_200_floor50,True,-0.0043849298,0.0009224231,0.0014214517,0.0373975767,-0.0086688606,6.1062603413,-0.0043849298,-0.0020410551,55,55,magratio_tqqq_200_floor50
varshare_tqqq_70_block_cut,True,-0.0045185110,0.0000000000,0.0000000000,0.0000002203,0.0000000000,5.7285535160,-0.0045185110,-0.0045185110,6,8,
varshare_qqq_70_block_cut,True,-0.0045185110,0.0000000000,0.0000000000,0.0000002203,0.0000000000,5.7285535160,-0.0045185110,-0.0045185110,6,8,varshare_tqqq_70_block_cut
filtered_varshare_qqq_70_sma100_block_cut,True,-0.0045185110,0.0000000000,0.0000000000,0.0000002203,0.0000000000,5.7285535160,-0.0045185110,-0.0045185110,6,8,varshare_tqqq_70_block_cut
filtered_varshare_qqq_70_return60_block_cut,True,-0.0045185110,0.0000000000,0.0000000000,0.0000002203,0.0000000000,5.7285535160,-0.0045185110,-0.0045185110,6,8,varshare_tqqq_70_block_cut
filtered_varshare_qqq_70_return120_block_cut,True,-0.0045185110,0.0000000000,0.0000000000,0.0000002203,0.0000000000,5.7285535160,-0.0045185110,-0.0045185110,6,8,varshare_tqqq_70_block_cut
filtered_varshare_tqqq_70_sma100_block_cut,True,-0.0045185110,0.0000000000,0.0000000000,0.0000002203,0.0000000000,5.7285535160,-0.0045185110,-0.0045185110,6,8,varshare_tqqq_70_block_cut
filtered_varshare_tqqq_70_return60_block_cut,True,-0.0045185110,0.0000000000,0.0000000000,0.0000002203,0.0000000000,5.7285535160,-0.0045185110,-0.0045185110,6,8,varshare_tqqq_70_block_cut
filtered_varshare_tqqq_70_return120_block_cut,True,-0.0045185110,0.0000000000,0.0000000000,0.0000002203,0.0000000000,5.7285535160,-0.0045185110,-0.0045185110,6,8,varshare_tqqq_70_block_cut
filtered_varshare_qqq_60_sma150_block_cut,True,-0.0046340689,0.0031130356,0.0051547754,0.0000002312,0.0000002958,5.6026512410,-0.0046340689,0.0036337421,19,21,
filtered_varshare_qqq_60_sma200_block_cut,True,-0.0046340689,0.0031130356,0.0051547754,0.0000002312,0.0000002958,5.6026512410,-0.0046340689,0.0036337421,19,21,filtered_varshare_qqq_60_sma150_block_cut
filtered_varshare_qqq_60_sma100_block_cut,True,-0.0046451318,0.0031130356,0.0051547754,0.0000002184,0.0000002958,5.6026512410,-0.0046451318,0.0036226792,22,24,
filtered_varshare_qqq_60_return120_block_cut,True,-0.0046451318,0.0031130356,0.0051547754,0.0000002184,0.0000002958,5.6026512410,-0.0046451318,0.0036226792,22,24,filtered_varshare_qqq_60_sma100_block_cut
magratio_tqqq_125_block_cut,True,-0.0048517027,0.0138358452,0.0229449122,-0.0126748212,-0.0000002438,5.2249444157,-0.0048517027,0.0319290547,117,130,
magratio_qqq_125_block_cut,True,-0.0048517027,0.0138358452,0.0229449122,-0.0126748212,-0.0000002438,5.2249444157,-0.0048517027,0.0319290547,117,130,magratio_tqqq_125_block_cut
filtered_varshare_qqq_65_sma150_block_cut,True,-0.0049385575,0.0020864918,0.0032187302,0.0000002312,0.0000004139,5.6026512410,-0.0049385575,0.0003666645,13,15,
filtered_varshare_qqq_65_sma200_block_cut,True,-0.0049385575,0.0020864918,0.0032187302,0.0000002312,0.0000004139,5.6026512410,-0.0049385575,0.0003666645,13,15,filtered_varshare_qqq_65_sma150_block_cut
filtered_varshare_tqqq_65_sma150_block_cut,True,-0.0049385575,0.0020864918,0.0032187302,0.0000002312,0.0000004139,5.6026512410,-0.0049385575,0.0003666645,13,15,filtered_varshare_qqq_65_sma150_block_cut
filtered_varshare_tqqq_65_sma200_block_cut,True,-0.0049385575,0.0020864918,0.0032187302,0.0000002312,0.0000004139,5.6026512410,-0.0049385575,0.0003666645,13,15,filtered_varshare_qqq_65_sma150_block_cut
ret_qqq_60_step_up,False,0.0101536215,0.0102543961,0.0343520499,-0.0109077116,-0.0612218436,8.7502081179,0.0101536215,0.0547600674,686,710,
combo_qqq_50_55_step_up,False,0.0067440112,0.0051370167,0.0184760861,-0.0147315420,-0.0858610600,9.0649638056,0.0051370167,0.0303571140,678,695,
ret_qqq_60_floor100,False,0.0050935851,0.0065183186,0.0393666179,-0.1381247917,-0.0994972710,8.4984035677,0.0050935851,0.0509785216,686,710,
ret_qqq_20_block_cut,False,0.0061461826,0.0037997313,0.0063779351,-0.0352299394,-0.0352671954,5.0990421406,0.0037997313,0.0163238491,190,203,
combo_qqq_30_55_step_up,False,0.0106611707,0.0036743321,0.0100916916,-0.0286671705,-0.0997965966,9.5685729059,0.0036743321,0.0244271944,790,809,
ret_tqqq_200_step_up,False,0.0009465156,0.0063832059,0.0226274969,-0.0171057403,-0.0447643885,8.7502081179,0.0009465156,0.0299572184,553,570,
combo_tqqq_100_55_step_up,False,0.0102843301,0.0009334468,0.0150985081,-0.0058288004,-0.0769578791,9.0649638056,0.0009334468,0.0263162850,689,705,
combo_qqq_75_65_step_up,False,0.0021648063,0.0014605856,0.0005407661,0.0372756306,-0.0338538971,7.1764296794,0.0005407661,0.0041661580,333,342,
combo_qqq_30_65_floor100,False,0.0111126285,0.0027022671,-0.0004692773,-0.1127799696,-0.0502944979,7.2393808170,-0.0004692773,0.0133456183,379,389,
combo_tqqq_200_65_step_up,False,0.0039732825,0.0007834352,-0.0005031647,0.0372756286,-0.0338540704,6.9246251293,-0.0005031647,0.0042535530,327,335,
combo_qqq_30_65_step_up,False,0.0132936105,0.0026656952,-0.0005236219,0.0320966379,-0.0390324208,7.3023319545,-0.0005236219,0.0154356838,379,389,
ret_qqq_60_floor50,False,0.0041061098,-0.0009131863,0.0084885516,0.0053066844,-0.0330465195,6.7357717166,-0.0009131863,0.0116814751,312,312,
combo_qqq_100_65_step_up,False,0.0009218159,-0.0002207343,-0.0012145154,0.0200077938,-0.0511218279,6.7987228542,-0.0012145154,-0.0005134338,270,276,
ret_qqq_40_step_up,False,0.0059982459,-0.0015669396,0.0022079872,-0.0303318223,-0.1014610092,8.6872569804,-0.0015669396,0.0066392934,863,889,
combo_tqqq_150_65_step_up,False,-0.0016989060,0.0000985619,-0.0025375187,0.0320966376,-0.0390327312,7.0505274043,-0.0025375187,-0.0041378628,344,352,
ret_tqqq_50_block_cut,False,-0.0031596635,0.0098348455,0.0157115873,-0.0352299091,-0.0000000526,5.0990421406,-0.0031596635,0.0223867693,136,149,
ret_qqq_80_floor50,False,-0.0023006227,-0.0033380221,0.0047273264,-0.0014361469,-0.0219090918,6.3580648914,-0.0033380221,-0.0009113184,258,258,
magratio_qqq_200_floor100,False,-0.0033914344,0.0040786235,0.0062957153,-0.0007525479,-0.0305698563,7.9947944674,-0.0033914344,0.0069829044,165,170,
magratio_tqqq_200_floor100,False,-0.0039060433,0.0031435397,0.0048520223,-0.0007525479,-0.0305702631,7.8688921923,-0.0039060433,0.0040895187,163,168,
combo_tqqq_200_65_floor100,False,-0.0041258292,0.0026265214,0.0023358984,-0.0972836166,-0.0390227923,6.8616739917,-0.0041258292,0.0008365906,327,335,
combo_qqq_50_65_step_up,False,0.0002542590,-0.0013313742,-0.0047376911,0.0285394743,-0.0425898454,7.3023319545,-0.0047376911,-0.0058148064,360,370,
combo_tqqq_200_55_step_up,False,-0.0049309077,0.0031112921,0.0201141011,-0.0171058947,-0.0447643691,8.4984035677,-0.0049309077,0.0182944854,511,523,
combo_tqqq_100_65_step_up,False,0.0044708843,-0.0015369593,-0.0050519250,0.0285394653,-0.0425899249,7.1764296794,-0.0050519250,-0.0021179999,357,365,
combo_qqq_30_65_block_cut,False,-0.0052075044,0.0020864918,0.0032187302,-0.0095549276,0.0000004139,5.6026512410,-0.0052075044,0.0000977175,22,24,
magratio_tqqq_150_step_up,False,-0.0053636562,0.0124761154,0.0304221713,-0.0109199739,-0.0184263212,7.3652830920,-0.0053636562,0.0375346305,507,525,
varshare_tqqq_65_floor50,False,0.0035440347,-0.0034875757,-0.0053725768,0.0537716483,-0.0173580815,5.9803580662,-0.0053725768,-0.0053161177,197,197,
varshare_qqq_65_floor50,False,0.0035440347,-0.0034875757,-0.0053725768,0.0537716483,-0.0173580815,5.9803580662,-0.0053725768,-0.0053161177,197,197,varshare_tqqq_65_floor50
ret_tqqq_100_step_up,False,0.0115369316,-0.0053875482,0.0018279858,-0.0058288101,-0.0769583065,8.8131592554,-0.0053875482,0.0079773693,802,828,
varshare_tqqq_75_floor50,False,-0.0054591971,0.0038749615,0.0059787312,0.0248499795,-0.0086689062,5.9803580662,-0.0054591971,0.0043944956,31,31,
combo_tqqq_100_75_floor50,False,-0.0054591971,0.0038749615,0.0059787312,0.0248499795,-0.0086689062,5.9803580662,-0.0054591971,0.0043944956,31,31,varshare_tqqq_75_floor50
combo_tqqq_150_75_floor50,False,-0.0054591971,0.0038749615,0.0059787312,0.0248499795,-0.0086689062,5.9803580662,-0.0054591971,0.0043944956,31,31,varshare_tqqq_75_floor50
combo_tqqq_200_75_floor50,False,-0.0054591971,0.0038749615,0.0059787312,0.0248499795,-0.0086689062,5.9803580662,-0.0054591971,0.0043944956,31,31,varshare_tqqq_75_floor50
combo_tqqq_300_75_floor50,False,-0.0054591971,0.0038749615,0.0059787312,0.0248499795,-0.0086689062,5.9803580662,-0.0054591971,0.0043944956,31,31,varshare_tqqq_75_floor50
combo_qqq_50_55_floor100,False,-0.0021864787,-0.0054729605,0.0079048853,-0.0839550685,-0.1550844906,8.8761103930,-0.0054729605,0.0002454461,678,695,
filtered_varshare_tqqq_60_sma150_block_cut,False,-0.0055443957,0.0014587691,0.0026040336,0.0000002312,-0.0000001891,5.4767489659,-0.0055443957,-0.0014815931,23,25,
filtered_varshare_tqqq_60_sma200_block_cut,False,-0.0055443957,0.0014587691,0.0026040336,0.0000002312,-0.0000001891,5.4767489659,-0.0055443957,-0.0014815931,23,25,filtered_varshare_tqqq_60_sma150_block_cut
filtered_varshare_tqqq_60_sma100_block_cut,False,-0.0055554508,0.0014587691,0.0026040336,0.0000002184,-0.0000001891,5.4767489659,-0.0055554508,-0.0014926482,26,28,
filtered_varshare_tqqq_60_return120_block_cut,False,-0.0055554508,0.0014587691,0.0026040336,0.0000002184,-0.0000001891,5.4767489659,-0.0055554508,-0.0014926482,26,28,filtered_varshare_tqqq_60_sma100_block_cut
filtered_varshare_qqq_65_sma100_block_cut,False,-0.0057005970,0.0020864918,0.0032187302,0.0000002706,0.0000004139,5.6026512410,-0.0057005970,-0.0003953750,14,16,
filtered_varshare_qqq_65_return120_block_cut,False,-0.0057005970,0.0020864918,0.0032187302,0.0000002706,0.0000004139,5.6026512410,-0.0057005970,-0.0003953750,14,16,filtered_varshare_qqq_65_sma100_block_cut
filtered_varshare_tqqq_65_sma100_block_cut,False,-0.0057005970,0.0020864918,0.0032187302,0.0000002706,0.0000004139,5.6026512410,-0.0057005970,-0.0003953750,14,16,filtered_varshare_qqq_65_sma100_block_cut
filtered_varshare_tqqq_65_return120_block_cut,False,-0.0057005970,0.0020864918,0.0032187302,0.0000002706,0.0000004139,5.6026512410,-0.0057005970,-0.0003953750,14,16,filtered_varshare_qqq_65_sma100_block_cut
ret_qqq_20_step_up,False,-0.0057642373,-0.0013571920,0.0075545715,-0.0926395526,-0.1110671874,9.8833285936,-0.0057642373,0.0004331422,1090,1119,
combo_qqq_75_65_floor50,False,-0.0057813423,0.0034716801,0.0053561961,0.0307003646,-0.0006981433,6.2321626163,-0.0057813423,0.0030465340,151,151,
combo_tqqq_100_55_floor50,False,0.0007609677,-0.0059311601,-0.0041880599,0.0226654872,-0.0484639880,6.8616739917,-0.0059311601,-0.0093582522,303,303,
ret_qqq_150_floor50,False,-0.0061348947,0.0065776936,0.0101516079,0.0056669512,-0.0006981156,5.8544557911,-0.0061348947,0.0105944068,144,144,
varshare_tqqq_65_block_cut,False,-0.0061818069,0.0020864918,0.0032187302,-0.0186041474,0.0000004139,5.6026512410,-0.0061818069,-0.0008765849,24,26,
varshare_qqq_65_block_cut,False,-0.0061818069,0.0020864918,0.0032187302,-0.0186041474,0.0000004139,5.6026512410,-0.0061818069,-0.0008765849,24,26,varshare_tqqq_65_block_cut
combo_qqq_75_55_step_up,False,-0.0062617561,-0.0025263439,0.0113275604,-0.0040050060,-0.0447639373,9.0020126680,-0.0062617561,0.0025394604,535,547,
varshare_tqqq_80_floor50,False,-0.0063744656,-0.0037633519,-0.0057972204,-0.0032675163,-0.0086686043,5.7285535160,-0.0063744656,-0.0159350379,6,6,
varshare_qqq_80_floor50,False,-0.0063744656,-0.0037633519,-0.0057972204,-0.0032675163,-0.0086686043,5.7285535160,-0.0063744656,-0.0159350379,6,6,varshare_tqqq_80_floor50
ret_qqq_40_floor50,False,-0.0064203491,-0.0068270738,-0.0047299104,-0.0482071368,-0.0744672975,6.4839671665,-0.0068270738,-0.0179773334,386,386,
ret_qqq_20_floor50,False,-0.0061729737,-0.0061401935,-0.0069370214,-0.1301234139,-0.0684823630,6.8616739917,-0.0069370214,-0.0192501886,458,458,
combo_tqqq_300_55_block_cut,False,-0.0069802527,0.0020864918,0.0032187302,0.0000002095,0.0000004139,5.6026512410,-0.0069802527,-0.0016750308,13,15,
combo_qqq_100_55_block_cut,False,-0.0069802527,0.0020864918,0.0032187302,0.0000002095,0.0000004139,5.6026512410,-0.0069802527,-0.0016750308,13,15,combo_tqqq_300_55_block_cut
ret_tqqq_150_step_up,False,-0.0069934962,0.0022833934,0.0218663694,0.0001162559,-0.0612223567,8.6243058428,-0.0069934962,0.0171562666,668,692,
combo_tqqq_100_65_floor100,False,-0.0020937122,-0.0029333197,-0.0072003095,-0.0973428397,-0.0727534472,7.1134785419,-0.0072003095,-0.0122273414,357,365,
combo_qqq_100_65_floor100,False,-0.0074473298,0.0039472687,0.0052105453,-0.0973509124,-0.0511215652,6.7357717166,-0.0074473298,0.0017104841,270,276,
combo_qqq_50_65_floor100,False,-0.0075169664,-0.0027278690,-0.0068852445,-0.1127309151,-0.0727533858,7.2393808170,-0.0075169664,-0.0171300799,360,370,
magratio_qqq_150_step_up,False,-0.0075247459,0.0085224211,0.0276035844,-0.0109199739,-0.0184259159,7.6170876422,-0.0075247459,0.0286012596,511,531,
combo_tqqq_300_65_floor100,False,-0.0075940621,-0.0013543615,-0.0029611938,-0.0973509124,-0.0588335624,6.7357717166,-0.0075940621,-0.0119096174,263,269,
combo_qqq_50_55_floor50,False,0.0001474664,-0.0076483806,-0.0068394428,0.0132175740,-0.0579119255,6.8616739917,-0.0076483806,-0.0143403570,319,319,
combo_tqqq_100_55_floor100,False,0.0018966764,-0.0077253989,0.0075430335,-0.0743401640,-0.1389006739,8.8761103930,-0.0077253989,0.0017143111,689,705,
combo_tqqq_300_65_step_up,False,-0.0002002015,-0.0044850276,-0.0077760448,0.0122959131,-0.0588336819,6.7987228542,-0.0077760448,-0.0124612740,263,269,
combo_qqq_30_55_floor50,False,0.0053637152,-0.0078677797,-0.0071727234,0.0029248759,-0.0682042576,6.7357717166,-0.0078677797,-0.0096767879,366,366,
combo_qqq_100_55_step_up,False,-0.0080597830,-0.0018483540,0.0088581997,-0.0083289538,-0.0362175534,7.4911853671,-0.0080597830,-0.0010499373,379,386,
combo_qqq_75_75_step_up,False,-0.0081161887,0.0055769669,0.0084101673,0.0349305501,-0.0220711115,6.7987228542,-0.0081161887,0.0058709455,95,97,
ret_qqq_120_block_cut,False,-0.0081274306,0.0000000000,0.0000000000,0.0000002095,0.0000000000,5.7285535160,-0.0081274306,-0.0081274306,10,12,
filtered_ret_qqq_120_return60_block_cut,False,-0.0081274306,0.0000000000,0.0000000000,0.0000002095,0.0000000000,5.7285535160,-0.0081274306,-0.0081274306,10,12,ret_qqq_120_block_cut
ret_tqqq_400_block_cut,False,-0.0082249636,0.0000000000,0.0000000000,0.0000001065,0.0000000000,5.7285535160,-0.0082249636,-0.0082249636,9,11,
varshare_qqq_75_step_up,False,-0.0082843976,0.0055769669,0.0084101673,0.0349306778,-0.0220711115,6.7987228542,-0.0082843976,0.0057027366,96,98,
combo_qqq_30_75_step_up,False,-0.0082843976,0.0055769669,0.0084101673,0.0349306778,-0.0220711115,6.7987228542,-0.0082843976,0.0057027366,96,98,varshare_qqq_75_step_up
combo_qqq_50_75_step_up,False,-0.0082843976,0.0055769669,0.0084101673,0.0349306778,-0.0220711115,6.7987228542,-0.0082843976,0.0057027366,96,98,varshare_qqq_75_step_up
combo_tqqq_200_55_block_cut,False,-0.0086672543,0.0033423107,0.0051547754,0.0000000575,0.0000003028,5.6026512410,-0.0086672543,-0.0001701682,26,28,
combo_tqqq_150_55_step_up,False,-0.0087063622,0.0095206561,0.0336082055,0.0001162138,-0.0612217465,8.6243058428,-0.0087063622,0.0344224994,601,616,
varshare_tqqq_75_step_up,False,-0.0089472969,0.0043669258,0.0065393943,0.0349306778,-0.0220712684,6.4210160290,-0.0089472969,0.0019590232,94,96,
combo_tqqq_100_75_step_up,False,-0.0089472969,0.0043669258,0.0065393943,0.0349306778,-0.0220712684,6.4210160290,-0.0089472969,0.0019590232,94,96,varshare_tqqq_75_step_up
combo_tqqq_150_75_step_up,False,-0.0089472969,0.0043669258,0.0065393943,0.0349306778,-0.0220712684,6.4210160290,-0.0089472969,0.0019590232,94,96,varshare_tqqq_75_step_up
combo_tqqq_200_75_step_up,False,-0.0089472969,0.0043669258,0.0065393943,0.0349306778,-0.0220712684,6.4210160290,-0.0089472969,0.0019590232,94,96,varshare_tqqq_75_step_up
combo_qqq_30_55_floor100,False,0.0031398956,-0.0089693198,-0.0035825899,-0.0988808198,-0.1700102538,9.5056217684,-0.0089693198,-0.0094120141,790,809,
ret_qqq_150_block_cut,False,-0.0090017495,0.0000000000,0.0000000000,0.0000001303,0.0000000000,5.7285535160,-0.0090017495,-0.0090017495,8,10,
filtered_ret_qqq_150_return60_block_cut,False,-0.0090017495,0.0000000000,0.0000000000,0.0000001303,0.0000000000,5.7285535160,-0.0090017495,-0.0090017495,8,10,ret_qqq_150_block_cut
combo_tqqq_150_65_floor100,False,-0.0093520230,0.0003672838,-0.0021250565,-0.0972836166,-0.0550614981,6.9875762668,-0.0093520230,-0.0111097958,344,352,
combo_qqq_75_55_block_cut,False,-0.0093560667,0.0020864918,0.0032187302,0.0000000575,0.0000004139,5.6026512410,-0.0093560667,-0.0040508448,22,24,
magratio_qqq_125_step_up,False,-0.0071769007,-0.0093567079,0.0040572053,-0.0215295440,-0.0864487016,9.1908660807,-0.0093567079,-0.0124764032,794,821,
ret_tqqq_100_floor50,False,-0.0019758637,-0.0093911969,-0.0052642312,0.0226655209,-0.0484638583,6.6098694416,-0.0093911969,-0.0166312918,326,326,
combo_tqqq_300_55_floor50,False,-0.0094596494,0.0006169690,0.0108625048,0.0205777269,-0.0006984570,5.9803580662,-0.0094596494,0.0020198243,181,181,
combo_qqq_75_65_floor100,False,-0.0097142563,0.0035881932,0.0038179603,-0.1127836078,-0.0347578836,7.1134785419,-0.0097142563,-0.0023081028,333,342,
filtered_ret_qqq_120_sma100_block_cut,False,-0.0097198433,0.0000000000,0.0000000000,0.0000001834,0.0000000000,5.7285535160,-0.0097198433,-0.0097198433,7,9,
filtered_ret_qqq_120_sma150_block_cut,False,-0.0097198433,0.0000000000,0.0000000000,0.0000001834,0.0000000000,5.7285535160,-0.0097198433,-0.0097198433,7,9,filtered_ret_qqq_120_sma100_block_cut
filtered_ret_qqq_120_sma200_block_cut,False,-0.0097198433,0.0000000000,0.0000000000,0.0000001834,0.0000000000,5.7285535160,-0.0097198433,-0.0097198433,7,9,filtered_ret_qqq_120_sma100_block_cut
filtered_ret_qqq_120_return120_block_cut,False,-0.0097198433,0.0000000000,0.0000000000,0.0000001834,0.0000000000,5.7285535160,-0.0097198433,-0.0097198433,7,9,filtered_ret_qqq_120_sma100_block_cut
filtered_ret_qqq_120_return200_block_cut,False,-0.0097198433,0.0000000000,0.0000000000,0.0000001834,0.0000000000,5.7285535160,-0.0097198433,-0.0097198433,7,9,filtered_ret_qqq_120_sma100_block_cut
filtered_ret_qqq_150_sma100_block_cut,False,-0.0097198433,0.0000000000,0.0000000000,0.0000001834,0.0000000000,5.7285535160,-0.0097198433,-0.0097198433,7,9,filtered_ret_qqq_120_sma100_block_cut
filtered_ret_qqq_150_sma150_block_cut,False,-0.0097198433,0.0000000000,0.0000000000,0.0000001834,0.0000000000,5.7285535160,-0.0097198433,-0.0097198433,7,9,filtered_ret_qqq_120_sma100_block_cut
filtered_ret_qqq_150_sma200_block_cut,False,-0.0097198433,0.0000000000,0.0000000000,0.0000001834,0.0000000000,5.7285535160,-0.0097198433,-0.0097198433,7,9,filtered_ret_qqq_120_sma100_block_cut
filtered_ret_qqq_150_return120_block_cut,False,-0.0097198433,0.0000000000,0.0000000000,0.0000001834,0.0000000000,5.7285535160,-0.0097198433,-0.0097198433,7,9,filtered_ret_qqq_120_sma100_block_cut
filtered_ret_qqq_150_return200_block_cut,False,-0.0097198433,0.0000000000,0.0000000000,0.0000001834,0.0000000000,5.7285535160,-0.0097198433,-0.0097198433,7,9,filtered_ret_qqq_120_sma100_block_cut
varshare_qqq_65_step_up,False,0.0085495166,-0.0028696582,-0.0097275820,0.0223879555,-0.0487413496,6.9246251293,-0.0097275820,-0.0040477237,397,407,
combo_qqq_100_75_step_up,False,-0.0097782205,0.0060184145,0.0084101673,0.0349306255,-0.0220707297,6.7987228542,-0.0097782205,0.0046503613,91,93,
combo_qqq_100_55_floor50,False,-0.0098930715,0.0016386150,0.0124511548,0.0180636056,-0.0006981328,5.9803580662,-0.0098930715,0.0041966982,208,208,
ret_qqq_100_step_up,False,-0.0100088997,-0.0056325207,0.0029835622,-0.0083292094,-0.0362180277,7.9947944674,-0.0100088997,-0.0126578582,403,410,
varshare_tqqq_65_step_up,False,0.0084349293,-0.0030750835,-0.0100429009,0.0223879687,-0.0487411601,6.7987228542,-0.0100429009,-0.0046830551,394,402,
ret_qqq_100_floor50,False,-0.0101414585,0.0009381727,0.0113639438,0.0180638906,-0.0006983863,5.8544557911,-0.0101414585,0.0021606580,213,213,
ret_qqq_120_step_up,False,-0.0102229734,-0.0024742915,-0.0045617317,-0.0265184076,-0.0006983781,7.6800387797,-0.0102229734,-0.0172589965,305,310,
ret_tqqq_300_block_cut,False,-0.0102331384,-0.0038268880,-0.0058962365,0.0000002095,-0.0000003576,5.6026512410,-0.0102331384,-0.0199562630,15,17,
ret_qqq_100_block_cut,False,-0.0102331384,-0.0038268880,-0.0058962365,0.0000002095,-0.0000003576,5.6026512410,-0.0102331384,-0.0199562630,15,17,ret_tqqq_300_block_cut
filtered_ret_qqq_100_return60_block_cut,False,-0.0102331384,-0.0038268880,-0.0058962365,0.0000002095,-0.0000003576,5.6026512410,-0.0102331384,-0.0199562630,15,17,ret_tqqq_300_block_cut
filtered_ret_tqqq_300_return60_block_cut,False,-0.0102331384,-0.0038268880,-0.0058962365,0.0000002095,-0.0000003576,5.6026512410,-0.0102331384,-0.0199562630,15,17,ret_tqqq_300_block_cut
filtered_ret_tqqq_150_return60_block_cut,False,-0.0103923812,0.0018219377,0.0028106487,0.0000001026,0.0000006015,5.4767489659,-0.0103923812,-0.0057597948,67,72,
magratio_tqqq_125_step_up,False,-0.0077531691,-0.0103968804,0.0024389140,-0.0215295440,-0.0864484958,9.0649638056,-0.0103968804,-0.0157111356,790,816,
combo_tqqq_300_75_step_up,False,-0.0104403576,0.0048079519,0.0065393943,0.0349306255,-0.0220704666,6.4210160290,-0.0104403576,0.0009069886,89,91,
ret_tqqq_200_floor50,False,-0.0105038975,-0.0043997223,0.0030804407,-0.0123395638,-0.0156250777,6.6098694416,-0.0105038975,-0.0118231791,231,231,
filtered_ret_tqqq_150_return200_block_cut,False,-0.0106113798,0.0018219377,0.0028106487,0.0000000730,0.0000006015,5.4767489659,-0.0106113798,-0.0059787934,54,59,
magratio_tqqq_125_floor50,False,-0.0107279731,-0.0084584629,-0.0080858166,0.0125938030,-0.0585350595,6.7357717166,-0.0107279731,-0.0272722527,307,307,
magratio_qqq_125_floor50,False,-0.0107279731,-0.0084584629,-0.0080858166,0.0125938030,-0.0585350595,6.7357717166,-0.0107279731,-0.0272722527,307,307,magratio_tqqq_125_floor50
ret_tqqq_300_floor50,False,-0.0108501021,0.0006169690,0.0108625048,0.0205778945,-0.0006984570,5.9803580662,-0.0108501021,0.0006293717,184,184,
combo_qqq_75_55_floor50,False,-0.0109051206,-0.0035575307,0.0043854346,-0.0033943610,-0.0156250777,6.6098694416,-0.0109051206,-0.0100772168,264,264,
varshare_tqqq_70_floor50,False,-0.0078761127,-0.0070967533,-0.0109249315,0.0319814106,-0.0391481016,6.3580648914,-0.0109249315,-0.0258977975,96,96,
combo_tqqq_150_55_block_cut,False,-0.0112033306,0.0016878611,0.0026040336,0.0000000087,0.0000003330,5.4767489659,-0.0112033306,-0.0069114358,36,38,
combo_qqq_50_55_block_cut,False,-0.0112033306,0.0016878611,0.0026040336,0.0000000087,0.0000003330,5.4767489659,-0.0112033306,-0.0069114358,36,38,combo_tqqq_150_55_block_cut
varshare_tqqq_80_step_up,False,-0.0112317449,0.0004300880,0.0006611699,-0.0032673759,-0.0086687413,5.8544557911,-0.0112317449,-0.0101404870,15,15,
ret_tqqq_250_floor50,False,-0.0112519922,0.0004623153,0.0106217365,0.0250226556,-0.0006981853,6.1062603413,-0.0112519922,-0.0001679405,211,211,
combo_tqqq_100_55_block_cut,False,-0.0113287647,0.0014587691,0.0026040336,0.0000000087,-0.0000001891,5.4767489659,-0.0113287647,-0.0072659621,37,39,
ret_tqqq_250_step_up,False,-0.0113733790,-0.0042118687,0.0116032977,0.0225805415,-0.0398012932,7.7429899173,-0.0113733790,-0.0039819500,469,478,
varshare_qqq_80_step_up,False,-0.0114391880,0.0000518668,0.0000786890,-0.0032673759,-0.0086688307,5.8544557911,-0.0114391880,-0.0113086322,16,16,
magratio_tqqq_150_floor50,False,-0.0114746174,0.0016386150,0.0124511548,0.0231427363,-0.0006981328,5.9803580662,-0.0114746174,0.0026151523,177,177,
magratio_qqq_150_floor50,False,-0.0114746174,0.0016386150,0.0124511548,0.0231427363,-0.0006981328,5.9803580662,-0.0114746174,0.0026151523,177,177,magratio_tqqq_150_floor50
magratio_tqqq_150_block_cut,False,-0.0114769125,0.0018219377,0.0028106487,0.0000003512,0.0000006015,5.4767489659,-0.0114769125,-0.0068443261,60,65,
magratio_qqq_150_block_cut,False,-0.0114769125,0.0018219377,0.0028106487,0.0000003512,0.0000006015,5.4767489659,-0.0114769125,-0.0068443261,60,65,magratio_tqqq_150_block_cut
filtered_ret_qqq_100_sma100_block_cut,False,-0.0118229961,-0.0038268880,-0.0058962365,0.0000001834,-0.0000003576,5.6026512410,-0.0118229961,-0.0215461206,12,14,
filtered_ret_qqq_100_sma150_block_cut,False,-0.0118229961,-0.0038268880,-0.0058962365,0.0000001834,-0.0000003576,5.6026512410,-0.0118229961,-0.0215461206,12,14,filtered_ret_qqq_100_sma100_block_cut
filtered_ret_qqq_100_sma200_block_cut,False,-0.0118229961,-0.0038268880,-0.0058962365,0.0000001834,-0.0000003576,5.6026512410,-0.0118229961,-0.0215461206,12,14,filtered_ret_qqq_100_sma100_block_cut
filtered_ret_qqq_100_return120_block_cut,False,-0.0118229961,-0.0038268880,-0.0058962365,0.0000001834,-0.0000003576,5.6026512410,-0.0118229961,-0.0215461206,12,14,filtered_ret_qqq_100_sma100_block_cut
filtered_ret_qqq_100_return200_block_cut,False,-0.0118229961,-0.0038268880,-0.0058962365,0.0000001834,-0.0000003576,5.6026512410,-0.0118229961,-0.0215461206,12,14,filtered_ret_qqq_100_sma100_block_cut
filtered_ret_tqqq_300_sma100_block_cut,False,-0.0118229961,-0.0038268880,-0.0058962365,0.0000001834,-0.0000003576,5.6026512410,-0.0118229961,-0.0215461206,12,14,filtered_ret_qqq_100_sma100_block_cut
filtered_ret_tqqq_300_sma150_block_cut,False,-0.0118229961,-0.0038268880,-0.0058962365,0.0000001834,-0.0000003576,5.6026512410,-0.0118229961,-0.0215461206,12,14,filtered_ret_qqq_100_sma100_block_cut
filtered_ret_tqqq_300_sma200_block_cut,False,-0.0118229961,-0.0038268880,-0.0058962365,0.0000001834,-0.0000003576,5.6026512410,-0.0118229961,-0.0215461206,12,14,filtered_ret_qqq_100_sma100_block_cut
filtered_ret_tqqq_300_return120_block_cut,False,-0.0118229961,-0.0038268880,-0.0058962365,0.0000001834,-0.0000003576,5.6026512410,-0.0118229961,-0.0215461206,12,14,filtered_ret_qqq_100_sma100_block_cut
filtered_ret_tqqq_300_return200_block_cut,False,-0.0118229961,-0.0038268880,-0.0058962365,0.0000001834,-0.0000003576,5.6026512410,-0.0118229961,-0.0215461206,12,14,filtered_ret_qqq_100_sma100_block_cut
combo_qqq_30_55_block_cut,False,-0.0118619931,0.0013678211,0.0024627867,-0.0219727647,-0.0000001081,5.3508466908,-0.0118619931,-0.0080313854,49,51,
ret_qqq_150_floor100,False,-0.0120701179,0.0129650618,0.0200428621,-0.1414827624,-0.0148001692,7.1134785419,-0.0120701179,0.0209378061,202,204,
filtered_ret_qqq_80_return200_block_cut,False,-0.0120820568,-0.0038268880,-0.0058962365,0.0000001834,-0.0000003576,5.6026512410,-0.0120820568,-0.0218051813,13,16,
filtered_ret_tqqq_250_return200_block_cut,False,-0.0120820568,-0.0038268880,-0.0058962365,0.0000001834,-0.0000003576,5.6026512410,-0.0120820568,-0.0218051813,13,15,filtered_ret_qqq_80_return200_block_cut
combo_tqqq_300_55_step_up,False,-0.0121121607,-0.0078253688,-0.0015343496,-0.0059508583,-0.0441637428,7.7429899173,-0.0121121607,-0.0214718791,351,357,
varshare_tqqq_55_block_cut,False,-0.0123524747,-0.0025273013,-0.0067821033,-0.0158799223,-0.0352672372,5.2249444157,-0.0123524747,-0.0216618793,97,99,
varshare_qqq_55_block_cut,False,-0.0123524747,-0.0025273013,-0.0067821033,-0.0158799223,-0.0352672372,5.2249444157,-0.0123524747,-0.0216618793,97,99,varshare_tqqq_55_block_cut
ret_qqq_80_step_up,False,-0.0015891392,-0.0123602733,-0.0008966860,0.0133959508,-0.0501027788,8.3725012927,-0.0123602733,-0.0148460985,535,548,
ret_tqqq_400_floor50,False,-0.0123659839,0.0065776936,0.0101516079,0.0056670484,-0.0006981156,5.8544557911,-0.0123659839,0.0043633175,146,146,
filtered_ret_tqqq_200_return200_block_cut,False,-0.0124030231,-0.0025764176,-0.0039690659,0.0000003039,0.0000003113,5.6026512410,-0.0124030231,-0.0189485066,18,22,
ret_qqq_40_floor100,False,-0.0098452325,-0.0125340400,-0.0087042372,-0.2424374226,-0.1829332862,8.6243058428,-0.0125340400,-0.0310835097,863,889,
varshare_qqq_65_floor100,False,0.0012920717,-0.0047293104,-0.0125825057,-0.1132246041,-0.0919142434,6.9246251293,-0.0125825057,-0.0160197443,397,407,
ret_tqqq_150_block_cut,False,-0.0127595853,0.0018219377,0.0028106487,0.0000001407,0.0000006015,5.4767489659,-0.0127595853,-0.0081269989,71,76,
ret_tqqq_400_step_up,False,-0.0128642098,0.0022143480,0.0034135745,-0.0251638032,-0.0006984781,7.2393808170,-0.0128642098,-0.0072362872,248,251,
varshare_tqqq_65_floor100,False,0.0011780908,-0.0049345358,-0.0128966917,-0.1132246041,-0.0919139803,6.7987228542,-0.0128966917,-0.0166531367,394,402,
ret_tqqq_200_block_cut,False,-0.0129238785,-0.0025764176,-0.0039690659,0.0000001872,0.0000003113,5.6026512410,-0.0129238785,-0.0194693620,29,33,
filtered_ret_tqqq_200_return60_block_cut,False,-0.0129238785,-0.0025764176,-0.0039690659,0.0000001872,0.0000003113,5.6026512410,-0.0129238785,-0.0194693620,29,33,ret_tqqq_200_block_cut
filtered_ret_tqqq_150_sma150_block_cut,False,-0.0129309914,0.0018219377,0.0028106487,0.0000003237,0.0000006015,5.4767489659,-0.0129309914,-0.0082984050,59,64,
filtered_ret_tqqq_150_sma200_block_cut,False,-0.0129309914,0.0018219377,0.0028106487,0.0000003237,0.0000006015,5.4767489659,-0.0129309914,-0.0082984050,59,64,filtered_ret_tqqq_150_sma150_block_cut
filtered_ret_tqqq_150_sma100_block_cut,False,-0.0129438494,0.0018219377,0.0028106487,0.0000002432,0.0000006015,5.4767489659,-0.0129438494,-0.0083112630,62,67,
filtered_ret_tqqq_150_return120_block_cut,False,-0.0129438494,0.0018219377,0.0028106487,0.0000002432,0.0000006015,5.4767489659,-0.0129438494,-0.0083112630,62,67,filtered_ret_tqqq_150_sma100_block_cut
combo_qqq_75_75_floor100,False,-0.0130999643,0.0099861737,0.0152302629,0.0405595795,-0.0305699047,6.9246251293,-0.0130999643,0.0121164723,95,97,
ret_qqq_80_block_cut,False,-0.0132472987,-0.0038268880,-0.0058962365,0.0000000988,-0.0000003576,5.6026512410,-0.0132472987,-0.0229704232,23,26,
filtered_ret_qqq_80_return60_block_cut,False,-0.0132472987,-0.0038268880,-0.0058962365,0.0000000988,-0.0000003576,5.6026512410,-0.0132472987,-0.0229704232,23,26,ret_qqq_80_block_cut
varshare_qqq_75_floor100,False,-0.0132657925,0.0099861737,0.0152302629,0.0405596175,-0.0305699047,6.9246251293,-0.0132657925,0.0119506442,96,98,
combo_qqq_30_75_floor100,False,-0.0132657925,0.0099861737,0.0152302629,0.0405596175,-0.0305699047,6.9246251293,-0.0132657925,0.0119506442,96,98,varshare_qqq_75_floor100
combo_qqq_50_75_floor100,False,-0.0132657925,0.0099861737,0.0152302629,0.0405596175,-0.0305699047,6.9246251293,-0.0132657925,0.0119506442,96,98,varshare_qqq_75_floor100
ret_tqqq_200_floor100,False,-0.0135175094,0.0005425087,0.0242847944,-0.0620831780,-0.0621314264,8.4984035677,-0.0135175094,0.0113097937,553,570,
ret_tqqq_250_block_cut,False,-0.0135674708,-0.0038268880,-0.0058962365,-0.0000000584,-0.0000003576,5.6026512410,-0.0135674708,-0.0232905953,22,24,
filtered_ret_tqqq_250_return60_block_cut,False,-0.0135674708,-0.0038268880,-0.0058962365,-0.0000000584,-0.0000003576,5.6026512410,-0.0135674708,-0.0232905953,22,24,ret_tqqq_250_block_cut
ret_tqqq_150_floor50,False,-0.0140053139,-0.0080841274,-0.0026233914,0.0193698307,-0.0330462708,6.7357717166,-0.0140053139,-0.0247128327,274,274,
filtered_ret_qqq_80_sma150_block_cut,False,-0.0143991036,-0.0038268880,-0.0058962365,0.0000000747,-0.0000003576,5.6026512410,-0.0143991036,-0.0241222282,18,21,
filtered_ret_qqq_80_sma200_block_cut,False,-0.0143991036,-0.0038268880,-0.0058962365,0.0000000747,-0.0000003576,5.6026512410,-0.0143991036,-0.0241222282,18,21,filtered_ret_qqq_80_sma150_block_cut
filtered_ret_tqqq_250_sma150_block_cut,False,-0.0143991036,-0.0038268880,-0.0058962365,0.0000000747,-0.0000003576,5.6026512410,-0.0143991036,-0.0241222282,18,20,filtered_ret_qqq_80_sma150_block_cut
filtered_ret_tqqq_250_sma200_block_cut,False,-0.0143991036,-0.0038268880,-0.0058962365,0.0000000747,-0.0000003576,5.6026512410,-0.0143991036,-0.0241222282,18,20,filtered_ret_qqq_80_sma150_block_cut
filtered_ret_tqqq_200_sma150_block_cut,False,-0.0147194711,-0.0025764176,-0.0039690659,0.0000001199,0.0000003113,5.6026512410,-0.0147194711,-0.0212649546,23,27,
filtered_ret_tqqq_200_sma200_block_cut,False,-0.0147194711,-0.0025764176,-0.0039690659,0.0000001199,0.0000003113,5.6026512410,-0.0147194711,-0.0212649546,23,27,filtered_ret_tqqq_200_sma150_block_cut
combo_qqq_100_75_floor100,False,-0.0147568391,0.0104288639,0.0152302629,0.0405596724,-0.0305700255,6.9246251293,-0.0147568391,0.0109022878,91,93,
combo_tqqq_200_55_floor50,False,-0.0148478633,-0.0043997223,0.0030804407,-0.0123395377,-0.0156250777,6.6098694416,-0.0148478633,-0.0161671449,224,224,
varshare_tqqq_75_floor100,False,-0.0150578196,0.0066934558,0.0101350894,0.0405596645,-0.0305700037,6.5469183040,-0.0150578196,0.0017707256,94,96,
combo_tqqq_100_75_floor100,False,-0.0150578196,0.0066934558,0.0101350894,0.0405596645,-0.0305700037,6.5469183040,-0.0150578196,0.0017707256,94,96,varshare_tqqq_75_floor100
combo_tqqq_150_75_floor100,False,-0.0150578196,0.0066934558,0.0101350894,0.0405596645,-0.0305700037,6.5469183040,-0.0150578196,0.0017707256,94,96,varshare_tqqq_75_floor100
combo_tqqq_200_75_floor100,False,-0.0150578196,0.0066934558,0.0101350894,0.0405596645,-0.0305700037,6.5469183040,-0.0150578196,0.0017707256,94,96,varshare_tqqq_75_floor100
filtered_ret_qqq_80_sma100_block_cut,False,-0.0151559719,-0.0038268880,-0.0058962365,0.0000001341,-0.0000003576,5.6026512410,-0.0151559719,-0.0248790964,19,22,
filtered_ret_qqq_80_return120_block_cut,False,-0.0151559719,-0.0038268880,-0.0058962365,0.0000001341,-0.0000003576,5.6026512410,-0.0151559719,-0.0248790964,19,22,filtered_ret_qqq_80_sma100_block_cut
filtered_ret_tqqq_250_sma100_block_cut,False,-0.0151559719,-0.0038268880,-0.0058962365,0.0000001341,-0.0000003576,5.6026512410,-0.0151559719,-0.0248790964,19,21,filtered_ret_qqq_80_sma100_block_cut
filtered_ret_tqqq_250_return120_block_cut,False,-0.0151559719,-0.0038268880,-0.0058962365,0.0000001341,-0.0000003576,5.6026512410,-0.0151559719,-0.0248790964,19,21,filtered_ret_qqq_80_sma100_block_cut
combo_tqqq_150_55_floor50,False,-0.0153183194,-0.0073883197,-0.0015489788,0.0193694319,-0.0330470034,6.8616739917,-0.0153183194,-0.0242556178,262,262,
filtered_ret_tqqq_200_sma100_block_cut,False,-0.0154761418,-0.0025764176,-0.0039690659,0.0000001990,0.0000003113,5.6026512410,-0.0154761418,-0.0220216253,24,28,
filtered_ret_tqqq_200_return120_block_cut,False,-0.0154761418,-0.0025764176,-0.0039690659,0.0000001990,0.0000003113,5.6026512410,-0.0154761418,-0.0220216253,24,28,filtered_ret_tqqq_200_sma100_block_cut
ret_tqqq_300_step_up,False,-0.0159920980,-0.0123476392,-0.0085311993,-0.0059505947,-0.0441632719,8.2465990176,-0.0159920980,-0.0368709365,376,382,
combo_tqqq_300_75_floor100,False,-0.0165468319,0.0071351590,0.0101350894,0.0405595873,-0.0305700762,6.5469183040,-0.0165468319,0.0007234165,89,91,
ret_tqqq_100_floor100,False,0.0029356183,-0.0172481150,-0.0066885382,-0.1054591069,-0.1389006176,8.6243058428,-0.0172481150,-0.0210010348,802,828,
ret_qqq_120_floor100,False,-0.0176326727,0.0013826472,0.0013785227,-0.2328336342,-0.0148003773,7.6170876422,-0.0176326727,-0.0148715028,305,310,
varshare_tqqq_80_floor100,False,-0.0178937185,-0.0032307767,-0.0049794461,-0.0071317903,-0.0305698739,5.9174069286,-0.0178937185,-0.0261039414,15,15,
ret_qqq_80_floor100,False,-0.0096748003,-0.0180392512,0.0008634617,-0.0231660641,-0.0874567433,8.1206967425,-0.0180392512,-0.0268505898,535,548,
varshare_qqq_80_floor100,False,-0.0181001090,-0.0036080249,-0.0055589329,-0.0071317903,-0.0305700084,5.9174069286,-0.0181001090,-0.0272670668,16,16,
magratio_tqqq_150_floor100,False,-0.0190663214,0.0129658266,0.0420792239,-0.1873794784,-0.0095993407,7.1134785419,-0.0190663214,0.0359787290,507,525,
ret_tqqq_50_floor50,False,-0.0202370055,-0.0156842533,-0.0183755601,-0.0540333144,-0.0958638429,6.3580648914,-0.0202370055,-0.0542968189,386,386,
ret_tqqq_50_step_up,False,-0.0207856675,-0.0185548056,-0.0126430675,-0.0541004791,-0.1250319415,9.0649638056,-0.0207856675,-0.0519835406,977,1005,
magratio_qqq_150_floor100,False,-0.0212049759,0.0090109002,0.0392373749,-0.1873794784,-0.0095990876,7.3652830920,-0.0212049759,0.0270432992,511,531,
varshare_qqq_70_floor50,False,-0.0116095346,-0.0138436891,-0.0212807205,0.0005900992,-0.0705392584,6.3580648914,-0.0212807205,-0.0467339442,100,100,
combo_qqq_100_55_floor100,False,-0.0214571805,-0.0013634892,0.0203360465,-0.1426387845,-0.0213437350,7.2393808170,-0.0214571805,-0.0024846233,379,386,
ret_qqq_100_floor100,False,-0.0236570553,-0.0058195430,0.0133658717,-0.1426387845,-0.0213437336,7.7429899173,-0.0236570553,-0.0161107266,403,410,
varshare_qqq_60_floor50,False,-0.0237870156,-0.0030604926,0.0051560936,-0.0642742118,-0.0689713412,6.1062603413,-0.0237870156,-0.0216914146,357,357,
combo_tqqq_200_55_floor100,False,-0.0240326116,-0.0027157690,0.0217659354,-0.1256987144,-0.0621311493,8.2465990176,-0.0240326116,-0.0049824452,511,523,
combo_qqq_75_55_floor100,False,-0.0242031912,-0.0076981776,0.0139571036,-0.0819735486,-0.0580621604,8.7502081179,-0.0242031912,-0.0179442652,535,547,
magratio_qqq_125_floor100,False,-0.0245651341,-0.0206379204,-0.0076197594,-0.1712452777,-0.1560887538,9.0020126680,-0.0245651341,-0.0528228138,794,821,
magratio_tqqq_125_floor100,False,-0.0251338145,-0.0216699033,-0.0092245142,-0.1712452777,-0.1560887061,8.8761103930,-0.0251338145,-0.0560282320,790,816,
varshare_tqqq_70_step_up,False,0.0008592760,-0.0153001579,-0.0255086460,-0.0178593859,-0.0889888298,6.9875762668,-0.0255086460,-0.0399495279,224,228,
ret_tqqq_250_floor100,False,-0.0260242935,-0.0049128963,0.0212425774,-0.1407155868,-0.0250324622,7.4911853671,-0.0260242935,-0.0096946125,469,478,
combo_tqqq_300_55_floor100,False,-0.0260405754,-0.0083855629,0.0082269674,-0.1832980664,-0.0295231252,7.6170876422,-0.0260405754,-0.0261991708,351,357,
ret_tqqq_150_floor100,False,-0.0268294044,-0.0076345303,0.0170908594,-0.1445972304,-0.0994970549,8.3725012927,-0.0268294044,-0.0173730753,668,692,
varshare_tqqq_60_floor50,False,-0.0284120502,-0.0115429042,-0.0079745648,-0.0642742118,-0.0689713412,6.3580648914,-0.0284120502,-0.0479295192,352,352,
ret_tqqq_400_floor100,False,-0.0293377826,0.0076424020,0.0118014167,-0.1982919368,-0.0148002607,7.2393808170,-0.0293377826,-0.0098939639,248,251,
combo_tqqq_150_55_floor100,False,-0.0301744704,0.0002257873,0.0298516634,-0.1842173604,-0.0994974197,8.3725012927,-0.0301744704,-0.0000970196,601,616,
ret_tqqq_300_floor100,False,-0.0308282445,-0.0129061227,0.0011825100,-0.1832980664,-0.0295230088,8.1206967425,-0.0308282445,-0.0425518572,376,382,
varshare_qqq_60_step_up,False,-0.0313674537,-0.0015513631,0.0054732175,-0.0422851387,-0.0907540090,7.5541365047,-0.0313674537,-0.0274455994,682,698,
ret_qqq_20_floor100,False,-0.0315271836,-0.0117537001,-0.0059811488,-0.3314624009,-0.1879526252,9.5685729059,-0.0315271836,-0.0492620325,1090,1119,
varshare_qqq_70_step_up,False,-0.0024772205,-0.0212557568,-0.0346081249,-0.0461410320,-0.1172704806,6.9246251293,-0.0346081249,-0.0583411022,229,235,
varshare_tqqq_70_floor100,False,-0.0089756010,-0.0220033170,-0.0357476757,-0.0801749471,-0.1513042905,7.1764296794,-0.0357476757,-0.0667265937,224,228,
varshare_qqq_55_floor50,False,-0.0366311666,0.0024938329,0.0120328980,-0.1585385726,-0.0674200479,6.2321626163,-0.0366311666,-0.0221044357,521,521,
varshare_tqqq_60_step_up,False,-0.0393754213,-0.0163264632,-0.0173483675,-0.0422851387,-0.0946147517,8.0577456050,-0.0393754213,-0.0730502520,677,692,
varshare_tqqq_55_floor50,False,-0.0399539396,-0.0036871541,0.0024487489,-0.1585385726,-0.0788149744,6.6098694416,-0.0399539396,-0.0411923449,516,516,
varshare_qqq_55_step_up,False,-0.0412442672,0.0104935607,0.0159164146,-0.1721548470,-0.1598903391,9.6315240434,-0.0412442672,-0.0148342919,1031,1056,
varshare_tqqq_55_step_up,False,-0.0446826776,0.0040384366,0.0137876312,-0.1721548470,-0.1661527375,9.3167683557,-0.0446826776,-0.0268566098,1014,1035,
ret_tqqq_50_floor100,False,-0.0532617717,-0.0377796870,-0.0363930295,-0.3061864003,-0.2197121596,9.0020126680,-0.0532617717,-0.1274344882,977,1005,
varshare_qqq_70_floor100,False,-0.0159027830,-0.0343895451,-0.0545894767,-0.1230420369,-0.1941715866,7.0505274043,-0.0545894767,-0.1048818047,229,235,
varshare_qqq_60_floor100,False,-0.0691241934,-0.0068612123,0.0078852443,-0.3209237756,-0.1728001969,7.5541365047,-0.0691241934,-0.0681001613,682,698,
varshare_tqqq_60_floor100,False,-0.0805488323,-0.0284711734,-0.0256303627,-0.3209237756,-0.1759598292,8.0577456050,-0.0805488323,-0.1346503684,677,692,
varshare_qqq_55_floor100,False,-0.0986659995,0.0080297290,0.0216610455,-0.3848811149,-0.2305505458,9.3167683557,-0.0986659995,-0.0689752251,1031,1056,
varshare_tqqq_55_floor100,False,-0.1048506417,-0.0040930631,0.0106656616,-0.3848811149,-0.2407667510,8.8761103930,-0.1048506417,-0.0982780433,1014,1035,
