model,family,screen_pass,full_cagr_delta,actual_cagr_delta,decade_cagr_delta,full_mdd_delta,actual_mdd_delta,actual_annual_trades,rank_floor,rank_sum,changed_target_days_pre2026,changed_target_days_current,duplicate_of
standalone_qqq_band_cross_100_200_2_full_cash,standalone,False,0.0137691162,0.0143452790,0.0194215016,-0.2724510518,-0.2415182263,0.3147556877,0.0137691162,0.0475358968,2181,2250,
standalone_qqq_band_cross_100_200_3_full_cash,standalone,False,-0.0194442032,-0.0096954082,-0.0176011023,-0.3127526867,-0.2415183168,0.3147556877,-0.0194442032,-0.0467407137,2220,2289,
standalone_qqq_band_cross_100_200_2_half_floor,standalone,False,-0.0319337498,0.0105928456,0.0136194533,-0.3340131845,-0.2415181088,0.3147556877,-0.0319337498,-0.0077214509,2770,2839,
standalone_qqq_band_cross_100_200_1_full_cash,standalone,False,-0.0341979053,-0.0345736575,0.0124616282,-0.2724510518,-0.2415175172,0.5665602378,-0.0345736575,-0.0563099345,2360,2429,
standalone_qqq_band_cross_100_200_1_half_floor,standalone,False,-0.0417047697,-0.0068914987,0.0169900382,-0.2849092476,-0.2415176383,0.5665602378,-0.0417047697,-0.0316062302,2890,2959,
standalone_qqq_cross_50_200_half_floor,standalone,False,-0.0586729678,-0.0264926840,0.0060868949,-0.3338217337,-0.2415181498,1.1960716132,-0.0586729678,-0.0790787568,2762,2831,
standalone_qqq_band_cross_100_200_3_half_floor,standalone,False,-0.0599067532,-0.0022432362,-0.0061651568,-0.3903864089,-0.2660688264,0.3147556877,-0.0599067532,-0.0683151462,2759,2828,
standalone_qqq_band_cross_50_200_2_half_floor,standalone,False,-0.0754310233,-0.0295601442,-0.0272338104,-0.3621565253,-0.2415175131,0.6924625129,-0.0754310233,-0.1322249779,2722,2791,
standalone_qqq_cross_20_250_full_cash,standalone,False,-0.0764122150,-0.0750178873,-0.0169404359,-0.2941857624,-0.2415170482,1.4478761634,-0.0764122150,-0.1683705382,1973,2042,
standalone_qqq_cross_100_250_full_cash,standalone,False,-0.0769649725,-0.0142623811,0.0051606828,-0.3127526867,-0.2415175323,0.5665602378,-0.0769649725,-0.0860666708,2302,2371,
standalone_qqq_cross_50_250_full_cash,standalone,False,-0.0785881690,-0.0476168087,-0.0258781715,-0.3122817055,-0.2415182487,1.0701693382,-0.0785881690,-0.1520831492,2116,2185,
standalone_qqq_cross_5_250_half_floor,standalone,False,-0.0793304634,-0.0576765365,-0.0154126923,-0.3595776970,-0.1986098124,2.9587034643,-0.0793304634,-0.1524196922,2577,2645,
standalone_qqq_slope_150_20_half_floor,standalone,False,-0.0801533902,-0.0538509718,0.0091646994,-0.3766682060,-0.1768327020,5.2249444157,-0.0801533902,-0.1248396627,2750,2830,
standalone_qqq_cross_20_250_half_floor,standalone,False,-0.0814904413,-0.0231333714,0.0099646349,-0.3821355667,-0.2415178071,1.4478761634,-0.0814904413,-0.0946591778,2606,2675,
standalone_qqq_band_cross_50_200_2_full_cash,standalone,False,-0.0692539887,-0.0827372242,-0.0849792126,-0.2724510518,-0.2415183945,0.6924625129,-0.0849792126,-0.2369704255,2195,2264,
standalone_qqq_cross_50_250_half_floor,standalone,False,-0.0865000605,-0.0148231089,-0.0011816596,-0.3738203642,-0.2415178242,1.0701693382,-0.0865000605,-0.1025048291,2659,2728,
standalone_qqq_cross_50_200_full_cash,standalone,False,-0.0651533871,-0.0876280443,-0.0354076860,-0.2724510518,-0.2415172775,1.1960716132,-0.0876280443,-0.1881891173,2179,2248,
standalone_qqq_band_cross_50_200_1_half_floor,standalone,False,-0.0878780731,-0.0523049547,-0.0308790751,-0.3471853800,-0.2415180139,0.9442670631,-0.0878780731,-0.1710621029,2754,2823,
standalone_qqq_triple_50_150_200_full_cash,standalone,False,-0.0924900176,-0.0809465891,-0.0483791098,-0.3096044347,-0.2415178906,2.3291920889,-0.0924900176,-0.2218157166,2566,2613,
standalone_qqq_cross_100_250_half_floor,standalone,False,-0.0940494733,-0.0023288472,0.0078813330,-0.3864267860,-0.2415177908,0.5665602378,-0.0940494733,-0.0884969875,2777,2846,
standalone_qqq_price_sma_250_half_floor,standalone,False,-0.0982313948,-0.0648894695,-0.0181472898,-0.3824673682,-0.2451859439,5.7285535160,-0.0982313948,-0.1812681542,2604,2675,
standalone_qqq_triple_50_100_200_full_cash,standalone,False,-0.0983334330,-0.0674742111,-0.0151428134,-0.3452956642,-0.2415175442,2.8328011892,-0.0983334330,-0.1809504575,2525,2587,
standalone_qqq_cross_100_200_full_cash,standalone,False,-0.0988670281,-0.0293749861,0.0131813519,-0.3805693230,-0.2415180545,0.9442670631,-0.0988670281,-0.1150606624,2404,2473,
standalone_qqq_cross_10_250_half_floor,standalone,False,-0.1014834688,-0.0899896968,-0.0585906172,-0.3752167821,-0.2383252306,2.8328011892,-0.1014834688,-0.2500637828,2579,2648,
standalone_qqq_cross_50_150_half_floor,standalone,False,-0.1088040541,-0.0373906989,-0.0214655867,-0.4211378133,-0.2415175740,1.3219738883,-0.1088040541,-0.1676603396,2917,2964,
standalone_qqq_slope_200_20_half_floor,standalone,False,-0.1100178904,-0.0721200556,-0.0155084158,-0.3498463552,-0.1768322603,5.3508466908,-0.1100178904,-0.1976463618,2607,2678,
standalone_qqq_cross_50_150_full_cash,standalone,False,-0.0978045746,-0.1104091084,-0.0874710863,-0.3146161280,-0.2415184771,1.3219738883,-0.1104091084,-0.2956847693,2252,2322,
standalone_qqq_triple_20_100_200_full_cash,standalone,False,-0.1107678061,-0.0935485398,-0.0252114676,-0.3364545430,-0.2267788915,3.2105080145,-0.1107678061,-0.2295278135,2441,2519,
standalone_qqq_cross_100_200_half_floor,standalone,False,-0.1126973030,-0.0049125241,0.0188202173,-0.4292525248,-0.2415176611,0.9442670631,-0.1126973030,-0.0987896097,2924,2993,
standalone_qqq_cross_10_100_half_floor,standalone,False,-0.1136750298,-0.0743570171,-0.0030730912,-0.4243954992,-0.1926052107,3.6511659772,-0.1136750298,-0.1911051381,2816,2906,
standalone_qqq_band_cross_50_200_3_half_floor,standalone,False,-0.1147734451,-0.0550539736,-0.0526811413,-0.3928698871,-0.2415172594,0.6924625129,-0.1147734451,-0.2225085600,2775,2844,
standalone_qqq_cross_20_200_half_floor,standalone,False,-0.1202983934,-0.0613155141,-0.0067995819,-0.4113262189,-0.2415181174,1.8255829886,-0.1202983934,-0.1884134894,2674,2732,
standalone_qqq_cross_5_200_half_floor,standalone,False,-0.1243272626,-0.0487675501,0.0295079195,-0.4331584386,-0.1708846572,2.7068989142,-0.1243272626,-0.1435868932,2641,2709,
standalone_qqq_slope_250_20_half_floor,standalone,False,-0.1253747202,-0.0703787844,-0.0268906452,-0.3687686779,-0.2159848490,4.9731398656,-0.1253747202,-0.2226441497,2574,2645,
standalone_qqq_cross_5_200_full_cash,standalone,False,-0.1263410875,-0.1213176858,0.0278157829,-0.3962393074,-0.2086897006,2.7068989142,-0.1263410875,-0.2198429903,2019,2093,
standalone_qqq_triple_50_150_200_half_floor,standalone,False,-0.1268642528,-0.0293662963,-0.0098584530,-0.4371799589,-0.2415184891,2.3291920889,-0.1268642528,-0.1660890020,3441,3511,
standalone_qqq_band_cross_50_200_1_full_cash,standalone,False,-0.1062862754,-0.1291701750,-0.0925395886,-0.2724510518,-0.2415170650,0.9442670631,-0.1291701750,-0.3279960390,2227,2296,
standalone_qqq_band_cross_20_100_3_half_floor,standalone,False,-0.1292157631,-0.0653737391,-0.0147594521,-0.4343937853,-0.2373769560,1.4478761634,-0.1292157631,-0.2093489543,2922,2971,
standalone_qqq_cross_5_150_full_cash,standalone,False,-0.1330430879,-0.1305554977,0.0018235818,-0.4176921400,-0.1656920897,3.4623125646,-0.1330430879,-0.2617750038,2115,2197,
standalone_qqq_cross_5_150_half_floor,standalone,False,-0.1337054707,-0.0571935180,0.0108394787,-0.4438933902,-0.1905296067,3.4623125646,-0.1337054707,-0.1800595100,2705,2778,
standalone_qqq_triple_20_100_200_half_floor,standalone,False,-0.1341287434,-0.0408313205,-0.0046352949,-0.4359281616,-0.2334062335,3.2105080145,-0.1341287434,-0.1795953588,3530,3625,
standalone_qqq_cross_10_200_half_floor,standalone,False,-0.1343605828,-0.0650457430,-0.0062537779,-0.4339736077,-0.2267791672,2.2032898139,-0.1343605828,-0.2056601037,2662,2726,
standalone_qqq_cross_5_250_full_cash,standalone,False,-0.0814783061,-0.1348689419,-0.0574121441,-0.2724510518,-0.1631684061,2.9587034643,-0.1348689419,-0.2737593921,1976,2045,
standalone_qqq_slope_150_20_full_cash,standalone,False,-0.1166541875,-0.1354180426,-0.0237422233,-0.3679123254,-0.1295544362,5.2249444157,-0.1354180426,-0.2758144534,2191,2276,
standalone_qqq_price_sma_150_half_floor,standalone,False,-0.1368902115,-0.0341224691,0.0360286171,-0.4514982879,-0.1873774710,6.4839671665,-0.1368902115,-0.1349840634,2716,2796,
standalone_qqq_price_sma_200_half_floor,standalone,False,-0.1374217370,-0.0654052150,-0.0050556334,-0.4385675904,-0.1768318073,6.3580648914,-0.1374217370,-0.2078825853,2665,2736,
standalone_qqq_cross_5_100_half_floor,standalone,False,-0.1375091205,-0.0919500648,-0.0065795924,-0.4241476625,-0.1839792564,5.2878955533,-0.1375091205,-0.2360387777,2827,2923,
standalone_qqq_cross_50_100_full_cash,standalone,False,-0.1375981662,-0.1305349802,-0.0755079806,-0.4142009361,-0.2415177640,1.9514852637,-0.1375981662,-0.3436411270,2386,2471,
standalone_qqq_band_cross_20_100_2_half_floor,standalone,False,-0.1383437989,-0.1042118148,-0.0537178814,-0.4345486599,-0.2673280979,1.6996807135,-0.1383437989,-0.2962734951,2849,2903,
standalone_qqq_band_cross_50_200_3_full_cash,standalone,False,-0.1329020782,-0.1396250425,-0.1382238214,-0.3152137731,-0.3161472922,0.6924625129,-0.1396250425,-0.4107509421,2236,2305,
standalone_qqq_band_cross_10_50_3_half_floor,standalone,False,-0.1414350612,-0.1175521091,-0.0510332460,-0.4334666046,-0.3189476905,2.6439477766,-0.1414350612,-0.3100204163,2831,2881,
standalone_qqq_cross_20_100_half_floor,standalone,False,-0.1442906879,-0.0803407488,-0.0341809315,-0.4386317682,-0.2556672220,2.3291920889,-0.1442906879,-0.2588123682,2839,2917,
standalone_qqq_triple_50_100_200_half_floor,standalone,False,-0.1459950063,-0.0232210136,0.0068655179,-0.4491473009,-0.2415180376,2.8328011892,-0.1459950063,-0.1623505020,3544,3629,
standalone_qqq_band_cross_20_100_1_half_floor,standalone,False,-0.1472149875,-0.0994244524,-0.0618705576,-0.4385712730,-0.2853500374,1.9514852637,-0.1472149875,-0.3085099975,2845,2916,
standalone_qqq_price_sma_250_full_cash,standalone,False,-0.1223485230,-0.1485257505,-0.0632879635,-0.3427539656,-0.2249963120,5.7285535160,-0.1485257505,-0.3341622370,1988,2059,
standalone_qqq_cross_50_100_half_floor,standalone,False,-0.1492876685,-0.0480508566,-0.0145932783,-0.4540275857,-0.2415184758,1.9514852637,-0.1492876685,-0.2119318034,2993,3055,
standalone_qqq_triple_10_50_200_half_floor,standalone,False,-0.1520747434,-0.0703586194,-0.0186639655,-0.4481603853,-0.2184517987,7.4282342296,-0.1520747434,-0.2410973284,3641,3745,
standalone_qqq_price_sma_200_full_cash,standalone,False,-0.1496835827,-0.1527571336,-0.0429856486,-0.4055485394,-0.1429709840,6.3580648914,-0.1527571336,-0.3454263649,2039,2115,
standalone_qqq_cross_20_200_full_cash,standalone,False,-0.1214864765,-0.1527700411,-0.0533433167,-0.2845998131,-0.2584609135,1.8255829886,-0.1527700411,-0.3275998342,2037,2107,
standalone_qqq_cross_10_150_half_floor,standalone,False,-0.1528435647,-0.0663531260,-0.0114399709,-0.4477880261,-0.2263991012,2.4550943640,-0.1528435647,-0.2306366616,2724,2794,
standalone_qqq_price_sma_150_full_cash,standalone,False,-0.1528989291,-0.0839005526,0.0523705656,-0.4502948606,-0.1295541384,6.4839671665,-0.1528989291,-0.1844289161,2132,2217,
standalone_qqq_triple_20_50_200_half_floor,standalone,False,-0.1543774810,-0.0707670532,-0.0283765579,-0.4495964098,-0.2401229278,6.0433092037,-0.1543774810,-0.2535210922,3642,3745,
standalone_qqq_slope_250_20_full_cash,standalone,False,-0.1489190188,-0.1555165631,-0.0747503754,-0.3088131375,-0.1558264403,4.9731398656,-0.1555165631,-0.3791859574,2061,2132,
standalone_qqq_cross_10_200_full_cash,standalone,False,-0.1409802702,-0.1560788613,-0.0493479216,-0.3915357131,-0.2597769876,2.2032898139,-0.1560788613,-0.3464070530,2029,2102,
standalone_qqq_cross_5_50_full_cash,standalone,False,-0.1550236970,-0.1570181442,-0.0478212398,-0.3097956970,-0.0570081207,7.6170876422,-0.1570181442,-0.3598630810,2783,2887,
standalone_qqq_triple_5_20_100_full_cash,standalone,False,-0.1572854661,-0.1292384456,-0.0272979367,-0.3828331339,-0.0653359809,15.7377843847,-0.1572854661,-0.3138218484,3103,3176,
standalone_qqq_cross_20_150_half_floor,standalone,False,-0.1582373162,-0.0694569734,-0.0162345245,-0.4481285310,-0.2267797993,1.8255829886,-0.1582373162,-0.2439288141,2755,2818,
standalone_qqq_cross_100_150_half_floor,standalone,False,-0.1590157014,-0.0258739883,0.0162351540,-0.4541665669,-0.2415180251,1.4478761634,-0.1590157014,-0.1686545357,3119,3188,
standalone_qqq_band_cross_20_100_3_full_cash,standalone,False,-0.1295083446,-0.1591620797,-0.0643095691,-0.3502517408,-0.2267785080,1.4478761634,-0.1591620797,-0.3529799934,2236,2305,
standalone_qqq_cross_100_150_full_cash,standalone,False,-0.1593950749,-0.0935810667,-0.0189432339,-0.4271373960,-0.3057115491,1.4478761634,-0.1593950749,-0.2719193755,2539,2608,
standalone_qqq_triple_20_50_200_full_cash,standalone,False,-0.1291992991,-0.1608453414,-0.0817005308,-0.3375575983,-0.1135992406,6.0433092037,-0.1608453414,-0.3717451713,2546,2621,
standalone_qqq_slope_200_20_full_cash,standalone,False,-0.1463932590,-0.1611717779,-0.0561421741,-0.2999396133,-0.1454569921,5.3508466908,-0.1611717779,-0.3637072110,2079,2155,
standalone_qqq_slope_100_20_half_floor,standalone,False,-0.1648005410,-0.1286551111,-0.0805778453,-0.4253767696,-0.1757744542,9.5685729059,-0.1648005410,-0.3740334974,2994,3082,
standalone_qqq_triple_10_50_200_full_cash,standalone,False,-0.1186971575,-0.1653628630,-0.0655440774,-0.3018674008,-0.1785599179,7.4282342296,-0.1653628630,-0.3496040978,2586,2665,
standalone_qqq_cross_10_150_full_cash,standalone,False,-0.1655792624,-0.1496962630,-0.0425095421,-0.4244551496,-0.2288214171,2.4550943640,-0.1655792624,-0.3577850675,2107,2188,
standalone_qqq_cross_5_50_half_floor,standalone,False,-0.1680964282,-0.0675958169,-0.0077079494,-0.4488885105,-0.2150568552,7.6800387797,-0.1680964282,-0.2434001946,3005,3090,
standalone_qqq_cross_20_150_full_cash,standalone,False,-0.1690102270,-0.1571498038,-0.0528890774,-0.4183067907,-0.2267771638,1.8255829886,-0.1690102270,-0.3790491082,2101,2180,
standalone_qqq_cross_10_100_full_cash,standalone,False,-0.1136770255,-0.1694856965,-0.0336969959,-0.3511687482,-0.1254955720,3.5882148397,-0.1694856965,-0.3168597179,2304,2405,
standalone_qqq_slope_50_20_half_floor,standalone,False,-0.1696035381,-0.1669836450,-0.1129773960,-0.4184539700,-0.1871848249,13.8492502585,-0.1696035381,-0.4495645792,3173,3250,
standalone_qqq_price_sma_50_half_floor,standalone,False,-0.1699804190,-0.0976049450,-0.0223680175,-0.4521114886,-0.2034134044,15.6118821096,-0.1699804190,-0.2899533815,3039,3129,
standalone_qqq_band_cross_10_50_2_half_floor,standalone,False,-0.1729004032,-0.1118925402,-0.0502886639,-0.4480021162,-0.3016020088,3.2734591520,-0.1729004032,-0.3350816073,2731,2784,
standalone_qqq_cross_20_100_full_cash,standalone,False,-0.1570969911,-0.1778439461,-0.0916979148,-0.3922098895,-0.2267770419,2.3291920889,-0.1778439461,-0.4266388519,2279,2374,
standalone_qqq_triple_5_20_100_half_floor,standalone,False,-0.1784519398,-0.0511529448,0.0045102558,-0.4560104925,-0.2272884551,15.7377843847,-0.1784519398,-0.2250946288,4033,4142,
standalone_qqq_price_sma_100_half_floor,standalone,False,-0.1841164408,-0.1203318684,-0.1012118090,-0.4473526518,-0.2429985005,11.4571070321,-0.1841164408,-0.4056601182,2837,2935,
standalone_qqq_band_cross_10_50_1_half_floor,standalone,False,-0.1911630565,-0.1116578256,-0.0443262620,-0.4518644181,-0.2617744174,4.6583841779,-0.1911630565,-0.3471471441,2933,3009,
standalone_qqq_cross_10_250_full_cash,standalone,False,-0.1223729796,-0.1999309257,-0.1474578329,-0.2803301547,-0.2661204241,2.8328011892,-0.1999309257,-0.4697617382,1986,2055,
standalone_qqq_cross_5_100_full_cash,standalone,False,-0.1742777740,-0.2028365998,-0.0409081594,-0.3809172297,-0.2055416618,5.2249444157,-0.2028365998,-0.4180225332,2328,2433,
standalone_qqq_cross_20_50_half_floor,standalone,False,-0.2047170133,-0.1221259407,-0.0700113322,-0.4571019081,-0.2841148359,4.9101887280,-0.2047170133,-0.3968542862,2995,3070,
standalone_qqq_cross_10_50_half_floor,standalone,False,-0.2096015864,-0.1267013471,-0.0525857746,-0.4539605138,-0.2513146713,6.4210160290,-0.2096015864,-0.3888887081,2957,3036,
standalone_qqq_cross_5_20_half_floor,standalone,False,-0.2128681420,-0.0458123848,0.0140535287,-0.4604296131,-0.2120719959,13.5974457084,-0.2128681420,-0.2446269981,3390,3465,
standalone_qqq_band_cross_20_100_1_full_cash,standalone,False,-0.1551912307,-0.2161781703,-0.1470171437,-0.3697764091,-0.2668459826,1.9514852637,-0.2161781703,-0.5183865447,2249,2338,
standalone_qqq_price_sma_50_full_cash,standalone,False,-0.1671977274,-0.2174382126,-0.0837763229,-0.3557533892,-0.0777274389,15.5489309721,-0.2174382126,-0.4684122628,2799,2906,
standalone_qqq_price_sma_20_half_floor,standalone,False,-0.2239700598,-0.0920456885,-0.0343066239,-0.4611773414,-0.2324528391,27.3207936918,-0.2239700598,-0.3503223722,3449,3525,
standalone_qqq_band_cross_20_100_2_full_cash,standalone,False,-0.1431119661,-0.2298496367,-0.1339605098,-0.3520642715,-0.2482614994,1.6996807135,-0.2298496367,-0.5069221126,2230,2303,
standalone_qqq_band_cross_10_50_2_full_cash,standalone,False,-0.1735214721,-0.2404668408,-0.1233442076,-0.3550786677,-0.2563455257,3.2105080145,-0.2404668408,-0.5373325205,2474,2549,
standalone_qqq_cross_10_20_half_floor,standalone,False,-0.2412806643,-0.1161878483,-0.0893970871,-0.4634616935,-0.2911344900,11.8977649948,-0.2412806643,-0.4468655997,3343,3404,
standalone_qqq_cross_5_20_full_cash,standalone,False,-0.2419966419,-0.1326305637,-0.0280347060,-0.4241689649,-0.1079739541,13.5344945708,-0.2419966419,-0.4026619116,3264,3371,
standalone_qqq_band_cross_10_50_1_full_cash,standalone,False,-0.2069396497,-0.2429717755,-0.1184814955,-0.3957596364,-0.2161869984,4.5954330403,-0.2429717755,-0.5683929207,2675,2776,
standalone_qqq_price_sma_100_full_cash,standalone,False,-0.2155599071,-0.2475063344,-0.2160610091,-0.4080143903,-0.1581867444,11.3941558945,-0.2475063344,-0.6791272506,2369,2474,
standalone_qqq_band_cross_10_50_3_full_cash,standalone,False,-0.1365047627,-0.2491514698,-0.1209109704,-0.3202515412,-0.3190045037,2.5809966391,-0.2491514698,-0.5065672029,2466,2537,
standalone_qqq_cross_20_50_full_cash,standalone,False,-0.2336415618,-0.2584135697,-0.1599872520,-0.4229423248,-0.2512452774,4.8472375905,-0.2584135697,-0.6520423834,2689,2790,
standalone_qqq_price_sma_20_full_cash,standalone,False,-0.2632729675,-0.2187304010,-0.1218223692,-0.4227541733,-0.0821294251,27.2578425543,-0.2632729675,-0.6038257378,3301,3405,
standalone_qqq_cross_10_50_full_cash,standalone,False,-0.2375494576,-0.2737778831,-0.1351381545,-0.3955941436,-0.3053345141,6.3580648914,-0.2737778831,-0.6464654952,2733,2835,
standalone_qqq_slope_100_20_full_cash,standalone,False,-0.2180445660,-0.2773101795,-0.1983073939,-0.3645339156,-0.2065037380,9.5056217684,-0.2773101795,-0.6936621394,2466,2571,
standalone_qqq_cross_10_20_full_cash,standalone,False,-0.2882363499,-0.2563628316,-0.2101205771,-0.4398102454,-0.2572026024,11.8348138573,-0.2882363499,-0.7547197586,3245,3342,
standalone_qqq_slope_50_20_full_cash,standalone,False,-0.2220867555,-0.3407975194,-0.2501639678,-0.2728454276,-0.2072587441,13.7862991210,-0.3407975194,-0.8130482426,2828,2936,
vo_qqq_price_sma_50_both_confirm,vo_linked,True,0.0032586845,0.0063953006,0.0140814686,-0.0158805202,-0.0018837161,3.5882148397,0.0032586845,0.0237354537,371,403,
vo_tqqq_triple_50_150_200_cut_confirm,vo_linked,False,0.0374834902,0.0599800613,0.0724770933,-0.2724510518,-0.2415184852,1.4478761634,0.0374834902,0.1699406449,1404,1473,
vo_qqq_cross_100_200_cut_confirm,vo_linked,False,0.0355463225,0.0477088180,0.0565301911,-0.2724510518,-0.2415182433,1.5108273009,0.0355463225,0.1397853317,1364,1433,
vo_qqq_triple_20_100_200_cut_confirm,vo_linked,False,0.0209011292,0.0530417287,0.0648194682,-0.2724510518,-0.2415184741,1.3849250259,0.0209011292,0.1387623261,1446,1515,
vo_tqqq_cross_100_250_trend_floor,vo_linked,False,0.0168532759,0.0238315923,0.0242509532,-0.2724510518,-0.2415181868,2.0773875388,0.0168532759,0.0649358213,1343,1412,
vo_tqqq_cross_100_200_trend_floor,vo_linked,False,0.0316849028,0.0141222626,0.0249727141,-0.2724510518,-0.2415180880,2.0773875388,0.0141222626,0.0707798795,1338,1407,
vo_qqq_cross_100_200_bull_step_up,vo_linked,False,0.0127139014,0.0242285586,0.0338436985,-0.2607620180,-0.1344921320,2.7068989142,0.0127139014,0.0707861585,1570,1639,
vo_qqq_price_sma_50_bull_step_up,vo_linked,False,0.0212554221,0.0117682874,0.0382328300,-0.1225745314,-0.1178436682,8.4984035677,0.0117682874,0.0712565394,1368,1416,
vo_qqq_triple_50_100_200_bull_step_up,vo_linked,False,0.0145537304,0.0097247202,0.0198185856,-0.1805031946,-0.1461827578,4.2806773526,0.0097247202,0.0440970363,1982,2051,
vo_qqq_triple_20_100_200_bull_step_up,vo_linked,False,0.0141799442,0.0082691657,0.0170462844,-0.1813993535,-0.1564388544,4.4695307653,0.0082691657,0.0394953943,1953,2022,
vo_tqqq_triple_20_100_200_cut_confirm,vo_linked,False,0.0068725862,0.0203440986,0.0346561847,-0.2724510518,-0.2415177513,1.6996807135,0.0068725862,0.0618728696,1299,1368,
vo_qqq_price_sma_50_cut_confirm,vo_linked,False,0.0186881633,0.0065969570,0.0076224347,-0.0158803790,-0.0426582184,4.8472375905,0.0065969570,0.0329075551,267,289,
vo_tqqq_cross_100_250_cut_confirm,vo_linked,False,0.0061579271,0.0129793746,0.0075441595,-0.2724510518,-0.2415181209,2.0773875388,0.0061579271,0.0266814612,1259,1328,
vo_qqq_cross_100_250_bull_step_up,vo_linked,False,0.0119226359,0.0059297716,0.0132810458,-0.1159502080,-0.1813388419,2.5180455016,0.0059297716,0.0311334533,1571,1640,
vo_tqqq_cross_100_200_cut_confirm,vo_linked,False,0.0103490664,0.0049528498,0.0107490603,-0.2724510518,-0.2415182499,2.0773875388,0.0049528498,0.0260509765,1210,1279,
vo_tqqq_cross_5_20_bull_step_up,vo_linked,False,0.0049024438,0.0500339086,0.0941511050,-0.1072356248,-0.1260517600,8.0577456050,0.0049024438,0.1490874574,1332,1359,
vo_qqq_triple_20_100_200_trend_floor,vo_linked,False,0.0046579795,0.0182583555,0.0271847568,-0.3270264676,-0.2267800677,3.0846057394,0.0046579795,0.0501010918,1431,1483,
vo_qqq_triple_5_20_100_bull_step_up,vo_linked,False,0.0039075858,0.0168659093,0.0371474376,-0.1406040646,-0.1434292024,9.4426706308,0.0039075858,0.0579209326,1978,2042,
vo_qqq_price_sma_50_trend_floor,vo_linked,False,0.0037770088,0.0199834792,0.0640079127,-0.3531405839,-0.1327708379,8.0577456050,0.0037770088,0.0877684007,1368,1416,
vo_tqqq_triple_5_20_100_bull_step_up,vo_linked,False,0.0097816221,0.0037555830,0.0247282782,-0.0882805017,-0.1361359869,10.3869376939,0.0037555830,0.0382654833,1824,1888,
vo_tqqq_price_sma_200_bull_step_up,vo_linked,False,0.0298179818,0.0035547106,0.0498311578,-0.0747233774,-0.0626389915,5.4767489659,0.0035547106,0.0832038501,1018,1078,
vo_tqqq_triple_50_150_200_trend_floor,vo_linked,False,0.0109552916,0.0076036586,0.0033945439,-0.2724510518,-0.2415184407,2.9587034643,0.0033945439,0.0219534941,1321,1365,
vo_tqqq_cross_100_250_bull_step_up,vo_linked,False,0.0129792821,0.0024978007,0.0027410412,-0.1290269261,-0.1344922876,3.2105080145,0.0024978007,0.0182181240,1343,1412,
vo_tqqq_triple_50_150_200_bull_step_up,vo_linked,False,0.0256290841,0.0023959857,0.0039461999,-0.1081911674,-0.1238761954,4.2806773526,0.0023959857,0.0319712696,1642,1711,
vo_tqqq_cross_20_200_bull_step_up,vo_linked,False,0.0388787503,0.0008899094,0.0097108043,-0.0826064589,-0.0818054733,3.2105080145,0.0008899094,0.0494794639,1046,1098,
vo_qqq_triple_50_100_200_cut_confirm,vo_linked,False,-0.0002467446,0.0484950962,0.0577509006,-0.2999760102,-0.2415184741,1.2590227508,-0.0002467446,0.1059992522,1509,1578,
vo_qqq_cross_100_200_trend_floor,vo_linked,False,-0.0009336037,0.0555350078,0.0687005531,-0.3127527659,-0.2415180702,1.5108273009,-0.0009336037,0.1233019572,1570,1639,
vo_qqq_price_sma_200_cut_confirm,vo_linked,False,0.0161107595,-0.0010154748,0.0145388658,-0.2163357622,-0.0887894307,2.7698500517,-0.0010154748,0.0296341504,876,922,
vo_tqqq_cross_5_20_cut_confirm,vo_linked,False,0.0054872734,-0.0012277895,-0.0004134176,-0.0385405821,-0.0187562960,5.2249444157,-0.0012277895,0.0038460664,150,154,
vo_tqqq_triple_50_100_200_cut_confirm,vo_linked,False,-0.0013089146,0.0127131582,0.0227858526,-0.2724510518,-0.2415183673,1.5737784385,-0.0013089146,0.0341900962,1341,1410,
vo_tqqq_price_sma_200_trend_floor,vo_linked,False,0.0120208861,-0.0018377388,0.0454353725,-0.2434504691,-0.0626394061,4.9731398656,-0.0018377388,0.0556185199,1018,1078,
vo_qqq_triple_50_150_200_cut_confirm,vo_linked,False,-0.0019052805,0.0232136706,0.0430130065,-0.2724510518,-0.2415183965,1.2590227508,-0.0019052805,0.0643213966,1590,1659,
vo_qqq_cross_10_50_cut_confirm,vo_linked,False,0.0036934576,-0.0029593743,0.0039490101,-0.0422084105,-0.0457427585,4.7213353154,-0.0029593743,0.0046830934,369,398,
vo_qqq_triple_50_100_200_trend_floor,vo_linked,False,-0.0039119126,0.0123544086,0.0178305210,-0.3452956642,-0.2415179894,2.7068989142,-0.0039119126,0.0262730171,1519,1565,
vo_qqq_cross_100_250_trend_floor,vo_linked,False,-0.0047535343,0.0231643253,0.0426070900,-0.3127526867,-0.2415180676,1.0701693382,-0.0047535343,0.0610178810,1571,1640,
vo_tqqq_price_sma_50_bull_step_up,vo_linked,False,0.0021504566,-0.0047674115,0.0037564103,-0.0899789252,-0.1363287566,9.3797194933,-0.0047674115,0.0011394554,1195,1236,
vo_tqqq_cross_10_50_cut_confirm,vo_linked,False,-0.0043630908,-0.0053508440,0.0020349852,-0.0400164844,0.0001554825,4.9731398656,-0.0053508440,-0.0076789496,298,320,
vo_qqq_triple_50_150_200_bull_step_up,vo_linked,False,0.0074625935,-0.0053738345,-0.0044438544,-0.1765093566,-0.1348886857,3.9659216649,-0.0053738345,-0.0023550955,1933,2002,
vo_qqq_price_sma_200_both_confirm,vo_linked,False,-0.0064640475,0.0029269842,0.0522301969,-0.2163357622,-0.0236629215,1.8885341262,-0.0064640475,0.0486931336,1076,1122,
vo_qqq_price_sma_150_cut_confirm,vo_linked,False,0.0123216882,-0.0068992643,0.0029916711,-0.2158212771,-0.0626392875,3.2734591520,-0.0068992643,0.0084140951,745,791,
vo_tqqq_price_sma_50_cut_confirm,vo_linked,False,-0.0071214274,0.0076918204,0.0093109737,-0.0434618129,-0.0352672833,4.9731398656,-0.0071214274,0.0098813666,168,184,
vo_tqqq_cross_100_200_bull_step_up,vo_linked,False,0.0265294293,-0.0076396393,-0.0046995244,-0.1194943115,-0.1344921643,3.2105080145,-0.0076396393,0.0141902657,1338,1407,
vo_tqqq_price_sma_200_cut_confirm,vo_linked,False,0.0228408834,-0.0088460466,-0.0032590100,-0.1178051087,-0.0626395871,3.3993614271,-0.0088460466,0.0107358268,740,778,
vo_tqqq_price_sma_250_cut_confirm,vo_linked,False,0.0003959441,-0.0090978820,-0.0006322520,-0.2158212771,-0.0887890883,3.0846057394,-0.0090978820,-0.0093341899,794,840,
vo_qqq_cross_5_20_bull_step_up,vo_linked,False,-0.0104194803,0.0563869445,0.0982406098,-0.1782589394,-0.1063846786,7.7429899173,-0.0104194803,0.1442080739,1442,1475,
vo_qqq_cross_100_200_both_confirm,vo_linked,False,-0.0112805020,0.0090659139,0.0355375173,-0.2724510518,-0.2415176329,0.5665602378,-0.0112805020,0.0333229293,1925,1994,
vo_qqq_triple_50_150_200_trend_floor,vo_linked,False,-0.0132279006,-0.0002568192,0.0033514990,-0.3096044347,-0.2415183410,2.4550943640,-0.0132279006,-0.0101332207,1557,1603,
vo_tqqq_cross_5_20_both_confirm,vo_linked,False,-0.0132536068,-0.0099056105,0.0047093386,-0.0390002484,0.0062176119,3.9659216649,-0.0132536068,-0.0184498787,251,267,
vo_tqqq_triple_50_100_200_trend_floor,vo_linked,False,0.0020260728,-0.0123949683,-0.0135548894,-0.2915513095,-0.2415185126,3.3364102896,-0.0135548894,-0.0239237850,1247,1291,
vo_qqq_price_sma_150_bull_step_up,vo_linked,False,-0.0139437752,0.0167586486,0.0616619191,-0.3140060201,-0.0932947009,5.4767489659,-0.0139437752,0.0644767925,1404,1468,
vo_qqq_price_sma_50_raise_confirm,vo_linked,False,-0.0142425169,-0.0005263257,0.0059184145,-0.0000001059,0.0062175298,4.3436284902,-0.0142425169,-0.0088504281,105,115,
vo_qqq_cross_100_250_cut_confirm,vo_linked,False,-0.0144028223,0.0231643253,0.0426070900,-0.3127526867,-0.2415180676,1.0701693382,-0.0144028223,0.0513685930,1477,1546,
vo_qqq_triple_20_100_200_both_confirm,vo_linked,False,-0.0146043335,0.0142581822,0.0437072052,-0.2724510518,-0.2415182956,0.4406579628,-0.0146043335,0.0433610540,1970,2039,
vo_tqqq_cross_50_150_bull_step_up,vo_linked,False,0.0213688394,-0.0139212379,-0.0147678502,-0.0976281900,-0.1187408548,3.6511659772,-0.0147678502,-0.0073202486,1192,1236,
vo_qqq_cross_50_200_bull_step_up,vo_linked,False,0.0217420244,-0.0157830352,-0.0126238706,-0.1454184162,-0.1344922511,3.1475568769,-0.0157830352,-0.0066648814,1427,1496,
vo_qqq_triple_20_50_200_cut_confirm,vo_linked,False,-0.0051954777,-0.0164695285,-0.0051511058,-0.2724510518,-0.2415177741,1.8885341262,-0.0164695285,-0.0268161120,1271,1340,
vo_tqqq_price_sma_20_bull_step_up,vo_linked,False,-0.0164924495,0.0164923164,0.0522121545,-0.1703539516,-0.1148572832,10.8275956567,-0.0164924495,0.0522120214,1390,1420,
vo_qqq_triple_10_50_200_bull_step_up,vo_linked,False,0.0088404414,-0.0172463411,0.0071812910,-0.1144709696,-0.1334051051,6.8616739917,-0.0172463411,-0.0012246087,1955,2024,
vo_qqq_price_sma_250_raise_confirm,vo_linked,False,-0.0173876677,0.0109564581,0.0322882714,-0.0178989691,0.0082205456,4.8472375905,-0.0173876677,0.0258570618,181,181,
vo_tqqq_triple_50_100_200_bull_step_up,vo_linked,False,0.0122222848,-0.0155537816,-0.0173896539,-0.1320593203,-0.1335350433,4.9101887280,-0.0173896539,-0.0207211508,1683,1752,
vo_qqq_cross_5_20_cut_confirm,vo_linked,False,0.0019538814,-0.0123598470,-0.0175446499,-0.0316585354,-0.0187563737,5.2249444157,-0.0175446499,-0.0279506155,163,168,
vo_qqq_triple_20_50_200_bull_step_up,vo_linked,False,0.0066739364,-0.0177337890,-0.0095748490,-0.1378010496,-0.1555458691,5.9803580662,-0.0177337890,-0.0206347016,1922,1991,
vo_qqq_cross_10_50_both_confirm,vo_linked,False,-0.0180289105,-0.0042063210,0.0083946729,-0.0422083680,0.0062179626,3.2734591520,-0.0180289105,-0.0138405586,514,557,
vo_qqq_price_sma_150_both_confirm,vo_linked,False,-0.0153533205,-0.0183348687,0.0121136971,-0.2227091489,-0.0236628667,2.2662409514,-0.0183348687,-0.0215744921,885,931,
vo_tqqq_triple_20_100_200_bull_step_up,vo_linked,False,0.0176506310,-0.0187504083,-0.0132517179,-0.1058724716,-0.1313100090,5.6656023785,-0.0187504083,-0.0143514952,1688,1757,
vo_tqqq_triple_20_100_200_trend_floor,vo_linked,False,0.0127201980,-0.0194626523,-0.0155547728,-0.2702567014,-0.2267800484,4.0918239400,-0.0194626523,-0.0222972270,1137,1188,
vo_qqq_triple_10_50_200_cut_confirm,vo_linked,False,0.0016854942,-0.0202221171,-0.0109776880,-0.2724510518,-0.2415177741,2.1403386763,-0.0202221171,-0.0295143109,1271,1340,
vo_qqq_cross_50_100_bull_step_up,vo_linked,False,-0.0026547344,-0.0203489748,-0.0170785931,-0.2016896418,-0.1694964130,3.8400193899,-0.0203489748,-0.0400823023,1453,1499,
vo_qqq_triple_10_50_200_trend_floor,vo_linked,False,-0.0092195361,-0.0205545202,0.0081826055,-0.3021132421,-0.1271405272,5.0990421406,-0.0205545202,-0.0215914508,1347,1391,
vo_qqq_cross_5_20_both_confirm,vo_linked,False,-0.0134381349,-0.0209696149,-0.0124875743,-0.0321257246,0.0062179263,3.9659216649,-0.0209696149,-0.0468953241,255,271,
vo_qqq_price_sma_200_raise_confirm,vo_linked,False,-0.0215380758,0.0039453363,0.0372966698,-0.0292024564,0.0082205808,4.8472375905,-0.0215380758,0.0197039303,200,200,
vo_tqqq_price_sma_250_bull_step_up,vo_linked,False,-0.0040937985,-0.0218698362,0.0046839322,-0.1366984673,-0.0989765535,5.3508466908,-0.0218698362,-0.0212797025,1018,1082,
vo_tqqq_cross_5_20_raise_confirm,vo_linked,False,-0.0223325498,-0.0087112675,0.0051235328,-0.0005006075,0.0062179127,4.4695307653,-0.0223325498,-0.0259202845,111,123,
vo_qqq_cross_100_250_blend,vo_linked,False,-0.0227410695,0.0033659066,0.0184725568,-0.0430881190,-0.0549506560,6.1692114788,-0.0227410695,-0.0009026061,2302,2371,
vo_tqqq_price_sma_20_raise_confirm,vo_linked,False,-0.0227416321,-0.0091493244,0.0082420435,0.0000001232,0.0062177126,4.4695307653,-0.0227416321,-0.0236489130,105,115,
vo_qqq_cross_10_50_raise_confirm,vo_linked,False,-0.0229706571,-0.0072216929,-0.0047997894,0.0000001038,0.0062176411,4.2806773526,-0.0229706571,-0.0349921394,153,167,
vo_qqq_cross_5_20_raise_confirm,vo_linked,False,-0.0230064277,-0.0087112675,0.0051235328,-0.0005008446,0.0062179127,4.4695307653,-0.0230064277,-0.0265941624,110,121,
vo_qqq_price_sma_100_raise_confirm,vo_linked,False,-0.0235065471,-0.0099873152,0.0181097292,0.0000003131,0.0082201294,4.5324819028,-0.0235065471,-0.0153841331,154,154,
vo_qqq_cross_20_200_bull_step_up,vo_linked,False,-0.0017058473,-0.0237571106,-0.0035064813,-0.2183243645,-0.1033383429,3.4623125646,-0.0237571106,-0.0289694392,1367,1424,
vo_qqq_price_sma_250_cut_confirm,vo_linked,False,-0.0238636523,-0.0198141402,-0.0063636729,-0.2933266728,-0.1150553013,2.6439477766,-0.0238636523,-0.0500414654,907,976,
vo_qqq_price_sma_200_bull_step_up,vo_linked,False,-0.0109589993,-0.0250291182,0.0072647483,-0.1974027483,-0.1462760347,6.2321626163,-0.0250291182,-0.0287233692,1360,1424,
vo_tqqq_price_sma_100_cut_confirm,vo_linked,False,0.0066934001,-0.0175323887,-0.0252125030,-0.0757206524,-0.0326871706,4.5954330403,-0.0252125030,-0.0360514915,395,430,
vo_tqqq_price_sma_50_raise_confirm,vo_linked,False,-0.0256391108,-0.0110680717,0.0025818312,0.0000003762,0.0062179036,4.3436284902,-0.0256391108,-0.0341253513,150,160,
vo_qqq_price_sma_150_bear_step_down,vo_linked,False,-0.0257046348,-0.0243409256,0.0473845585,0.0332172164,0.0574862332,8.9390615305,-0.0257046348,-0.0026610019,728,749,
vo_qqq_price_sma_20_raise_confirm,vo_linked,False,-0.0258188068,-0.0156134350,-0.0116434696,0.0000002480,0.0062179295,4.5954330403,-0.0258188068,-0.0530757115,92,101,
vo_qqq_cross_20_50_raise_confirm,vo_linked,False,-0.0269252313,-0.0137970165,0.0102960262,0.0000001582,-0.0212008279,5.0360910031,-0.0269252313,-0.0304262216,161,175,
vo_qqq_price_sma_150_raise_confirm,vo_linked,False,-0.0270406285,-0.0114915337,0.0091015228,-0.0292026248,0.0082205145,4.7213353154,-0.0270406285,-0.0294306395,140,140,
vo_tqqq_triple_5_20_100_trend_floor,vo_linked,False,-0.0277605540,0.0068065224,0.0124956585,-0.2992237904,-0.1249924840,6.9875762668,-0.0277605540,-0.0084583731,1166,1182,
vo_tqqq_price_sma_150_cut_confirm,vo_linked,False,0.0282854538,-0.0193418744,-0.0280289086,-0.0479669252,-0.0559268786,3.8400193899,-0.0280289086,-0.0190853292,636,674,
vo_qqq_cross_50_200_trend_floor,vo_linked,False,0.0063058096,-0.0280601946,-0.0261127016,-0.2724510518,-0.2415182104,2.2662409514,-0.0280601946,-0.0478670866,1427,1496,
vo_qqq_cross_20_100_bull_step_up,vo_linked,False,-0.0023384627,-0.0266946301,-0.0282594720,-0.1757299736,-0.1978526530,4.0288728025,-0.0282594720,-0.0572925648,1346,1398,
vo_qqq_triple_20_50_200_trend_floor,vo_linked,False,-0.0243778902,-0.0289172826,-0.0048810330,-0.3343816097,-0.1135983938,3.9659216649,-0.0289172826,-0.0581762057,1324,1365,
vo_qqq_triple_50_100_200_both_confirm,vo_linked,False,-0.0304435756,0.0142581822,0.0437072052,-0.2993209307,-0.2415182956,0.4406579628,-0.0304435756,0.0275218118,2011,2080,
vo_tqqq_cross_20_50_cut_confirm,vo_linked,False,-0.0307558881,-0.0120232104,-0.0111034142,-0.1236224188,-0.0236628563,4.0288728025,-0.0307558881,-0.0538825127,391,419,
vo_qqq_cross_20_50_bull_step_up,vo_linked,False,-0.0301646826,-0.0308162588,-0.0206332932,-0.2044739016,-0.2062798452,5.0990421406,-0.0308162588,-0.0816142346,1316,1355,
vo_qqq_price_sma_20_bull_step_up,vo_linked,False,-0.0309461767,0.0144746685,0.0452958592,-0.2328277866,-0.1223429951,11.2682536194,-0.0309461767,0.0288243510,1494,1531,
vo_qqq_cross_50_200_bear_step_down,vo_linked,False,-0.0312461864,-0.0291973816,0.0042074189,0.0375661389,-0.0335619924,5.2249444157,-0.0312461864,-0.0562361490,752,752,
vo_tqqq_price_sma_50_both_confirm,vo_linked,False,-0.0318673905,-0.0007963413,0.0160277795,-0.0434617267,0.0062177049,3.5882148397,-0.0318673905,-0.0166359523,313,339,
vo_qqq_cross_100_200_blend,vo_linked,False,-0.0322360128,-0.0025171869,0.0224837018,-0.1790622509,-0.0549503875,6.6098694416,-0.0322360128,-0.0122694979,2404,2473,
vo_qqq_cross_10_50_bull_step_up,vo_linked,False,-0.0323122505,-0.0305892105,0.0141140498,-0.1704683668,-0.1668807062,5.9803580662,-0.0323122505,-0.0487874112,1330,1372,
vo_tqqq_cross_10_50_bull_step_up,vo_linked,False,-0.0181598482,-0.0326373241,-0.0141833598,-0.1133665125,-0.1446853369,5.8544557911,-0.0326373241,-0.0649805322,1155,1190,
vo_tqqq_price_sma_50_trend_floor,vo_linked,False,-0.0328235845,-0.0167022395,-0.0070706784,-0.3235671518,-0.1816218759,8.9390615305,-0.0328235845,-0.0565965024,1195,1236,
vo_tqqq_triple_10_50_200_bull_step_up,vo_linked,False,0.0082523311,-0.0332687464,-0.0248857072,-0.0885692099,-0.1322720690,6.9875762668,-0.0332687464,-0.0499021226,1706,1765,
vo_tqqq_cross_20_200_trend_floor,vo_linked,False,0.0193406201,-0.0284798429,-0.0335932445,-0.1816750283,-0.2267799508,2.6439477766,-0.0335932445,-0.0427324674,1046,1098,
vo_tqqq_price_sma_150_bull_step_up,vo_linked,False,0.0121928117,-0.0339263257,-0.0264027832,-0.1227956383,-0.0610218055,7.1134785419,-0.0339263257,-0.0481362972,1038,1097,
vo_qqq_cross_20_200_raise_confirm,vo_linked,False,-0.0340839733,-0.0225577879,0.0165530054,-0.0097366387,-0.0418236585,4.7213353154,-0.0340839733,-0.0400887558,285,285,
vo_qqq_cross_50_200_blend,vo_linked,False,-0.0205190900,-0.0343367874,-0.0044870020,-0.0414691896,-0.0549508988,6.7987228542,-0.0343367874,-0.0593428793,2179,2248,
vo_tqqq_cross_20_50_raise_confirm,vo_linked,False,-0.0344966532,-0.0244476327,0.0100918479,0.0000004294,-0.0217317139,4.9101887280,-0.0344966532,-0.0488524380,197,211,
vo_qqq_cross_50_150_bull_step_up,vo_linked,False,0.0042885721,-0.0216153613,-0.0345138104,-0.1941885047,-0.1218180392,3.4623125646,-0.0345138104,-0.0518405997,1445,1491,
vo_qqq_triple_50_100_200_blend,vo_linked,False,-0.0345389760,-0.0215184936,0.0096086474,-0.0954067942,-0.0332397779,8.4984035677,-0.0345389760,-0.0464488221,2525,2587,
vo_tqqq_cross_10_50_raise_confirm,vo_linked,False,-0.0350179291,-0.0261979299,-0.0073501892,0.0000002692,0.0062178065,4.2806773526,-0.0350179291,-0.0685660482,176,190,
vo_qqq_cross_50_150_bear_step_down,vo_linked,False,-0.0330311873,-0.0357486241,-0.0142774494,-0.0008145497,-0.0631761885,5.3508466908,-0.0357486241,-0.0830572608,807,831,
vo_qqq_cross_20_50_cut_confirm,vo_linked,False,-0.0359394775,-0.0264087379,-0.0323007712,-0.1236582785,-0.0344351268,3.9029705274,-0.0359394775,-0.0946489866,443,473,
vo_qqq_triple_50_150_200_both_confirm,vo_linked,False,-0.0360708493,-0.0224056542,0.0287004615,-0.2724510518,-0.2415184248,0.5036091003,-0.0360708493,-0.0297760420,2124,2193,
vo_qqq_price_sma_250_bull_step_up,vo_linked,False,-0.0053509680,-0.0367205996,-0.0104196350,-0.1278397825,-0.1917541518,6.4210160290,-0.0367205996,-0.0524912026,1382,1451,
vo_qqq_triple_50_150_200_blend,vo_linked,False,-0.0368289977,-0.0331059801,-0.0116796734,-0.0772773025,-0.0398092537,7.8688921923,-0.0368289977,-0.0816146512,2566,2613,
vo_qqq_cross_50_200_raise_confirm,vo_linked,False,-0.0368958489,-0.0326916028,0.0105994259,0.0214654890,0.0001286335,4.6583841779,-0.0368958489,-0.0589880258,471,471,
vo_qqq_cross_50_100_bear_step_down,vo_linked,False,-0.0293159092,-0.0374607762,0.0123804014,-0.0092914235,-0.0804191290,6.1062603413,-0.0374607762,-0.0543962840,933,972,
vo_qqq_cross_100_250_raise_confirm,vo_linked,False,-0.0374858375,-0.0225012491,-0.0301387475,0.0793485164,0.0082204576,5.0990421406,-0.0374858375,-0.0901258340,564,564,
vo_tqqq_price_sma_20_both_confirm,vo_linked,False,-0.0375475573,-0.0308326584,-0.0263375330,-0.0186045296,0.0062176682,3.8400193899,-0.0375475573,-0.0947177488,209,221,
vo_tqqq_cross_50_200_bull_step_up,vo_linked,False,0.0155181632,-0.0378420882,-0.0378219408,-0.0822678385,-0.1299924337,3.3364102896,-0.0378420882,-0.0601458658,1147,1193,
vo_qqq_triple_5_20_100_trend_floor,vo_linked,False,-0.0379891735,0.0266838921,0.0435125578,-0.3673931169,-0.1365787965,6.8616739917,-0.0379891735,0.0322072764,1394,1417,
vo_qqq_price_sma_100_bull_step_up,vo_linked,False,-0.0198909458,-0.0383043918,-0.0380057424,-0.1903877698,-0.1700420995,7.8688921923,-0.0383043918,-0.0962010800,1356,1418,
vo_tqqq_price_sma_20_cut_confirm,vo_linked,False,-0.0173572580,-0.0244566513,-0.0383392401,-0.0186043630,-0.0591489500,5.0990421406,-0.0383392401,-0.0801531493,112,114,
vo_qqq_triple_50_100_200_bear_step_down,vo_linked,False,-0.0393795748,-0.0388941273,-0.0025195599,0.0347485744,0.0399015177,7.3652830920,-0.0393795748,-0.0807932620,1469,1508,
vo_qqq_cross_100_250_bear_step_down,vo_linked,False,-0.0397913257,-0.0251779989,-0.0230069771,0.0712101617,0.0082207014,5.4767489659,-0.0397913257,-0.0879763018,731,731,
vo_tqqq_price_sma_200_both_confirm,vo_linked,False,-0.0274205591,-0.0398067334,-0.0068353567,-0.1226237149,-0.0236622831,2.2662409514,-0.0398067334,-0.0740626492,1045,1083,
vo_tqqq_price_sma_200_blend,vo_linked,False,-0.0271090135,-0.0398244723,0.0267921888,-0.0067325172,0.0110507538,11.2682536194,-0.0398244723,-0.0401412970,2021,2105,
vo_tqqq_triple_20_50_200_bull_step_up,vo_linked,False,0.0025844707,-0.0379775431,-0.0404817189,-0.0898511611,-0.1609786406,6.2951137539,-0.0404817189,-0.0758747912,1677,1731,
vo_qqq_price_sma_250_both_confirm,vo_linked,False,-0.0409382004,-0.0090107620,0.0257729184,-0.2948377346,-0.0251910220,1.7626318511,-0.0409382004,-0.0241760440,1088,1157,
vo_tqqq_cross_10_50_both_confirm,vo_linked,False,-0.0410884622,-0.0312665714,-0.0050384951,-0.0400161956,0.0054240881,3.5252637022,-0.0410884622,-0.0773935287,474,510,
vo_qqq_cross_50_100_raise_confirm,vo_linked,False,-0.0412674563,-0.0360898954,0.0184997264,-0.0403673452,-0.0447842122,4.6583841779,-0.0412674563,-0.0588576253,395,397,
vo_tqqq_cross_5_20_trend_floor,vo_linked,False,-0.0412862628,0.0528421854,0.1027148691,-0.3431782184,-0.2172297782,7.4911853671,-0.0412862628,0.1142707917,1332,1359,
vo_qqq_triple_20_100_200_blend,vo_linked,False,-0.0423337325,-0.0322941286,0.0094598648,-0.0971653878,-0.0294595581,8.7502081179,-0.0423337325,-0.0651679962,2441,2519,
vo_tqqq_price_sma_200_bear_step_down,vo_linked,False,-0.0371916689,-0.0427085107,0.0264839165,0.1130904054,0.0419622764,9.0649638056,-0.0427085107,-0.0534162631,1003,1027,
vo_qqq_price_sma_20_cut_confirm,vo_linked,False,-0.0220755843,-0.0329373548,-0.0434471739,-0.0186043630,-0.0727545335,4.9731398656,-0.0434471739,-0.0984601129,119,121,
vo_qqq_price_sma_250_bear_step_down,vo_linked,False,-0.0368040866,-0.0440078504,0.0007720217,0.0228828850,-0.0482445658,8.4984035677,-0.0440078504,-0.0800399153,606,608,
vo_tqqq_cross_20_200_cut_confirm,vo_linked,False,0.0007523787,-0.0359386530,-0.0450228701,-0.1816750283,-0.2267799508,2.6439477766,-0.0450228701,-0.0802091443,911,957,
vo_qqq_cross_100_200_raise_confirm,vo_linked,False,-0.0450553613,-0.0373859027,-0.0201636395,0.0432422133,0.0082206215,4.7842864529,-0.0450553613,-0.1026049036,561,561,
vo_tqqq_cross_50_150_trend_floor,vo_linked,False,-0.0159368927,-0.0331183280,-0.0457204570,-0.2998677678,-0.2415178728,3.0216546019,-0.0457204570,-0.0947756777,1192,1236,
vo_tqqq_triple_50_150_200_both_confirm,vo_linked,False,-0.0457916768,-0.0345302806,0.0053827318,-0.2724510518,-0.2415184502,0.5665602378,-0.0457916768,-0.0749392255,2254,2323,
vo_qqq_cross_50_150_blend,vo_linked,False,-0.0364554902,-0.0460592354,-0.0321932631,-0.1030700961,-0.0617229653,6.9875762668,-0.0460592354,-0.1147079887,2252,2322,
vo_tqqq_cross_20_200_bear_step_down,vo_linked,False,-0.0402201246,-0.0462005849,0.0076869217,0.0471067553,-0.0240207334,5.4137978283,-0.0462005849,-0.0787337878,1024,1050,
vo_tqqq_price_sma_150_raise_confirm,vo_linked,False,-0.0463517466,-0.0370898030,-0.0023490973,-0.0321266317,-0.0367894161,4.4065796277,-0.0463517466,-0.0857906469,307,307,
vo_tqqq_cross_20_50_bull_step_up,vo_linked,False,-0.0272834885,-0.0409272117,-0.0463528912,-0.1756921697,-0.2057949209,5.2249444157,-0.0463528912,-0.1145635915,1153,1189,
vo_tqqq_price_sma_150_trend_floor,vo_linked,False,-0.0010931934,-0.0465325813,-0.0424133414,-0.1944803148,-0.0946695416,6.6728205791,-0.0465325813,-0.0900391160,1038,1097,
vo_qqq_triple_50_150_200_bear_step_down,vo_linked,False,-0.0393885479,-0.0466878481,-0.0280015826,0.0787759160,0.0082206252,6.6728205791,-0.0466878481,-0.1140779786,1385,1409,
vo_qqq_cross_50_150_raise_confirm,vo_linked,False,-0.0471740904,-0.0460294038,-0.0084128281,-0.0425405888,-0.0372859104,4.5324819028,-0.0471740904,-0.1016163223,512,512,
vo_qqq_price_sma_100_cut_confirm,vo_linked,False,-0.0167348472,-0.0335946907,-0.0472858074,-0.0835933663,-0.0555970424,4.4695307653,-0.0472858074,-0.0976153454,445,483,
vo_tqqq_cross_100_250_blend,vo_linked,False,-0.0473024191,-0.0389253546,-0.0216117656,-0.0059480406,-0.0549507935,6.7357717166,-0.0473024191,-0.1078395393,2481,2550,
vo_tqqq_price_sma_250_bear_step_down,vo_linked,False,-0.0421132423,-0.0479198841,0.0246990292,0.0540838199,-0.0170438594,8.4984035677,-0.0479198841,-0.0653340972,965,977,
vo_qqq_price_sma_100_both_confirm,vo_linked,False,-0.0377396014,-0.0486788491,-0.0380854072,-0.0835934135,-0.0309644313,3.3993614271,-0.0486788491,-0.1245038577,584,622,
vo_tqqq_price_sma_100_raise_confirm,vo_linked,False,-0.0491957482,-0.0459496602,-0.0134523473,0.0000001767,-0.0367889130,4.3436284902,-0.0491957482,-0.1085977557,230,230,
vo_tqqq_cross_100_200_blend,vo_linked,False,-0.0273050116,-0.0495984490,-0.0293557044,0.0037245993,-0.0549504192,6.7357717166,-0.0495984490,-0.1062591650,2555,2624,
vo_tqqq_price_sma_200_raise_confirm,vo_linked,False,-0.0496230249,-0.0311553193,-0.0035854822,-0.0420485765,0.0038281115,4.5954330403,-0.0496230249,-0.0843638263,305,305,
vo_tqqq_price_sma_250_trend_floor,vo_linked,False,-0.0503801335,-0.0422038538,-0.0269479157,-0.3647917682,-0.1611937598,4.7842864529,-0.0503801335,-0.1195319029,1018,1082,
vo_tqqq_price_sma_250_both_confirm,vo_linked,False,-0.0504079727,-0.0375043281,-0.0061864639,-0.2104415313,-0.0236626599,1.9514852637,-0.0504079727,-0.0940987646,1171,1217,
vo_tqqq_price_sma_150_both_confirm,vo_linked,False,-0.0157687316,-0.0507253923,-0.0259616290,-0.0768230123,-0.0414025530,2.5180455016,-0.0507253923,-0.0924557529,937,975,
vo_qqq_triple_10_50_200_both_confirm,vo_linked,False,-0.0401736333,-0.0507355076,-0.0012453261,-0.2724510518,-0.2415181934,1.0701693382,-0.0507355076,-0.0921544669,1729,1798,
vo_tqqq_cross_20_100_bull_step_up,vo_linked,False,-0.0031494741,-0.0489198832,-0.0507486094,-0.1105194171,-0.1686287529,4.9101887280,-0.0507486094,-0.1028179667,1102,1153,
vo_qqq_cross_100_200_bear_step_down,vo_linked,False,-0.0507516542,-0.0439976613,-0.0214121708,-0.0111703257,0.0082203409,5.4767489659,-0.0507516542,-0.1161614863,834,834,
vo_qqq_price_sma_20_both_confirm,vo_linked,False,-0.0438990826,-0.0431996233,-0.0507988251,-0.0186042334,0.0035162160,3.8400193899,-0.0507988251,-0.1378975310,202,213,
vo_tqqq_price_sma_250_raise_confirm,vo_linked,False,-0.0508767446,-0.0285900761,-0.0055579941,-0.0362702562,0.0027750769,4.5954330403,-0.0508767446,-0.0850248148,377,377,
vo_qqq_cross_100_250_both_confirm,vo_linked,False,-0.0510205318,0.0000232857,0.0115356241,-0.3127526867,-0.2415180697,0.4406579628,-0.0510205318,-0.0394616220,2041,2110,
vo_qqq_triple_20_50_200_both_confirm,vo_linked,False,-0.0463822339,-0.0516418020,-0.0012453261,-0.2724510518,-0.2415166984,1.0701693382,-0.0516418020,-0.0992693619,1745,1814,
vo_qqq_price_sma_200_bear_step_down,vo_linked,False,-0.0419229533,-0.0521147138,0.0139575450,0.0208050155,-0.0503224627,8.8761103930,-0.0521147138,-0.0800801221,679,691,
vo_qqq_cross_20_100_raise_confirm,vo_linked,False,-0.0452791781,-0.0521604563,0.0019895787,-0.0011985155,-0.0447489574,4.5324819028,-0.0521604563,-0.0954500557,262,262,
vo_tqqq_cross_10_50_trend_floor,vo_linked,False,-0.0522061708,-0.0438836401,-0.0317046740,-0.3179173071,-0.2049338920,5.5397001034,-0.0522061708,-0.1277944848,1155,1190,
vo_tqqq_cross_50_100_bull_step_up,vo_linked,False,-0.0109431491,-0.0383400160,-0.0526293264,-0.1599172498,-0.1810287820,4.0918239400,-0.0526293264,-0.1019124914,1263,1307,
vo_qqq_cross_50_200_cut_confirm,vo_linked,False,-0.0116433425,-0.0475251103,-0.0530922717,-0.2724510518,-0.2415177741,2.3291920889,-0.0530922717,-0.1122607245,1214,1283,
vo_qqq_triple_20_100_200_bear_step_down,vo_linked,False,-0.0525166343,-0.0539911792,-0.0113608497,0.0347175028,0.0532729102,7.4282342296,-0.0539911792,-0.1178686632,1532,1575,
vo_qqq_triple_10_50_200_raise_confirm,vo_linked,False,-0.0498186974,-0.0543953213,-0.0132117314,0.0712564606,0.0001285267,3.9659216649,-0.0543953213,-0.1174257501,637,651,
vo_tqqq_price_sma_100_bull_step_up,vo_linked,False,0.0008252747,-0.0372427210,-0.0548735186,-0.0977765609,-0.1453864677,8.4984035677,-0.0548735186,-0.0912909649,1109,1164,
vo_tqqq_triple_50_150_200_blend,vo_linked,False,-0.0379398705,-0.0551088628,-0.0247649356,0.0124164735,-0.0332396790,8.1836478800,-0.0551088628,-0.1178136689,2729,2787,
vo_qqq_cross_50_100_blend,vo_linked,False,-0.0529757290,-0.0560213307,-0.0258288393,-0.1994179330,-0.0598461880,7.6170876422,-0.0560213307,-0.1348258990,2386,2471,
vo_qqq_cross_20_200_trend_floor,vo_linked,False,-0.0318573262,-0.0520426547,-0.0561843494,-0.2724510518,-0.2584618877,2.7068989142,-0.0561843494,-0.1400843303,1367,1424,
vo_qqq_cross_20_200_bear_step_down,vo_linked,False,-0.0497971480,-0.0562401391,0.0192468858,-0.0316159113,-0.1027434321,5.8544557911,-0.0562401391,-0.0867904013,670,683,
vo_tqqq_cross_50_150_bear_step_down,vo_linked,False,-0.0324355984,-0.0567665721,-0.0094376734,0.1033668947,0.0372959223,5.4767489659,-0.0567665721,-0.0986398439,1097,1136,
vo_tqqq_price_sma_250_blend,vo_linked,False,-0.0542228303,-0.0568545438,0.0013073316,-0.1311935529,-0.0080124121,10.8905467942,-0.0568545438,-0.1097700424,1983,2059,
vo_qqq_cross_50_150_trend_floor,vo_linked,False,-0.0268414997,-0.0392235023,-0.0570420682,-0.3110742842,-0.2415178657,2.6439477766,-0.0570420682,-0.1231070702,1445,1491,
vo_tqqq_price_sma_100_trend_floor,vo_linked,False,-0.0170031678,-0.0386950045,-0.0570818117,-0.3335460051,-0.1453862110,8.1836478800,-0.0570818117,-0.1127799839,1109,1164,
vo_qqq_triple_20_50_200_raise_confirm,vo_linked,False,-0.0580859562,-0.0477138284,0.0055978921,0.0214650452,0.0001287022,4.3436284902,-0.0580859562,-0.1002018925,582,596,
vo_tqqq_price_sma_20_trend_floor,vo_linked,False,-0.0583026635,0.0184833795,0.0678310213,-0.3896112468,-0.1698021309,10.5128399690,-0.0583026635,0.0280117372,1390,1420,
vo_tqqq_cross_20_200_blend,vo_linked,False,-0.0289400349,-0.0590947954,-0.0185820368,0.0296964727,-0.0257150732,7.1764296794,-0.0590947954,-0.1066168671,2070,2148,
vo_tqqq_triple_20_50_200_cut_confirm,vo_linked,False,-0.0141674538,-0.0491068720,-0.0595791919,-0.2724510518,-0.2415185258,2.1403386763,-0.0595791919,-0.1228535178,1098,1144,
vo_qqq_price_sma_100_trend_floor,vo_linked,False,-0.0618250406,-0.0544917888,-0.0532189507,-0.3945701881,-0.2024119585,7.3652830920,-0.0618250406,-0.1695357801,1356,1418,
vo_tqqq_price_sma_100_both_confirm,vo_linked,False,-0.0417886647,-0.0628601468,-0.0383344373,-0.0757204086,-0.0367896291,3.2105080145,-0.0628601468,-0.1429832489,624,659,
vo_qqq_cross_20_200_blend,vo_linked,False,-0.0468972349,-0.0630444059,-0.0087372922,-0.1294654452,-0.0846135748,7.4911853671,-0.0630444059,-0.1186789330,2037,2107,
vo_qqq_cross_20_50_both_confirm,vo_linked,False,-0.0643951376,-0.0399492470,-0.0222470246,-0.1451234457,-0.0344346404,3.2105080145,-0.0643951376,-0.1265914092,604,648,
vo_tqqq_triple_10_50_200_cut_confirm,vo_linked,False,-0.0153749540,-0.0632614354,-0.0651750482,-0.2724510518,-0.2415178357,2.3921432265,-0.0651750482,-0.1438114376,1085,1131,
vo_qqq_triple_5_20_100_raise_confirm,vo_linked,False,-0.0652293290,-0.0624876407,-0.0202410746,-0.0016992280,-0.0447487783,3.9029705274,-0.0652293290,-0.1479580443,326,337,
vo_tqqq_cross_20_100_raise_confirm,vo_linked,False,-0.0605520257,-0.0652425267,-0.0204295800,-0.0261763970,-0.0484075918,4.4695307653,-0.0652425267,-0.1462241324,365,365,
vo_tqqq_triple_10_50_200_trend_floor,vo_linked,False,-0.0118478260,-0.0579725218,-0.0654201545,-0.2163041280,-0.1241134564,5.3508466908,-0.0654201545,-0.1352405022,1078,1102,
vo_qqq_price_sma_150_blend,vo_linked,False,-0.0657905339,-0.0336267502,0.0365225780,-0.3128932361,0.0133029066,11.5830093071,-0.0657905339,-0.0628947060,2132,2217,
vo_qqq_price_sma_250_blend,vo_linked,False,-0.0471018903,-0.0661999443,-0.0187995550,-0.0466098055,-0.0737100182,11.2053024819,-0.0661999443,-0.1321013896,1988,2059,
vo_tqqq_cross_50_150_blend,vo_linked,False,-0.0359976563,-0.0664597413,-0.0330775017,-0.0374938728,-0.0332395180,7.0505274043,-0.0664597413,-0.1355348993,2289,2372,
vo_qqq_price_sma_200_trend_floor,vo_linked,False,-0.0664874529,-0.0544197714,-0.0280695359,-0.3984987062,-0.1707593560,5.6656023785,-0.0664874529,-0.1489767602,1360,1424,
vo_qqq_cross_20_100_bear_step_down,vo_linked,False,-0.0546484894,-0.0671459040,-0.0057112346,0.0167862797,-0.0543416406,6.1692114788,-0.0671459040,-0.1275056280,933,976,
vo_qqq_triple_20_50_200_bear_step_down,vo_linked,False,-0.0502882342,-0.0672392831,-0.0188258505,0.0742947235,0.0031670526,9.8203774560,-0.0672392831,-0.1363533678,1820,1882,
vo_qqq_price_sma_200_blend,vo_linked,False,-0.0644000866,-0.0690951116,-0.0112896987,-0.1957823796,-0.0383571985,11.6459604447,-0.0690951116,-0.1447848970,2039,2115,
vo_tqqq_cross_50_200_trend_floor,vo_linked,False,-0.0063619616,-0.0659339592,-0.0692780375,-0.2724510518,-0.2415178357,2.5180455016,-0.0692780375,-0.1415739583,1147,1193,
vo_qqq_cross_20_100_trend_floor,vo_linked,False,-0.0501560908,-0.0546202640,-0.0697927454,-0.3892303974,-0.2267800702,3.4623125646,-0.0697927454,-0.1745691002,1346,1398,
vo_qqq_cross_50_100_trend_floor,vo_linked,False,-0.0698320715,-0.0521648098,-0.0673678926,-0.4142009361,-0.2415184358,3.0216546019,-0.0698320715,-0.1893647739,1453,1499,
vo_qqq_triple_5_20_100_bear_step_down,vo_linked,False,-0.0687595173,-0.0703032149,-0.0187725821,0.1146968638,0.0435695996,18.4446832989,-0.0703032149,-0.1578353143,2293,2384,
vo_tqqq_cross_20_50_both_confirm,vo_linked,False,-0.0705462458,-0.0403887081,-0.0076062591,-0.1155406172,-0.0236625693,3.3364102896,-0.0705462458,-0.1185412129,562,604,
vo_qqq_triple_5_20_100_blend,vo_linked,False,-0.0707739052,-0.0616307910,-0.0090960318,-0.1385491707,-0.0212573704,20.9627288004,-0.0707739052,-0.1415007279,3103,3176,
vo_qqq_price_sma_250_trend_floor,vo_linked,False,-0.0548773331,-0.0708341968,-0.0415881409,-0.3222005051,-0.2122719018,5.6656023785,-0.0708341968,-0.1672996708,1382,1451,
vo_qqq_cross_50_100_cut_confirm,vo_linked,False,-0.0299493035,-0.0531378458,-0.0709078541,-0.2780013871,-0.2415185639,2.9587034643,-0.0709078541,-0.1539950034,1009,1055,
vo_tqqq_cross_50_100_raise_confirm,vo_linked,False,-0.0595422610,-0.0712448476,-0.0346247891,-0.0307760917,-0.0404617754,4.5324819028,-0.0712448476,-0.1654118977,526,529,
vo_qqq_cross_50_200_trend_cap,vo_linked,False,-0.0714488801,-0.0596251388,-0.0070055192,0.0183369215,-0.0527907021,4.9101887280,-0.0714488801,-0.1380795381,752,752,
vo_qqq_cross_100_250_trend_cap,vo_linked,False,-0.0720038658,-0.0373023196,-0.0363180216,-0.0026379308,0.0082208677,5.2878955533,-0.0720038658,-0.1456242070,731,731,
vo_tqqq_triple_20_50_200_trend_floor,vo_linked,False,-0.0229204375,-0.0618865523,-0.0722545490,-0.3039314549,-0.1197281206,4.2177262151,-0.0722545490,-0.1570615388,1062,1092,
vo_qqq_cross_50_150_cut_confirm,vo_linked,False,-0.0150272954,-0.0538287727,-0.0724598583,-0.2724510518,-0.2415177443,2.6439477766,-0.0724598583,-0.1413159264,1153,1199,
vo_qqq_cross_50_150_trend_cap,vo_linked,False,-0.0726165882,-0.0722806376,-0.0295886222,-0.0390750236,-0.1102022977,4.7213353154,-0.0726165882,-0.1744858481,807,831,
vo_tqqq_cross_50_200_bear_step_down,vo_linked,False,-0.0561014412,-0.0732243211,-0.0347966424,0.0948983717,0.0237704725,5.2249444157,-0.0732243211,-0.1641224047,1107,1131,
vo_tqqq_triple_50_150_200_bear_step_down,vo_linked,False,-0.0585692034,-0.0733155417,-0.0380806607,0.0960081015,0.0578568906,6.9875762668,-0.0733155417,-0.1699654058,1729,1768,
vo_tqqq_cross_20_200_raise_confirm,vo_linked,False,-0.0588391009,-0.0733735011,-0.0171069923,0.0149514828,-0.0561762284,4.5324819028,-0.0733735011,-0.1493195943,652,652,
vo_tqqq_cross_50_150_cut_confirm,vo_linked,False,-0.0251352666,-0.0518088193,-0.0741301903,-0.2724510518,-0.2415178728,3.0216546019,-0.0741301903,-0.1510742763,932,976,
vo_qqq_triple_20_50_200_blend,vo_linked,False,-0.0529235400,-0.0743907473,-0.0318424113,-0.0719718369,-0.0282920224,11.4571070321,-0.0743907473,-0.1591566985,2546,2621,
vo_tqqq_triple_50_100_200_blend,vo_linked,False,-0.0490780880,-0.0747940091,-0.0521033833,-0.0562879145,-0.0332393479,8.8761103930,-0.0747940091,-0.1759754804,2678,2753,
vo_tqqq_triple_5_20_100_raise_confirm,vo_linked,False,-0.0760597161,-0.0754711087,-0.0422978015,-0.0266772938,-0.0484075228,3.8400193899,-0.0760597161,-0.1938286262,400,412,
vo_tqqq_triple_20_100_200_blend,vo_linked,False,-0.0492657931,-0.0760749423,-0.0401963238,-0.0253423301,-0.0294595052,10.1980842813,-0.0760749423,-0.1655370592,2600,2685,
vo_qqq_triple_10_50_200_blend,vo_linked,False,-0.0525908592,-0.0774810478,-0.0243879708,-0.0679304441,-0.0088626141,12.6531786453,-0.0774810478,-0.1544598778,2586,2665,
vo_tqqq_triple_20_100_200_both_confirm,vo_linked,False,-0.0553160131,-0.0776995647,-0.0627719166,-0.2724510518,-0.2483831875,0.7554136505,-0.0776995647,-0.1957874944,2108,2177,
vo_tqqq_cross_20_50_trend_floor,vo_linked,False,-0.0777814894,-0.0570748007,-0.0776594448,-0.3972847552,-0.2700220368,4.2806773526,-0.0777814894,-0.2125157349,1153,1189,
vo_qqq_triple_10_50_200_bear_step_down,vo_linked,False,-0.0571994160,-0.0779285193,-0.0276101660,0.0871288670,0.0160017340,10.8275956567,-0.0779285193,-0.1627381012,1847,1907,
vo_qqq_cross_50_200_both_confirm,vo_linked,False,-0.0480408317,-0.0788131701,-0.0436612953,-0.2724510518,-0.2415173049,1.2590227508,-0.0788131701,-0.1705152971,1685,1754,
vo_tqqq_triple_50_100_200_both_confirm,vo_linked,False,-0.0578873822,-0.0788806329,-0.0646085161,-0.2724510518,-0.2483835884,0.7554136505,-0.0788806329,-0.2013765312,2122,2191,
vo_qqq_cross_20_100_blend,vo_linked,False,-0.0662637566,-0.0792745918,-0.0306907473,-0.1732519915,-0.0611290615,7.8688921923,-0.0792745918,-0.1762290958,2279,2374,
vo_tqqq_cross_100_200_bear_step_down,vo_linked,False,-0.0603116462,-0.0793482244,-0.0656740674,0.0737237327,0.0025963905,5.4767489659,-0.0793482244,-0.2053339379,1217,1217,
vo_qqq_price_sma_150_trend_cap,vo_linked,False,-0.0707236385,-0.0794096216,0.0109276144,-0.0089907675,-0.0801184332,8.8761103930,-0.0794096216,-0.1392056457,728,749,
vo_tqqq_cross_100_250_bear_step_down,vo_linked,False,-0.0795470473,-0.0689820495,-0.0503698070,0.0737238168,0.0025965514,5.4767489659,-0.0795470473,-0.1988989038,1138,1138,
vo_qqq_cross_5_20_trend_floor,vo_linked,False,-0.0801965707,0.0605598800,0.1095861141,-0.4053314234,-0.1914550923,7.2393808170,-0.0801965707,0.0899494234,1442,1475,
vo_qqq_price_sma_250_trend_cap,vo_linked,False,-0.0705715625,-0.0803424167,-0.0203879319,-0.0459948324,-0.1171222996,8.4354524302,-0.0803424167,-0.1713019110,606,608,
vo_qqq_cross_10_50_trend_floor,vo_linked,False,-0.0814205676,-0.0421449422,0.0151894245,-0.3819780561,-0.2411767226,5.4767489659,-0.0814205676,-0.1083760853,1330,1372,
vo_qqq_triple_50_150_200_trend_cap,vo_linked,False,-0.0803963102,-0.0816642271,-0.0511504477,0.0259738783,-0.0232619915,5.4767489659,-0.0816642271,-0.2132109851,1009,1010,
vo_qqq_cross_50_100_trend_cap,vo_linked,False,-0.0732750491,-0.0817234513,-0.0104142146,-0.0636288031,-0.1347565156,5.2878955533,-0.0817234513,-0.1654127150,933,972,
vo_tqqq_triple_5_20_100_blend,vo_linked,False,-0.0712640953,-0.0818530705,-0.0296628609,-0.0336726654,-0.0004774660,22.8512629266,-0.0818530705,-0.1827800267,3080,3148,
vo_qqq_cross_20_100_cut_confirm,vo_linked,False,-0.0291282840,-0.0637918228,-0.0833368463,-0.1970841574,-0.2267797657,3.4623125646,-0.0833368463,-0.1762569531,814,860,
vo_qqq_triple_20_100_200_raise_confirm,vo_linked,False,-0.0766790646,-0.0834750290,-0.0082835222,0.0433186160,-0.0278086798,4.2806773526,-0.0834750290,-0.1684376158,826,826,
vo_qqq_cross_20_200_both_confirm,vo_linked,False,-0.0615591076,-0.0858388460,-0.0743423601,-0.2724510518,-0.2469940931,1.5737784385,-0.0858388460,-0.2217403138,1352,1398,
vo_tqqq_triple_5_20_100_bear_step_down,vo_linked,False,-0.0786207160,-0.0859963876,-0.0307230889,0.1273277556,0.0561996023,20.2702662875,-0.0859963876,-0.1953401926,2572,2672,
vo_qqq_cross_50_100_both_confirm,vo_linked,False,-0.0693796257,-0.0863027594,-0.0531939801,-0.2780013871,-0.2415177945,1.8885341262,-0.0863027594,-0.2088763652,1404,1450,
vo_tqqq_cross_5_20_blend,vo_linked,False,-0.0863247078,-0.0545811433,0.0084219783,-0.0673334296,0.0087452027,19.7666571872,-0.0863247078,-0.1324838728,3241,3353,
vo_tqqq_triple_50_100_200_bear_step_down,vo_linked,False,-0.0581293104,-0.0863768545,-0.0614095575,0.0916366247,0.0604401678,7.6800387797,-0.0863768545,-0.2059157224,1867,1923,
vo_tqqq_price_sma_250_trend_cap,vo_linked,False,-0.0828811577,-0.0870665679,0.0110176299,-0.0087531164,-0.0798809960,7.9947944674,-0.0870665679,-0.1589300957,965,977,
vo_tqqq_cross_100_200_both_confirm,vo_linked,False,-0.0607945408,-0.0874514935,-0.0779177766,-0.2724510518,-0.2483832107,0.8813159255,-0.0874514935,-0.2261638109,2061,2130,
vo_qqq_price_sma_150_trend_floor,vo_linked,False,-0.0877601092,-0.0034303752,0.0417223180,-0.4473769880,-0.1295553281,4.9731398656,-0.0877601092,-0.0494681663,1404,1468,
vo_qqq_cross_20_200_cut_confirm,vo_linked,False,-0.0261527757,-0.0645113030,-0.0901280549,-0.2724510518,-0.2469940331,2.5809966391,-0.0901280549,-0.1807921336,1067,1113,
vo_tqqq_cross_5_20_bear_step_down,vo_linked,False,-0.0906289780,-0.0736544861,-0.0188048456,0.1858602104,0.1180871902,16.9338559979,-0.0906289780,-0.1830883097,1909,1994,
vo_tqqq_price_sma_150_bear_step_down,vo_linked,False,-0.0739826137,-0.0906302785,-0.0421780429,0.0495891723,0.0374277956,11.5200581696,-0.0906302785,-0.2067909350,1049,1092,
vo_tqqq_price_sma_200_trend_cap,vo_linked,False,-0.0851713099,-0.0909304548,-0.0085000940,0.0728323400,0.0357432475,8.6243058428,-0.0909304548,-0.1846018586,1003,1027,
vo_qqq_cross_5_20_bear_step_down,vo_linked,False,-0.0910130328,-0.0783076536,-0.0341927497,0.1495833025,0.0784547950,16.3043446225,-0.0910130328,-0.2035134362,1822,1896,
vo_tqqq_triple_20_100_200_bear_step_down,vo_linked,False,-0.0677091967,-0.0910327849,-0.0555564697,0.0964630468,0.0613873965,8.8761103930,-0.0910327849,-0.2142984513,2014,2066,
vo_tqqq_cross_100_250_both_confirm,vo_linked,False,-0.0887508347,-0.0914855870,-0.0912195783,-0.2724510518,-0.2415171017,0.8813159255,-0.0914855870,-0.2714560000,2192,2261,
vo_tqqq_cross_100_200_raise_confirm,vo_linked,False,-0.0705922520,-0.0920827475,-0.0879812619,0.0663869931,-0.0047405614,4.5324819028,-0.0920827475,-0.2506562615,851,851,
vo_tqqq_triple_10_50_200_bear_step_down,vo_linked,False,-0.0685080078,-0.0923147959,-0.0516180926,0.1505205532,0.0802142362,11.2053024819,-0.0923147959,-0.2124408963,2216,2301,
vo_tqqq_cross_50_200_cut_confirm,vo_linked,False,-0.0269571413,-0.0812859109,-0.0927728873,-0.2724510518,-0.2415178357,2.5180455016,-0.0927728873,-0.2010159395,1001,1047,
vo_tqqq_cross_50_200_blend,vo_linked,False,-0.0516394090,-0.0931738245,-0.0616611185,0.0133573233,-0.0332392789,6.8616739917,-0.0931738245,-0.2064743520,2254,2324,
vo_qqq_triple_50_100_200_trend_cap,vo_linked,False,-0.0935548266,-0.0795582653,-0.0328026039,-0.0807023829,0.0082212226,5.8544557911,-0.0935548266,-0.2059156958,1006,1022,
vo_tqqq_price_sma_150_blend,vo_linked,False,-0.0612979812,-0.0936023136,-0.0503306147,-0.0216119190,0.0169814196,14.0381036711,-0.0936023136,-0.2052309095,2087,2189,
vo_qqq_triple_50_150_200_raise_confirm,vo_linked,False,-0.0690026108,-0.0942808868,-0.0432264174,0.0338420454,-0.0372861622,4.1547750776,-0.0942808868,-0.2065099150,935,935,
vo_tqqq_cross_50_100_bear_step_down,vo_linked,False,-0.0554921097,-0.0946958084,-0.0585976526,0.0226300216,-0.0484979028,6.3580648914,-0.0946958084,-0.2087855706,1180,1236,
vo_tqqq_price_sma_50_bear_step_down,vo_linked,False,-0.0812367970,-0.0948959161,-0.0271269671,0.0989405042,0.0278128400,18.9482923992,-0.0948959161,-0.2032596801,1599,1668,
vo_qqq_triple_50_100_200_raise_confirm,vo_linked,False,-0.0752416069,-0.0965184917,-0.0529963418,0.0428908186,-0.0282363458,4.2806773526,-0.0965184917,-0.2247564405,913,915,
vo_qqq_cross_50_150_both_confirm,vo_linked,False,-0.0604701920,-0.0970068872,-0.0805369887,-0.2724510518,-0.2415184131,1.4478761634,-0.0970068872,-0.2380140679,1665,1711,
vo_qqq_cross_100_200_trend_cap,vo_linked,False,-0.0971648325,-0.0812378879,-0.0521333719,-0.0463858401,0.0082213106,5.2878955533,-0.0971648325,-0.2305360923,834,834,
vo_tqqq_cross_50_150_raise_confirm,vo_linked,False,-0.0652942127,-0.0976291300,-0.0436479199,0.0294068707,-0.0417212832,4.2177262151,-0.0976291300,-0.2065712625,710,714,
vo_qqq_price_sma_20_trend_floor,vo_linked,False,-0.0985990379,-0.0006888308,0.0384770123,-0.4218790297,-0.1919059786,10.7646445191,-0.0985990379,-0.0608108564,1494,1531,
vo_tqqq_price_sma_50_blend,vo_linked,False,-0.0801114032,-0.0988421909,-0.0335249994,-0.0941682903,-0.0066052158,22.7253606515,-0.0988421909,-0.2124785934,2794,2904,
vo_tqqq_cross_20_100_cut_confirm,vo_linked,False,-0.0267819678,-0.0767698206,-0.0994074670,-0.1816750283,-0.2267795047,3.9659216649,-0.0994074670,-0.2029592554,678,724,
vo_tqqq_cross_20_100_trend_floor,vo_linked,False,-0.0438031879,-0.0809440060,-0.0996532157,-0.3464949732,-0.2267797761,4.4695307653,-0.0996532157,-0.2244004095,1102,1153,
vo_qqq_cross_20_50_trend_floor,vo_linked,False,-0.1005795536,-0.0549108194,-0.0519607030,-0.4138882208,-0.2556298803,3.9029705274,-0.1005795536,-0.2074510760,1316,1355,
vo_qqq_price_sma_200_trend_cap,vo_linked,False,-0.0882084515,-0.1015653966,-0.0165479797,-0.0581854590,-0.1293127542,8.8131592554,-0.1015653966,-0.2063218277,679,691,
vo_tqqq_triple_10_50_200_blend,vo_linked,False,-0.0612865058,-0.1023689691,-0.0698466376,0.0180820367,0.0061224707,13.0938366081,-0.1023689691,-0.2335021125,2666,2740,
vo_qqq_price_sma_20_bear_step_down,vo_linked,False,-0.0991542450,-0.1024891101,-0.0582965918,0.1737564589,0.1105296055,27.8244027921,-0.1024891101,-0.2599399469,1807,1874,
vo_tqqq_cross_50_100_cut_confirm,vo_linked,False,-0.0277762320,-0.0723944370,-0.1027604796,-0.2163357622,-0.2415181042,3.2734591520,-0.1027604796,-0.2029311486,898,942,
vo_tqqq_cross_50_100_trend_floor,vo_linked,False,-0.0656520304,-0.0707430207,-0.1031025643,-0.3774291031,-0.2415180422,3.3993614271,-0.1031025643,-0.2394976154,1263,1307,
vo_qqq_cross_20_200_trend_cap,vo_linked,False,-0.0903503023,-0.1031107125,0.0025355569,-0.1082259788,-0.1793529907,5.6656023785,-0.1031107125,-0.1909254579,670,683,
vo_qqq_cross_5_20_blend,vo_linked,False,-0.1031939850,-0.0533517782,0.0028317977,-0.1782110149,0.0067082181,19.0741946743,-0.1031939850,-0.1537139655,3264,3371,
vo_tqqq_cross_100_250_raise_confirm,vo_linked,False,-0.0953022467,-0.1035181604,-0.0982207953,0.0793484523,0.0082206352,4.5324819028,-0.1035181604,-0.2970412024,933,933,
vo_qqq_triple_5_20_100_cut_confirm,vo_linked,False,-0.0333322520,-0.0763605983,-0.1039532131,-0.1970841574,-0.2267793146,3.3364102896,-0.1039532131,-0.2136460633,892,938,
vo_tqqq_cross_20_100_bear_step_down,vo_linked,False,-0.0753663175,-0.1046240669,-0.0476749409,0.0082100856,-0.0629178563,7.4911853671,-0.1046240669,-0.2276653254,1232,1284,
vo_qqq_price_sma_50_blend,vo_linked,False,-0.0734215401,-0.1058184254,-0.0341795099,-0.1264433569,0.0189474482,20.7738753878,-0.1058184254,-0.2134194753,2799,2906,
vo_tqqq_triple_20_50_200_bear_step_down,vo_linked,False,-0.0755326523,-0.1069932108,-0.0642854157,0.1189609569,0.0478331520,10.0721820062,-0.1069932108,-0.2468112788,2172,2256,
vo_tqqq_cross_20_200_both_confirm,vo_linked,False,-0.0577533869,-0.1074538512,-0.0615682669,-0.1816750283,-0.2267786701,1.4478761634,-0.1074538512,-0.2267755050,1563,1609,
vo_tqqq_triple_5_20_100_cut_confirm,vo_linked,False,-0.0295197173,-0.0839085710,-0.1088218400,-0.1816750283,-0.2267801350,3.8400193899,-0.1088218400,-0.2222501282,758,804,
vo_tqqq_cross_50_200_raise_confirm,vo_linked,False,-0.0774670094,-0.1105891474,-0.0638179314,0.0294069180,-0.0417208104,4.4065796277,-0.1105891474,-0.2518740883,795,796,
vo_qqq_cross_20_50_bear_step_down,vo_linked,False,-0.0758560614,-0.1115144696,-0.0494926907,0.0576003682,0.0349389284,8.7502081179,-0.1115144696,-0.2368632216,1373,1435,
vo_tqqq_cross_50_100_blend,vo_linked,False,-0.0769569300,-0.1126696723,-0.0946827201,-0.1572906032,-0.0574113043,7.8688921923,-0.1126696723,-0.2843093224,2443,2543,
vo_tqqq_price_sma_20_blend,vo_linked,False,-0.1129418247,-0.1046067509,-0.0489240376,-0.1703225218,-0.0097186794,32.1680312823,-0.1129418247,-0.2664726133,3303,3414,
vo_tqqq_cross_20_200_trend_cap,vo_linked,False,-0.1005782820,-0.1129764429,-0.0329873752,-0.0215778461,-0.0927053435,5.0360910031,-0.1129764429,-0.2465421002,1024,1050,
vo_qqq_price_sma_100_bear_step_down,vo_linked,False,-0.0884328663,-0.1133014858,-0.0923279150,0.0685278706,0.0163684845,13.4715434333,-0.1133014858,-0.2940622671,1013,1056,
vo_qqq_cross_20_100_both_confirm,vo_linked,False,-0.0732957471,-0.1134025718,-0.0811477372,-0.1970841574,-0.2267795497,2.2662409514,-0.1134025718,-0.2678460561,1076,1122,
vo_qqq_triple_20_100_200_trend_cap,vo_linked,False,-0.1163515241,-0.1109159324,-0.0517388589,-0.0921347079,0.0082206927,5.8544557911,-0.1163515241,-0.2790063154,1010,1036,
vo_tqqq_cross_10_50_bear_step_down,vo_linked,False,-0.0940813613,-0.1179022286,-0.0762526272,0.0714745246,0.0003466159,9.6944751810,-0.1179022286,-0.2882362170,1582,1653,
vo_tqqq_cross_50_150_trend_cap,vo_linked,False,-0.0855203060,-0.1187619657,-0.0402348972,0.0615072043,-0.0096197571,4.5954330403,-0.1187619657,-0.2445171689,1097,1136,
vo_tqqq_cross_10_50_blend,vo_linked,False,-0.0913473944,-0.1187974451,-0.0849153483,-0.0676634396,-0.0181350530,12.0236672699,-0.1187974451,-0.2950601878,2737,2843,
vo_qqq_triple_5_20_100_both_confirm,vo_linked,False,-0.0841416629,-0.1188059404,-0.0923308462,-0.1816750283,-0.2267787384,2.1403386763,-0.1188059404,-0.2952784495,1125,1171,
vo_qqq_price_sma_20_blend,vo_linked,False,-0.1189911374,-0.1006693409,-0.0463567452,-0.2328117154,-0.0212206064,32.2939335574,-0.1189911374,-0.2660172235,3301,3405,
vo_tqqq_triple_20_50_200_blend,vo_linked,False,-0.0749165417,-0.1193066658,-0.0879849883,-0.0423400054,-0.0365082498,11.6459604447,-0.1193066658,-0.2822081958,2619,2709,
vo_tqqq_cross_20_100_blend,vo_linked,False,-0.0802817476,-0.1194553437,-0.0778895641,-0.1075756131,-0.0439564765,9.1908660807,-0.1194553437,-0.2776266554,2334,2437,
vo_tqqq_price_sma_20_bear_step_down,vo_linked,False,-0.1166614703,-0.1201212564,-0.0779072116,0.1103096850,0.1173501930,28.3909630300,-0.1201212564,-0.3146899383,1913,1994,
vo_qqq_price_sma_100_blend,vo_linked,False,-0.1006376318,-0.1201994445,-0.1006262664,-0.2047648444,-0.0429941502,16.3672957601,-0.1201994445,-0.3214633427,2369,2474,
vo_qqq_price_sma_50_bear_step_down,vo_linked,False,-0.0920510517,-0.1220035516,-0.0648638152,0.1438892073,0.0879390378,17.8151719235,-0.1220035516,-0.2789184186,1431,1490,
vo_qqq_cross_20_50_blend,vo_linked,False,-0.1058246866,-0.1252766732,-0.0728115311,-0.2106431653,-0.0945813605,10.3869376939,-0.1252766732,-0.3039128909,2689,2790,
vo_tqqq_triple_50_100_200_raise_confirm,vo_linked,False,-0.0915786310,-0.1281203265,-0.0965297625,0.0663872971,-0.0047398857,3.8400193899,-0.1281203265,-0.3162287201,1203,1206,
vo_qqq_cross_20_100_trend_cap,vo_linked,False,-0.1126034219,-0.1283922606,-0.0233802486,-0.0407690234,-0.1118964381,5.6026512410,-0.1283922606,-0.2643759311,933,976,
vo_qqq_cross_10_50_blend,vo_linked,False,-0.1109895154,-0.1321035154,-0.0580970499,-0.1696667275,-0.1036836924,11.8348138573,-0.1321035154,-0.3011900807,2733,2835,
vo_qqq_cross_10_50_bear_step_down,vo_linked,False,-0.0974687048,-0.1331303723,-0.0681506968,0.0309180754,-0.0402096219,9.4426706308,-0.1331303723,-0.2987497739,1403,1463,
vo_tqqq_triple_20_50_200_raise_confirm,vo_linked,False,-0.0883850551,-0.1348413978,-0.0748774678,0.0294070315,-0.0417201555,4.0918239400,-0.1348413978,-0.2981039206,931,946,
vo_tqqq_cross_100_200_trend_cap,vo_linked,False,-0.1147286256,-0.1352077291,-0.1075739256,0.0663871749,-0.0047403200,4.9101887280,-0.1352077291,-0.3575102803,1217,1217,
vo_qqq_triple_20_50_200_trend_cap,vo_linked,False,-0.1088567918,-0.1362551628,-0.0794968391,-0.0185140411,-0.0248263024,7.8059410548,-0.1362551628,-0.3246087937,1222,1256,
vo_tqqq_triple_20_100_200_raise_confirm,vo_linked,False,-0.1014445681,-0.1378590772,-0.0796630567,0.0663869293,-0.0047396763,3.9029705274,-0.1378590772,-0.3189667020,1156,1156,
vo_tqqq_triple_50_150_200_trend_cap,vo_linked,False,-0.1131885697,-0.1379036020,-0.0805520424,0.0420565183,0.0082216758,5.3508466908,-0.1379036020,-0.3316442142,1408,1422,
vo_tqqq_triple_5_20_100_both_confirm,vo_linked,False,-0.0904952262,-0.1380172428,-0.1181854808,-0.1816750283,-0.2327029260,2.5809966391,-0.1380172428,-0.3466979498,1085,1131,
vo_tqqq_cross_20_100_both_confirm,vo_linked,False,-0.0860949687,-0.1384560526,-0.1181854808,-0.1816750283,-0.2327024820,2.7068989142,-0.1384560526,-0.3427365021,1043,1089,
vo_tqqq_cross_100_250_trend_cap,vo_linked,False,-0.1387082108,-0.1230466932,-0.0942262955,-0.0527864856,0.0082212761,4.9101887280,-0.1387082108,-0.3559811996,1138,1138,
vo_tqqq_triple_10_50_200_raise_confirm,vo_linked,False,-0.0909706298,-0.1387368853,-0.0859081464,0.0294069705,-0.0417204066,3.7141171148,-0.1387368853,-0.3156156615,915,930,
vo_tqqq_price_sma_100_blend,vo_linked,False,-0.0924596622,-0.1393726998,-0.1200181517,-0.1136280828,-0.0057679290,18.0669764736,-0.1393726998,-0.3518505136,2379,2488,
vo_tqqq_cross_50_100_both_confirm,vo_linked,False,-0.0859943766,-0.1398708444,-0.1361502057,-0.2163357622,-0.2415179652,2.0773875388,-0.1398708444,-0.3620154267,1424,1471,
vo_tqqq_cross_50_200_trend_cap,vo_linked,False,-0.1202034180,-0.1399234361,-0.0744062955,0.0012899339,-0.0253355207,4.6583841779,-0.1399234361,-0.3345331496,1107,1131,
vo_tqqq_cross_50_150_both_confirm,vo_linked,False,-0.0875817036,-0.1436156814,-0.1151775508,-0.2724510518,-0.2415178424,1.5108273009,-0.1436156814,-0.3463749359,1642,1690,
vo_tqqq_price_sma_100_bear_step_down,vo_linked,False,-0.1029554187,-0.1452037699,-0.1219584894,0.0936039239,0.0376658157,15.9895889349,-0.1452037699,-0.3701176779,1270,1324,
vo_tqqq_cross_20_50_bear_step_down,vo_linked,False,-0.1048862181,-0.1480189740,-0.1041000164,0.0661663028,0.0225595049,8.8761103930,-0.1480189740,-0.3570052085,1535,1610,
vo_qqq_triple_10_50_200_trend_cap,vo_linked,False,-0.1141080911,-0.1497607563,-0.0753738053,-0.0110183322,-0.0484461254,7.8059410548,-0.1497607563,-0.3392426527,1239,1274,
vo_tqqq_triple_10_50_200_trend_cap,vo_linked,False,-0.1192043105,-0.1517163054,-0.0767386653,0.0563260257,0.0057275557,7.9947944674,-0.1517163054,-0.3476592812,1588,1638,
vo_tqqq_triple_50_100_200_trend_cap,vo_linked,False,-0.1169057373,-0.1519656667,-0.1127226844,0.0075549847,0.0038243513,5.6026512410,-0.1519656667,-0.3815940884,1431,1462,
vo_tqqq_cross_20_50_blend,vo_linked,False,-0.1175546382,-0.1521740426,-0.1230186107,-0.1733183062,-0.1046777054,10.5757911065,-0.1521740426,-0.3927472915,2688,2799,
vo_tqqq_triple_20_100_200_trend_cap,vo_linked,False,-0.1303383354,-0.1529386010,-0.0966725974,0.0125501196,-0.0005573453,6.3580648914,-0.1529386010,-0.3799495338,1463,1497,
vo_qqq_triple_5_20_100_trend_cap,vo_linked,False,-0.1243048591,-0.1537280386,-0.0696656231,0.0516759570,-0.0194505442,14.3528593588,-0.1537280386,-0.3476985207,1709,1759,
vo_tqqq_price_sma_150_trend_cap,vo_linked,False,-0.1377281496,-0.1549342009,-0.0778564468,-0.0588855482,-0.0358357991,11.2682536194,-0.1549342009,-0.3705187973,1049,1092,
vo_tqqq_triple_50_150_200_raise_confirm,vo_linked,False,-0.1224629176,-0.1719047803,-0.1305492273,0.0294071083,-0.0417201021,3.7770682523,-0.1719047803,-0.4249169252,1217,1221,
vo_tqqq_triple_5_20_100_trend_cap,vo_linked,False,-0.1325213141,-0.1728598342,-0.0786515275,0.0776874757,0.0065598773,16.2413934850,-0.1728598342,-0.3840326758,1914,1966,
vo_tqqq_triple_20_50_200_both_confirm,vo_linked,False,-0.0964019764,-0.1745403038,-0.1515512879,-0.2724510518,-0.2415174748,1.1960716132,-0.1745403038,-0.4224935681,1799,1846,
vo_tqqq_cross_50_100_trend_cap,vo_linked,False,-0.1158593949,-0.1766591572,-0.1149067869,-0.0213941066,-0.0925217095,5.3508466908,-0.1766591572,-0.4074253390,1180,1236,
vo_tqqq_cross_5_20_trend_cap,vo_linked,False,-0.1725945290,-0.1801023805,-0.1100160470,0.0359924348,-0.0351356530,15.1082730093,-0.1801023805,-0.4627129565,1909,1994,
vo_tqqq_cross_20_100_trend_cap,vo_linked,False,-0.1440058370,-0.1803981610,-0.0867726148,-0.0509897011,-0.1221173112,6.4839671665,-0.1803981610,-0.4111766127,1232,1284,
vo_tqqq_cross_50_200_both_confirm,vo_linked,False,-0.1020005880,-0.1840946286,-0.1515512879,-0.2724510518,-0.2415158545,1.1960716132,-0.1840946286,-0.4376465045,1796,1843,
vo_tqqq_triple_10_50_200_both_confirm,vo_linked,False,-0.1079324515,-0.1840946286,-0.1515512879,-0.2724510518,-0.2415158545,1.1960716132,-0.1840946286,-0.4435783680,1783,1830,
vo_tqqq_triple_20_50_200_trend_cap,vo_linked,False,-0.1433874924,-0.1855954899,-0.1152957577,0.0194988911,0.0225052075,7.6800387797,-0.1855954899,-0.4442787401,1557,1617,
vo_qqq_cross_5_20_trend_cap,vo_linked,False,-0.1750384001,-0.1881907226,-0.1323279848,0.0281752274,-0.0429531452,14.4787616339,-0.1881907226,-0.4955571074,1822,1896,
vo_tqqq_price_sma_50_trend_cap,vo_linked,False,-0.1531559584,-0.1916106901,-0.0771567035,-0.0365371932,-0.1076640294,17.5004162358,-0.1916106901,-0.4219233520,1599,1668,
vo_qqq_price_sma_100_trend_cap,vo_linked,False,-0.1603409143,-0.1986970737,-0.1663856993,0.0298099924,-0.0097050875,12.6531786453,-0.1986970737,-0.5254236874,1013,1056,
vo_tqqq_cross_10_50_trend_cap,vo_linked,False,-0.1591910185,-0.2101511431,-0.1584240848,-0.0082813538,-0.0794090439,8.2465990176,-0.2101511431,-0.5277662464,1582,1653,
vo_qqq_cross_20_50_trend_cap,vo_linked,False,-0.1458109696,-0.2132252620,-0.1146945962,-0.0559841343,-0.1271114640,7.7429899173,-0.2132252620,-0.4737308278,1373,1435,
vo_qqq_price_sma_20_trend_cap,vo_linked,False,-0.1803920081,-0.2208607487,-0.1600910627,0.0907935985,0.0196658149,26.6912823164,-0.2208607487,-0.5613438196,1807,1874,
vo_qqq_price_sma_50_trend_cap,vo_linked,False,-0.1735520563,-0.2366268950,-0.1444627385,0.0615590328,-0.0095681099,16.7450025853,-0.2366268950,-0.5546416898,1431,1490,
vo_qqq_cross_10_50_trend_cap,vo_linked,False,-0.1678977742,-0.2377222452,-0.1498506220,-0.0379745598,-0.1091022708,8.3725012927,-0.2377222452,-0.5554706414,1403,1463,
vo_tqqq_price_sma_20_trend_cap,vo_linked,False,-0.2034662349,-0.2417142615,-0.1857363683,0.0953085900,0.0320528290,27.0060380041,-0.2417142615,-0.6309168648,1913,1994,
vo_tqqq_price_sma_100_trend_cap,vo_linked,False,-0.1845597976,-0.2467453571,-0.1960314139,0.0090381942,0.0106460324,14.7305661841,-0.2467453571,-0.6273365686,1270,1324,
vo_tqqq_cross_20_50_trend_cap,vo_linked,False,-0.1880687404,-0.2649607221,-0.1943442506,0.0026454840,-0.0684824335,7.6170876422,-0.2649607221,-0.6473737131,1535,1610,
