name,family,signal_asset,signal,action
standalone_qqq_price_sma_20_full_cash,standalone,qqq,price_sma_20,full_cash
standalone_qqq_price_sma_20_half_floor,standalone,qqq,price_sma_20,half_floor
standalone_qqq_price_sma_50_full_cash,standalone,qqq,price_sma_50,full_cash
standalone_qqq_price_sma_50_half_floor,standalone,qqq,price_sma_50,half_floor
standalone_qqq_price_sma_100_full_cash,standalone,qqq,price_sma_100,full_cash
standalone_qqq_price_sma_100_half_floor,standalone,qqq,price_sma_100,half_floor
standalone_qqq_price_sma_150_full_cash,standalone,qqq,price_sma_150,full_cash
standalone_qqq_price_sma_150_half_floor,standalone,qqq,price_sma_150,half_floor
standalone_qqq_price_sma_200_full_cash,standalone,qqq,price_sma_200,full_cash
standalone_qqq_price_sma_200_half_floor,standalone,qqq,price_sma_200,half_floor
standalone_qqq_price_sma_250_full_cash,standalone,qqq,price_sma_250,full_cash
standalone_qqq_price_sma_250_half_floor,standalone,qqq,price_sma_250,half_floor
standalone_qqq_cross_5_20_full_cash,standalone,qqq,cross_5_20,full_cash
standalone_qqq_cross_5_20_half_floor,standalone,qqq,cross_5_20,half_floor
standalone_qqq_cross_5_50_full_cash,standalone,qqq,cross_5_50,full_cash
standalone_qqq_cross_5_50_half_floor,standalone,qqq,cross_5_50,half_floor
standalone_qqq_cross_5_100_full_cash,standalone,qqq,cross_5_100,full_cash
standalone_qqq_cross_5_100_half_floor,standalone,qqq,cross_5_100,half_floor
standalone_qqq_cross_5_150_full_cash,standalone,qqq,cross_5_150,full_cash
standalone_qqq_cross_5_150_half_floor,standalone,qqq,cross_5_150,half_floor
standalone_qqq_cross_5_200_full_cash,standalone,qqq,cross_5_200,full_cash
standalone_qqq_cross_5_200_half_floor,standalone,qqq,cross_5_200,half_floor
standalone_qqq_cross_5_250_full_cash,standalone,qqq,cross_5_250,full_cash
standalone_qqq_cross_5_250_half_floor,standalone,qqq,cross_5_250,half_floor
standalone_qqq_cross_10_20_full_cash,standalone,qqq,cross_10_20,full_cash
standalone_qqq_cross_10_20_half_floor,standalone,qqq,cross_10_20,half_floor
standalone_qqq_cross_10_50_full_cash,standalone,qqq,cross_10_50,full_cash
standalone_qqq_cross_10_50_half_floor,standalone,qqq,cross_10_50,half_floor
standalone_qqq_cross_10_100_full_cash,standalone,qqq,cross_10_100,full_cash
standalone_qqq_cross_10_100_half_floor,standalone,qqq,cross_10_100,half_floor
standalone_qqq_cross_10_150_full_cash,standalone,qqq,cross_10_150,full_cash
standalone_qqq_cross_10_150_half_floor,standalone,qqq,cross_10_150,half_floor
standalone_qqq_cross_10_200_full_cash,standalone,qqq,cross_10_200,full_cash
standalone_qqq_cross_10_200_half_floor,standalone,qqq,cross_10_200,half_floor
standalone_qqq_cross_10_250_full_cash,standalone,qqq,cross_10_250,full_cash
standalone_qqq_cross_10_250_half_floor,standalone,qqq,cross_10_250,half_floor
standalone_qqq_cross_20_50_full_cash,standalone,qqq,cross_20_50,full_cash
standalone_qqq_cross_20_50_half_floor,standalone,qqq,cross_20_50,half_floor
standalone_qqq_cross_20_100_full_cash,standalone,qqq,cross_20_100,full_cash
standalone_qqq_cross_20_100_half_floor,standalone,qqq,cross_20_100,half_floor
standalone_qqq_cross_20_150_full_cash,standalone,qqq,cross_20_150,full_cash
standalone_qqq_cross_20_150_half_floor,standalone,qqq,cross_20_150,half_floor
standalone_qqq_cross_20_200_full_cash,standalone,qqq,cross_20_200,full_cash
standalone_qqq_cross_20_200_half_floor,standalone,qqq,cross_20_200,half_floor
standalone_qqq_cross_20_250_full_cash,standalone,qqq,cross_20_250,full_cash
standalone_qqq_cross_20_250_half_floor,standalone,qqq,cross_20_250,half_floor
standalone_qqq_cross_50_100_full_cash,standalone,qqq,cross_50_100,full_cash
standalone_qqq_cross_50_100_half_floor,standalone,qqq,cross_50_100,half_floor
standalone_qqq_cross_50_150_full_cash,standalone,qqq,cross_50_150,full_cash
standalone_qqq_cross_50_150_half_floor,standalone,qqq,cross_50_150,half_floor
standalone_qqq_cross_50_200_full_cash,standalone,qqq,cross_50_200,full_cash
standalone_qqq_cross_50_200_half_floor,standalone,qqq,cross_50_200,half_floor
standalone_qqq_cross_50_250_full_cash,standalone,qqq,cross_50_250,full_cash
standalone_qqq_cross_50_250_half_floor,standalone,qqq,cross_50_250,half_floor
standalone_qqq_cross_100_150_full_cash,standalone,qqq,cross_100_150,full_cash
standalone_qqq_cross_100_150_half_floor,standalone,qqq,cross_100_150,half_floor
standalone_qqq_cross_100_200_full_cash,standalone,qqq,cross_100_200,full_cash
standalone_qqq_cross_100_200_half_floor,standalone,qqq,cross_100_200,half_floor
standalone_qqq_cross_100_250_full_cash,standalone,qqq,cross_100_250,full_cash
standalone_qqq_cross_100_250_half_floor,standalone,qqq,cross_100_250,half_floor
standalone_qqq_band_cross_10_50_1_full_cash,standalone,qqq,band_cross_10_50_1,full_cash
standalone_qqq_band_cross_10_50_1_half_floor,standalone,qqq,band_cross_10_50_1,half_floor
standalone_qqq_band_cross_10_50_2_full_cash,standalone,qqq,band_cross_10_50_2,full_cash
standalone_qqq_band_cross_10_50_2_half_floor,standalone,qqq,band_cross_10_50_2,half_floor
standalone_qqq_band_cross_10_50_3_full_cash,standalone,qqq,band_cross_10_50_3,full_cash
standalone_qqq_band_cross_10_50_3_half_floor,standalone,qqq,band_cross_10_50_3,half_floor
standalone_qqq_band_cross_20_100_1_full_cash,standalone,qqq,band_cross_20_100_1,full_cash
standalone_qqq_band_cross_20_100_1_half_floor,standalone,qqq,band_cross_20_100_1,half_floor
standalone_qqq_band_cross_20_100_2_full_cash,standalone,qqq,band_cross_20_100_2,full_cash
standalone_qqq_band_cross_20_100_2_half_floor,standalone,qqq,band_cross_20_100_2,half_floor
standalone_qqq_band_cross_20_100_3_full_cash,standalone,qqq,band_cross_20_100_3,full_cash
standalone_qqq_band_cross_20_100_3_half_floor,standalone,qqq,band_cross_20_100_3,half_floor
standalone_qqq_band_cross_50_200_1_full_cash,standalone,qqq,band_cross_50_200_1,full_cash
standalone_qqq_band_cross_50_200_1_half_floor,standalone,qqq,band_cross_50_200_1,half_floor
standalone_qqq_band_cross_50_200_2_full_cash,standalone,qqq,band_cross_50_200_2,full_cash
standalone_qqq_band_cross_50_200_2_half_floor,standalone,qqq,band_cross_50_200_2,half_floor
standalone_qqq_band_cross_50_200_3_full_cash,standalone,qqq,band_cross_50_200_3,full_cash
standalone_qqq_band_cross_50_200_3_half_floor,standalone,qqq,band_cross_50_200_3,half_floor
standalone_qqq_band_cross_100_200_1_full_cash,standalone,qqq,band_cross_100_200_1,full_cash
standalone_qqq_band_cross_100_200_1_half_floor,standalone,qqq,band_cross_100_200_1,half_floor
standalone_qqq_band_cross_100_200_2_full_cash,standalone,qqq,band_cross_100_200_2,full_cash
standalone_qqq_band_cross_100_200_2_half_floor,standalone,qqq,band_cross_100_200_2,half_floor
standalone_qqq_band_cross_100_200_3_full_cash,standalone,qqq,band_cross_100_200_3,full_cash
standalone_qqq_band_cross_100_200_3_half_floor,standalone,qqq,band_cross_100_200_3,half_floor
standalone_qqq_triple_5_20_100_full_cash,standalone,qqq,triple_5_20_100,full_cash
standalone_qqq_triple_5_20_100_half_floor,standalone,qqq,triple_5_20_100,half_floor
standalone_qqq_triple_10_50_200_full_cash,standalone,qqq,triple_10_50_200,full_cash
standalone_qqq_triple_10_50_200_half_floor,standalone,qqq,triple_10_50_200,half_floor
standalone_qqq_triple_20_50_200_full_cash,standalone,qqq,triple_20_50_200,full_cash
standalone_qqq_triple_20_50_200_half_floor,standalone,qqq,triple_20_50_200,half_floor
standalone_qqq_triple_20_100_200_full_cash,standalone,qqq,triple_20_100_200,full_cash
standalone_qqq_triple_20_100_200_half_floor,standalone,qqq,triple_20_100_200,half_floor
standalone_qqq_triple_50_100_200_full_cash,standalone,qqq,triple_50_100_200,full_cash
standalone_qqq_triple_50_100_200_half_floor,standalone,qqq,triple_50_100_200,half_floor
standalone_qqq_triple_50_150_200_full_cash,standalone,qqq,triple_50_150_200,full_cash
standalone_qqq_triple_50_150_200_half_floor,standalone,qqq,triple_50_150_200,half_floor
standalone_qqq_slope_50_20_full_cash,standalone,qqq,slope_50_20,full_cash
standalone_qqq_slope_50_20_half_floor,standalone,qqq,slope_50_20,half_floor
standalone_qqq_slope_100_20_full_cash,standalone,qqq,slope_100_20,full_cash
standalone_qqq_slope_100_20_half_floor,standalone,qqq,slope_100_20,half_floor
standalone_qqq_slope_150_20_full_cash,standalone,qqq,slope_150_20,full_cash
standalone_qqq_slope_150_20_half_floor,standalone,qqq,slope_150_20,half_floor
standalone_qqq_slope_200_20_full_cash,standalone,qqq,slope_200_20,full_cash
standalone_qqq_slope_200_20_half_floor,standalone,qqq,slope_200_20,half_floor
standalone_qqq_slope_250_20_full_cash,standalone,qqq,slope_250_20,full_cash
standalone_qqq_slope_250_20_half_floor,standalone,qqq,slope_250_20,half_floor
vo_qqq_price_sma_20_trend_cap,vo_linked,qqq,price_sma_20,trend_cap
vo_qqq_price_sma_20_trend_floor,vo_linked,qqq,price_sma_20,trend_floor
vo_qqq_price_sma_20_blend,vo_linked,qqq,price_sma_20,blend
vo_qqq_price_sma_20_bear_step_down,vo_linked,qqq,price_sma_20,bear_step_down
vo_qqq_price_sma_20_bull_step_up,vo_linked,qqq,price_sma_20,bull_step_up
vo_qqq_price_sma_20_cut_confirm,vo_linked,qqq,price_sma_20,cut_confirm
vo_qqq_price_sma_20_raise_confirm,vo_linked,qqq,price_sma_20,raise_confirm
vo_qqq_price_sma_20_both_confirm,vo_linked,qqq,price_sma_20,both_confirm
vo_qqq_price_sma_50_trend_cap,vo_linked,qqq,price_sma_50,trend_cap
vo_qqq_price_sma_50_trend_floor,vo_linked,qqq,price_sma_50,trend_floor
vo_qqq_price_sma_50_blend,vo_linked,qqq,price_sma_50,blend
vo_qqq_price_sma_50_bear_step_down,vo_linked,qqq,price_sma_50,bear_step_down
vo_qqq_price_sma_50_bull_step_up,vo_linked,qqq,price_sma_50,bull_step_up
vo_qqq_price_sma_50_cut_confirm,vo_linked,qqq,price_sma_50,cut_confirm
vo_qqq_price_sma_50_raise_confirm,vo_linked,qqq,price_sma_50,raise_confirm
vo_qqq_price_sma_50_both_confirm,vo_linked,qqq,price_sma_50,both_confirm
vo_qqq_price_sma_100_trend_cap,vo_linked,qqq,price_sma_100,trend_cap
vo_qqq_price_sma_100_trend_floor,vo_linked,qqq,price_sma_100,trend_floor
vo_qqq_price_sma_100_blend,vo_linked,qqq,price_sma_100,blend
vo_qqq_price_sma_100_bear_step_down,vo_linked,qqq,price_sma_100,bear_step_down
vo_qqq_price_sma_100_bull_step_up,vo_linked,qqq,price_sma_100,bull_step_up
vo_qqq_price_sma_100_cut_confirm,vo_linked,qqq,price_sma_100,cut_confirm
vo_qqq_price_sma_100_raise_confirm,vo_linked,qqq,price_sma_100,raise_confirm
vo_qqq_price_sma_100_both_confirm,vo_linked,qqq,price_sma_100,both_confirm
vo_qqq_price_sma_150_trend_cap,vo_linked,qqq,price_sma_150,trend_cap
vo_qqq_price_sma_150_trend_floor,vo_linked,qqq,price_sma_150,trend_floor
vo_qqq_price_sma_150_blend,vo_linked,qqq,price_sma_150,blend
vo_qqq_price_sma_150_bear_step_down,vo_linked,qqq,price_sma_150,bear_step_down
vo_qqq_price_sma_150_bull_step_up,vo_linked,qqq,price_sma_150,bull_step_up
vo_qqq_price_sma_150_cut_confirm,vo_linked,qqq,price_sma_150,cut_confirm
vo_qqq_price_sma_150_raise_confirm,vo_linked,qqq,price_sma_150,raise_confirm
vo_qqq_price_sma_150_both_confirm,vo_linked,qqq,price_sma_150,both_confirm
vo_qqq_price_sma_200_trend_cap,vo_linked,qqq,price_sma_200,trend_cap
vo_qqq_price_sma_200_trend_floor,vo_linked,qqq,price_sma_200,trend_floor
vo_qqq_price_sma_200_blend,vo_linked,qqq,price_sma_200,blend
vo_qqq_price_sma_200_bear_step_down,vo_linked,qqq,price_sma_200,bear_step_down
vo_qqq_price_sma_200_bull_step_up,vo_linked,qqq,price_sma_200,bull_step_up
vo_qqq_price_sma_200_cut_confirm,vo_linked,qqq,price_sma_200,cut_confirm
vo_qqq_price_sma_200_raise_confirm,vo_linked,qqq,price_sma_200,raise_confirm
vo_qqq_price_sma_200_both_confirm,vo_linked,qqq,price_sma_200,both_confirm
vo_qqq_price_sma_250_trend_cap,vo_linked,qqq,price_sma_250,trend_cap
vo_qqq_price_sma_250_trend_floor,vo_linked,qqq,price_sma_250,trend_floor
vo_qqq_price_sma_250_blend,vo_linked,qqq,price_sma_250,blend
vo_qqq_price_sma_250_bear_step_down,vo_linked,qqq,price_sma_250,bear_step_down
vo_qqq_price_sma_250_bull_step_up,vo_linked,qqq,price_sma_250,bull_step_up
vo_qqq_price_sma_250_cut_confirm,vo_linked,qqq,price_sma_250,cut_confirm
vo_qqq_price_sma_250_raise_confirm,vo_linked,qqq,price_sma_250,raise_confirm
vo_qqq_price_sma_250_both_confirm,vo_linked,qqq,price_sma_250,both_confirm
vo_qqq_cross_5_20_trend_cap,vo_linked,qqq,cross_5_20,trend_cap
vo_qqq_cross_5_20_trend_floor,vo_linked,qqq,cross_5_20,trend_floor
vo_qqq_cross_5_20_blend,vo_linked,qqq,cross_5_20,blend
vo_qqq_cross_5_20_bear_step_down,vo_linked,qqq,cross_5_20,bear_step_down
vo_qqq_cross_5_20_bull_step_up,vo_linked,qqq,cross_5_20,bull_step_up
vo_qqq_cross_5_20_cut_confirm,vo_linked,qqq,cross_5_20,cut_confirm
vo_qqq_cross_5_20_raise_confirm,vo_linked,qqq,cross_5_20,raise_confirm
vo_qqq_cross_5_20_both_confirm,vo_linked,qqq,cross_5_20,both_confirm
vo_qqq_cross_10_50_trend_cap,vo_linked,qqq,cross_10_50,trend_cap
vo_qqq_cross_10_50_trend_floor,vo_linked,qqq,cross_10_50,trend_floor
vo_qqq_cross_10_50_blend,vo_linked,qqq,cross_10_50,blend
vo_qqq_cross_10_50_bear_step_down,vo_linked,qqq,cross_10_50,bear_step_down
vo_qqq_cross_10_50_bull_step_up,vo_linked,qqq,cross_10_50,bull_step_up
vo_qqq_cross_10_50_cut_confirm,vo_linked,qqq,cross_10_50,cut_confirm
vo_qqq_cross_10_50_raise_confirm,vo_linked,qqq,cross_10_50,raise_confirm
vo_qqq_cross_10_50_both_confirm,vo_linked,qqq,cross_10_50,both_confirm
vo_qqq_cross_20_50_trend_cap,vo_linked,qqq,cross_20_50,trend_cap
vo_qqq_cross_20_50_trend_floor,vo_linked,qqq,cross_20_50,trend_floor
vo_qqq_cross_20_50_blend,vo_linked,qqq,cross_20_50,blend
vo_qqq_cross_20_50_bear_step_down,vo_linked,qqq,cross_20_50,bear_step_down
vo_qqq_cross_20_50_bull_step_up,vo_linked,qqq,cross_20_50,bull_step_up
vo_qqq_cross_20_50_cut_confirm,vo_linked,qqq,cross_20_50,cut_confirm
vo_qqq_cross_20_50_raise_confirm,vo_linked,qqq,cross_20_50,raise_confirm
vo_qqq_cross_20_50_both_confirm,vo_linked,qqq,cross_20_50,both_confirm
vo_qqq_cross_20_100_trend_cap,vo_linked,qqq,cross_20_100,trend_cap
vo_qqq_cross_20_100_trend_floor,vo_linked,qqq,cross_20_100,trend_floor
vo_qqq_cross_20_100_blend,vo_linked,qqq,cross_20_100,blend
vo_qqq_cross_20_100_bear_step_down,vo_linked,qqq,cross_20_100,bear_step_down
vo_qqq_cross_20_100_bull_step_up,vo_linked,qqq,cross_20_100,bull_step_up
vo_qqq_cross_20_100_cut_confirm,vo_linked,qqq,cross_20_100,cut_confirm
vo_qqq_cross_20_100_raise_confirm,vo_linked,qqq,cross_20_100,raise_confirm
vo_qqq_cross_20_100_both_confirm,vo_linked,qqq,cross_20_100,both_confirm
vo_qqq_cross_20_200_trend_cap,vo_linked,qqq,cross_20_200,trend_cap
vo_qqq_cross_20_200_trend_floor,vo_linked,qqq,cross_20_200,trend_floor
vo_qqq_cross_20_200_blend,vo_linked,qqq,cross_20_200,blend
vo_qqq_cross_20_200_bear_step_down,vo_linked,qqq,cross_20_200,bear_step_down
vo_qqq_cross_20_200_bull_step_up,vo_linked,qqq,cross_20_200,bull_step_up
vo_qqq_cross_20_200_cut_confirm,vo_linked,qqq,cross_20_200,cut_confirm
vo_qqq_cross_20_200_raise_confirm,vo_linked,qqq,cross_20_200,raise_confirm
vo_qqq_cross_20_200_both_confirm,vo_linked,qqq,cross_20_200,both_confirm
vo_qqq_cross_50_100_trend_cap,vo_linked,qqq,cross_50_100,trend_cap
vo_qqq_cross_50_100_trend_floor,vo_linked,qqq,cross_50_100,trend_floor
vo_qqq_cross_50_100_blend,vo_linked,qqq,cross_50_100,blend
vo_qqq_cross_50_100_bear_step_down,vo_linked,qqq,cross_50_100,bear_step_down
vo_qqq_cross_50_100_bull_step_up,vo_linked,qqq,cross_50_100,bull_step_up
vo_qqq_cross_50_100_cut_confirm,vo_linked,qqq,cross_50_100,cut_confirm
vo_qqq_cross_50_100_raise_confirm,vo_linked,qqq,cross_50_100,raise_confirm
vo_qqq_cross_50_100_both_confirm,vo_linked,qqq,cross_50_100,both_confirm
vo_qqq_cross_50_150_trend_cap,vo_linked,qqq,cross_50_150,trend_cap
vo_qqq_cross_50_150_trend_floor,vo_linked,qqq,cross_50_150,trend_floor
vo_qqq_cross_50_150_blend,vo_linked,qqq,cross_50_150,blend
vo_qqq_cross_50_150_bear_step_down,vo_linked,qqq,cross_50_150,bear_step_down
vo_qqq_cross_50_150_bull_step_up,vo_linked,qqq,cross_50_150,bull_step_up
vo_qqq_cross_50_150_cut_confirm,vo_linked,qqq,cross_50_150,cut_confirm
vo_qqq_cross_50_150_raise_confirm,vo_linked,qqq,cross_50_150,raise_confirm
vo_qqq_cross_50_150_both_confirm,vo_linked,qqq,cross_50_150,both_confirm
vo_qqq_cross_50_200_trend_cap,vo_linked,qqq,cross_50_200,trend_cap
vo_qqq_cross_50_200_trend_floor,vo_linked,qqq,cross_50_200,trend_floor
vo_qqq_cross_50_200_blend,vo_linked,qqq,cross_50_200,blend
vo_qqq_cross_50_200_bear_step_down,vo_linked,qqq,cross_50_200,bear_step_down
vo_qqq_cross_50_200_bull_step_up,vo_linked,qqq,cross_50_200,bull_step_up
vo_qqq_cross_50_200_cut_confirm,vo_linked,qqq,cross_50_200,cut_confirm
vo_qqq_cross_50_200_raise_confirm,vo_linked,qqq,cross_50_200,raise_confirm
vo_qqq_cross_50_200_both_confirm,vo_linked,qqq,cross_50_200,both_confirm
vo_qqq_cross_100_200_trend_cap,vo_linked,qqq,cross_100_200,trend_cap
vo_qqq_cross_100_200_trend_floor,vo_linked,qqq,cross_100_200,trend_floor
vo_qqq_cross_100_200_blend,vo_linked,qqq,cross_100_200,blend
vo_qqq_cross_100_200_bear_step_down,vo_linked,qqq,cross_100_200,bear_step_down
vo_qqq_cross_100_200_bull_step_up,vo_linked,qqq,cross_100_200,bull_step_up
vo_qqq_cross_100_200_cut_confirm,vo_linked,qqq,cross_100_200,cut_confirm
vo_qqq_cross_100_200_raise_confirm,vo_linked,qqq,cross_100_200,raise_confirm
vo_qqq_cross_100_200_both_confirm,vo_linked,qqq,cross_100_200,both_confirm
vo_qqq_cross_100_250_trend_cap,vo_linked,qqq,cross_100_250,trend_cap
vo_qqq_cross_100_250_trend_floor,vo_linked,qqq,cross_100_250,trend_floor
vo_qqq_cross_100_250_blend,vo_linked,qqq,cross_100_250,blend
vo_qqq_cross_100_250_bear_step_down,vo_linked,qqq,cross_100_250,bear_step_down
vo_qqq_cross_100_250_bull_step_up,vo_linked,qqq,cross_100_250,bull_step_up
vo_qqq_cross_100_250_cut_confirm,vo_linked,qqq,cross_100_250,cut_confirm
vo_qqq_cross_100_250_raise_confirm,vo_linked,qqq,cross_100_250,raise_confirm
vo_qqq_cross_100_250_both_confirm,vo_linked,qqq,cross_100_250,both_confirm
vo_qqq_triple_5_20_100_trend_cap,vo_linked,qqq,triple_5_20_100,trend_cap
vo_qqq_triple_5_20_100_trend_floor,vo_linked,qqq,triple_5_20_100,trend_floor
vo_qqq_triple_5_20_100_blend,vo_linked,qqq,triple_5_20_100,blend
vo_qqq_triple_5_20_100_bear_step_down,vo_linked,qqq,triple_5_20_100,bear_step_down
vo_qqq_triple_5_20_100_bull_step_up,vo_linked,qqq,triple_5_20_100,bull_step_up
vo_qqq_triple_5_20_100_cut_confirm,vo_linked,qqq,triple_5_20_100,cut_confirm
vo_qqq_triple_5_20_100_raise_confirm,vo_linked,qqq,triple_5_20_100,raise_confirm
vo_qqq_triple_5_20_100_both_confirm,vo_linked,qqq,triple_5_20_100,both_confirm
vo_qqq_triple_10_50_200_trend_cap,vo_linked,qqq,triple_10_50_200,trend_cap
vo_qqq_triple_10_50_200_trend_floor,vo_linked,qqq,triple_10_50_200,trend_floor
vo_qqq_triple_10_50_200_blend,vo_linked,qqq,triple_10_50_200,blend
vo_qqq_triple_10_50_200_bear_step_down,vo_linked,qqq,triple_10_50_200,bear_step_down
vo_qqq_triple_10_50_200_bull_step_up,vo_linked,qqq,triple_10_50_200,bull_step_up
vo_qqq_triple_10_50_200_cut_confirm,vo_linked,qqq,triple_10_50_200,cut_confirm
vo_qqq_triple_10_50_200_raise_confirm,vo_linked,qqq,triple_10_50_200,raise_confirm
vo_qqq_triple_10_50_200_both_confirm,vo_linked,qqq,triple_10_50_200,both_confirm
vo_qqq_triple_20_50_200_trend_cap,vo_linked,qqq,triple_20_50_200,trend_cap
vo_qqq_triple_20_50_200_trend_floor,vo_linked,qqq,triple_20_50_200,trend_floor
vo_qqq_triple_20_50_200_blend,vo_linked,qqq,triple_20_50_200,blend
vo_qqq_triple_20_50_200_bear_step_down,vo_linked,qqq,triple_20_50_200,bear_step_down
vo_qqq_triple_20_50_200_bull_step_up,vo_linked,qqq,triple_20_50_200,bull_step_up
vo_qqq_triple_20_50_200_cut_confirm,vo_linked,qqq,triple_20_50_200,cut_confirm
vo_qqq_triple_20_50_200_raise_confirm,vo_linked,qqq,triple_20_50_200,raise_confirm
vo_qqq_triple_20_50_200_both_confirm,vo_linked,qqq,triple_20_50_200,both_confirm
vo_qqq_triple_20_100_200_trend_cap,vo_linked,qqq,triple_20_100_200,trend_cap
vo_qqq_triple_20_100_200_trend_floor,vo_linked,qqq,triple_20_100_200,trend_floor
vo_qqq_triple_20_100_200_blend,vo_linked,qqq,triple_20_100_200,blend
vo_qqq_triple_20_100_200_bear_step_down,vo_linked,qqq,triple_20_100_200,bear_step_down
vo_qqq_triple_20_100_200_bull_step_up,vo_linked,qqq,triple_20_100_200,bull_step_up
vo_qqq_triple_20_100_200_cut_confirm,vo_linked,qqq,triple_20_100_200,cut_confirm
vo_qqq_triple_20_100_200_raise_confirm,vo_linked,qqq,triple_20_100_200,raise_confirm
vo_qqq_triple_20_100_200_both_confirm,vo_linked,qqq,triple_20_100_200,both_confirm
vo_qqq_triple_50_100_200_trend_cap,vo_linked,qqq,triple_50_100_200,trend_cap
vo_qqq_triple_50_100_200_trend_floor,vo_linked,qqq,triple_50_100_200,trend_floor
vo_qqq_triple_50_100_200_blend,vo_linked,qqq,triple_50_100_200,blend
vo_qqq_triple_50_100_200_bear_step_down,vo_linked,qqq,triple_50_100_200,bear_step_down
vo_qqq_triple_50_100_200_bull_step_up,vo_linked,qqq,triple_50_100_200,bull_step_up
vo_qqq_triple_50_100_200_cut_confirm,vo_linked,qqq,triple_50_100_200,cut_confirm
vo_qqq_triple_50_100_200_raise_confirm,vo_linked,qqq,triple_50_100_200,raise_confirm
vo_qqq_triple_50_100_200_both_confirm,vo_linked,qqq,triple_50_100_200,both_confirm
vo_qqq_triple_50_150_200_trend_cap,vo_linked,qqq,triple_50_150_200,trend_cap
vo_qqq_triple_50_150_200_trend_floor,vo_linked,qqq,triple_50_150_200,trend_floor
vo_qqq_triple_50_150_200_blend,vo_linked,qqq,triple_50_150_200,blend
vo_qqq_triple_50_150_200_bear_step_down,vo_linked,qqq,triple_50_150_200,bear_step_down
vo_qqq_triple_50_150_200_bull_step_up,vo_linked,qqq,triple_50_150_200,bull_step_up
vo_qqq_triple_50_150_200_cut_confirm,vo_linked,qqq,triple_50_150_200,cut_confirm
vo_qqq_triple_50_150_200_raise_confirm,vo_linked,qqq,triple_50_150_200,raise_confirm
vo_qqq_triple_50_150_200_both_confirm,vo_linked,qqq,triple_50_150_200,both_confirm
vo_tqqq_price_sma_20_trend_cap,vo_linked,tqqq,price_sma_20,trend_cap
vo_tqqq_price_sma_20_trend_floor,vo_linked,tqqq,price_sma_20,trend_floor
vo_tqqq_price_sma_20_blend,vo_linked,tqqq,price_sma_20,blend
vo_tqqq_price_sma_20_bear_step_down,vo_linked,tqqq,price_sma_20,bear_step_down
vo_tqqq_price_sma_20_bull_step_up,vo_linked,tqqq,price_sma_20,bull_step_up
vo_tqqq_price_sma_20_cut_confirm,vo_linked,tqqq,price_sma_20,cut_confirm
vo_tqqq_price_sma_20_raise_confirm,vo_linked,tqqq,price_sma_20,raise_confirm
vo_tqqq_price_sma_20_both_confirm,vo_linked,tqqq,price_sma_20,both_confirm
vo_tqqq_price_sma_50_trend_cap,vo_linked,tqqq,price_sma_50,trend_cap
vo_tqqq_price_sma_50_trend_floor,vo_linked,tqqq,price_sma_50,trend_floor
vo_tqqq_price_sma_50_blend,vo_linked,tqqq,price_sma_50,blend
vo_tqqq_price_sma_50_bear_step_down,vo_linked,tqqq,price_sma_50,bear_step_down
vo_tqqq_price_sma_50_bull_step_up,vo_linked,tqqq,price_sma_50,bull_step_up
vo_tqqq_price_sma_50_cut_confirm,vo_linked,tqqq,price_sma_50,cut_confirm
vo_tqqq_price_sma_50_raise_confirm,vo_linked,tqqq,price_sma_50,raise_confirm
vo_tqqq_price_sma_50_both_confirm,vo_linked,tqqq,price_sma_50,both_confirm
vo_tqqq_price_sma_100_trend_cap,vo_linked,tqqq,price_sma_100,trend_cap
vo_tqqq_price_sma_100_trend_floor,vo_linked,tqqq,price_sma_100,trend_floor
vo_tqqq_price_sma_100_blend,vo_linked,tqqq,price_sma_100,blend
vo_tqqq_price_sma_100_bear_step_down,vo_linked,tqqq,price_sma_100,bear_step_down
vo_tqqq_price_sma_100_bull_step_up,vo_linked,tqqq,price_sma_100,bull_step_up
vo_tqqq_price_sma_100_cut_confirm,vo_linked,tqqq,price_sma_100,cut_confirm
vo_tqqq_price_sma_100_raise_confirm,vo_linked,tqqq,price_sma_100,raise_confirm
vo_tqqq_price_sma_100_both_confirm,vo_linked,tqqq,price_sma_100,both_confirm
vo_tqqq_price_sma_150_trend_cap,vo_linked,tqqq,price_sma_150,trend_cap
vo_tqqq_price_sma_150_trend_floor,vo_linked,tqqq,price_sma_150,trend_floor
vo_tqqq_price_sma_150_blend,vo_linked,tqqq,price_sma_150,blend
vo_tqqq_price_sma_150_bear_step_down,vo_linked,tqqq,price_sma_150,bear_step_down
vo_tqqq_price_sma_150_bull_step_up,vo_linked,tqqq,price_sma_150,bull_step_up
vo_tqqq_price_sma_150_cut_confirm,vo_linked,tqqq,price_sma_150,cut_confirm
vo_tqqq_price_sma_150_raise_confirm,vo_linked,tqqq,price_sma_150,raise_confirm
vo_tqqq_price_sma_150_both_confirm,vo_linked,tqqq,price_sma_150,both_confirm
vo_tqqq_price_sma_200_trend_cap,vo_linked,tqqq,price_sma_200,trend_cap
vo_tqqq_price_sma_200_trend_floor,vo_linked,tqqq,price_sma_200,trend_floor
vo_tqqq_price_sma_200_blend,vo_linked,tqqq,price_sma_200,blend
vo_tqqq_price_sma_200_bear_step_down,vo_linked,tqqq,price_sma_200,bear_step_down
vo_tqqq_price_sma_200_bull_step_up,vo_linked,tqqq,price_sma_200,bull_step_up
vo_tqqq_price_sma_200_cut_confirm,vo_linked,tqqq,price_sma_200,cut_confirm
vo_tqqq_price_sma_200_raise_confirm,vo_linked,tqqq,price_sma_200,raise_confirm
vo_tqqq_price_sma_200_both_confirm,vo_linked,tqqq,price_sma_200,both_confirm
vo_tqqq_price_sma_250_trend_cap,vo_linked,tqqq,price_sma_250,trend_cap
vo_tqqq_price_sma_250_trend_floor,vo_linked,tqqq,price_sma_250,trend_floor
vo_tqqq_price_sma_250_blend,vo_linked,tqqq,price_sma_250,blend
vo_tqqq_price_sma_250_bear_step_down,vo_linked,tqqq,price_sma_250,bear_step_down
vo_tqqq_price_sma_250_bull_step_up,vo_linked,tqqq,price_sma_250,bull_step_up
vo_tqqq_price_sma_250_cut_confirm,vo_linked,tqqq,price_sma_250,cut_confirm
vo_tqqq_price_sma_250_raise_confirm,vo_linked,tqqq,price_sma_250,raise_confirm
vo_tqqq_price_sma_250_both_confirm,vo_linked,tqqq,price_sma_250,both_confirm
vo_tqqq_cross_5_20_trend_cap,vo_linked,tqqq,cross_5_20,trend_cap
vo_tqqq_cross_5_20_trend_floor,vo_linked,tqqq,cross_5_20,trend_floor
vo_tqqq_cross_5_20_blend,vo_linked,tqqq,cross_5_20,blend
vo_tqqq_cross_5_20_bear_step_down,vo_linked,tqqq,cross_5_20,bear_step_down
vo_tqqq_cross_5_20_bull_step_up,vo_linked,tqqq,cross_5_20,bull_step_up
vo_tqqq_cross_5_20_cut_confirm,vo_linked,tqqq,cross_5_20,cut_confirm
vo_tqqq_cross_5_20_raise_confirm,vo_linked,tqqq,cross_5_20,raise_confirm
vo_tqqq_cross_5_20_both_confirm,vo_linked,tqqq,cross_5_20,both_confirm
vo_tqqq_cross_10_50_trend_cap,vo_linked,tqqq,cross_10_50,trend_cap
vo_tqqq_cross_10_50_trend_floor,vo_linked,tqqq,cross_10_50,trend_floor
vo_tqqq_cross_10_50_blend,vo_linked,tqqq,cross_10_50,blend
vo_tqqq_cross_10_50_bear_step_down,vo_linked,tqqq,cross_10_50,bear_step_down
vo_tqqq_cross_10_50_bull_step_up,vo_linked,tqqq,cross_10_50,bull_step_up
vo_tqqq_cross_10_50_cut_confirm,vo_linked,tqqq,cross_10_50,cut_confirm
vo_tqqq_cross_10_50_raise_confirm,vo_linked,tqqq,cross_10_50,raise_confirm
vo_tqqq_cross_10_50_both_confirm,vo_linked,tqqq,cross_10_50,both_confirm
vo_tqqq_cross_20_50_trend_cap,vo_linked,tqqq,cross_20_50,trend_cap
vo_tqqq_cross_20_50_trend_floor,vo_linked,tqqq,cross_20_50,trend_floor
vo_tqqq_cross_20_50_blend,vo_linked,tqqq,cross_20_50,blend
vo_tqqq_cross_20_50_bear_step_down,vo_linked,tqqq,cross_20_50,bear_step_down
vo_tqqq_cross_20_50_bull_step_up,vo_linked,tqqq,cross_20_50,bull_step_up
vo_tqqq_cross_20_50_cut_confirm,vo_linked,tqqq,cross_20_50,cut_confirm
vo_tqqq_cross_20_50_raise_confirm,vo_linked,tqqq,cross_20_50,raise_confirm
vo_tqqq_cross_20_50_both_confirm,vo_linked,tqqq,cross_20_50,both_confirm
vo_tqqq_cross_20_100_trend_cap,vo_linked,tqqq,cross_20_100,trend_cap
vo_tqqq_cross_20_100_trend_floor,vo_linked,tqqq,cross_20_100,trend_floor
vo_tqqq_cross_20_100_blend,vo_linked,tqqq,cross_20_100,blend
vo_tqqq_cross_20_100_bear_step_down,vo_linked,tqqq,cross_20_100,bear_step_down
vo_tqqq_cross_20_100_bull_step_up,vo_linked,tqqq,cross_20_100,bull_step_up
vo_tqqq_cross_20_100_cut_confirm,vo_linked,tqqq,cross_20_100,cut_confirm
vo_tqqq_cross_20_100_raise_confirm,vo_linked,tqqq,cross_20_100,raise_confirm
vo_tqqq_cross_20_100_both_confirm,vo_linked,tqqq,cross_20_100,both_confirm
vo_tqqq_cross_20_200_trend_cap,vo_linked,tqqq,cross_20_200,trend_cap
vo_tqqq_cross_20_200_trend_floor,vo_linked,tqqq,cross_20_200,trend_floor
vo_tqqq_cross_20_200_blend,vo_linked,tqqq,cross_20_200,blend
vo_tqqq_cross_20_200_bear_step_down,vo_linked,tqqq,cross_20_200,bear_step_down
vo_tqqq_cross_20_200_bull_step_up,vo_linked,tqqq,cross_20_200,bull_step_up
vo_tqqq_cross_20_200_cut_confirm,vo_linked,tqqq,cross_20_200,cut_confirm
vo_tqqq_cross_20_200_raise_confirm,vo_linked,tqqq,cross_20_200,raise_confirm
vo_tqqq_cross_20_200_both_confirm,vo_linked,tqqq,cross_20_200,both_confirm
vo_tqqq_cross_50_100_trend_cap,vo_linked,tqqq,cross_50_100,trend_cap
vo_tqqq_cross_50_100_trend_floor,vo_linked,tqqq,cross_50_100,trend_floor
vo_tqqq_cross_50_100_blend,vo_linked,tqqq,cross_50_100,blend
vo_tqqq_cross_50_100_bear_step_down,vo_linked,tqqq,cross_50_100,bear_step_down
vo_tqqq_cross_50_100_bull_step_up,vo_linked,tqqq,cross_50_100,bull_step_up
vo_tqqq_cross_50_100_cut_confirm,vo_linked,tqqq,cross_50_100,cut_confirm
vo_tqqq_cross_50_100_raise_confirm,vo_linked,tqqq,cross_50_100,raise_confirm
vo_tqqq_cross_50_100_both_confirm,vo_linked,tqqq,cross_50_100,both_confirm
vo_tqqq_cross_50_150_trend_cap,vo_linked,tqqq,cross_50_150,trend_cap
vo_tqqq_cross_50_150_trend_floor,vo_linked,tqqq,cross_50_150,trend_floor
vo_tqqq_cross_50_150_blend,vo_linked,tqqq,cross_50_150,blend
vo_tqqq_cross_50_150_bear_step_down,vo_linked,tqqq,cross_50_150,bear_step_down
vo_tqqq_cross_50_150_bull_step_up,vo_linked,tqqq,cross_50_150,bull_step_up
vo_tqqq_cross_50_150_cut_confirm,vo_linked,tqqq,cross_50_150,cut_confirm
vo_tqqq_cross_50_150_raise_confirm,vo_linked,tqqq,cross_50_150,raise_confirm
vo_tqqq_cross_50_150_both_confirm,vo_linked,tqqq,cross_50_150,both_confirm
vo_tqqq_cross_50_200_trend_cap,vo_linked,tqqq,cross_50_200,trend_cap
vo_tqqq_cross_50_200_trend_floor,vo_linked,tqqq,cross_50_200,trend_floor
vo_tqqq_cross_50_200_blend,vo_linked,tqqq,cross_50_200,blend
vo_tqqq_cross_50_200_bear_step_down,vo_linked,tqqq,cross_50_200,bear_step_down
vo_tqqq_cross_50_200_bull_step_up,vo_linked,tqqq,cross_50_200,bull_step_up
vo_tqqq_cross_50_200_cut_confirm,vo_linked,tqqq,cross_50_200,cut_confirm
vo_tqqq_cross_50_200_raise_confirm,vo_linked,tqqq,cross_50_200,raise_confirm
vo_tqqq_cross_50_200_both_confirm,vo_linked,tqqq,cross_50_200,both_confirm
vo_tqqq_cross_100_200_trend_cap,vo_linked,tqqq,cross_100_200,trend_cap
vo_tqqq_cross_100_200_trend_floor,vo_linked,tqqq,cross_100_200,trend_floor
vo_tqqq_cross_100_200_blend,vo_linked,tqqq,cross_100_200,blend
vo_tqqq_cross_100_200_bear_step_down,vo_linked,tqqq,cross_100_200,bear_step_down
vo_tqqq_cross_100_200_bull_step_up,vo_linked,tqqq,cross_100_200,bull_step_up
vo_tqqq_cross_100_200_cut_confirm,vo_linked,tqqq,cross_100_200,cut_confirm
vo_tqqq_cross_100_200_raise_confirm,vo_linked,tqqq,cross_100_200,raise_confirm
vo_tqqq_cross_100_200_both_confirm,vo_linked,tqqq,cross_100_200,both_confirm
vo_tqqq_cross_100_250_trend_cap,vo_linked,tqqq,cross_100_250,trend_cap
vo_tqqq_cross_100_250_trend_floor,vo_linked,tqqq,cross_100_250,trend_floor
vo_tqqq_cross_100_250_blend,vo_linked,tqqq,cross_100_250,blend
vo_tqqq_cross_100_250_bear_step_down,vo_linked,tqqq,cross_100_250,bear_step_down
vo_tqqq_cross_100_250_bull_step_up,vo_linked,tqqq,cross_100_250,bull_step_up
vo_tqqq_cross_100_250_cut_confirm,vo_linked,tqqq,cross_100_250,cut_confirm
vo_tqqq_cross_100_250_raise_confirm,vo_linked,tqqq,cross_100_250,raise_confirm
vo_tqqq_cross_100_250_both_confirm,vo_linked,tqqq,cross_100_250,both_confirm
vo_tqqq_triple_5_20_100_trend_cap,vo_linked,tqqq,triple_5_20_100,trend_cap
vo_tqqq_triple_5_20_100_trend_floor,vo_linked,tqqq,triple_5_20_100,trend_floor
vo_tqqq_triple_5_20_100_blend,vo_linked,tqqq,triple_5_20_100,blend
vo_tqqq_triple_5_20_100_bear_step_down,vo_linked,tqqq,triple_5_20_100,bear_step_down
vo_tqqq_triple_5_20_100_bull_step_up,vo_linked,tqqq,triple_5_20_100,bull_step_up
vo_tqqq_triple_5_20_100_cut_confirm,vo_linked,tqqq,triple_5_20_100,cut_confirm
vo_tqqq_triple_5_20_100_raise_confirm,vo_linked,tqqq,triple_5_20_100,raise_confirm
vo_tqqq_triple_5_20_100_both_confirm,vo_linked,tqqq,triple_5_20_100,both_confirm
vo_tqqq_triple_10_50_200_trend_cap,vo_linked,tqqq,triple_10_50_200,trend_cap
vo_tqqq_triple_10_50_200_trend_floor,vo_linked,tqqq,triple_10_50_200,trend_floor
vo_tqqq_triple_10_50_200_blend,vo_linked,tqqq,triple_10_50_200,blend
vo_tqqq_triple_10_50_200_bear_step_down,vo_linked,tqqq,triple_10_50_200,bear_step_down
vo_tqqq_triple_10_50_200_bull_step_up,vo_linked,tqqq,triple_10_50_200,bull_step_up
vo_tqqq_triple_10_50_200_cut_confirm,vo_linked,tqqq,triple_10_50_200,cut_confirm
vo_tqqq_triple_10_50_200_raise_confirm,vo_linked,tqqq,triple_10_50_200,raise_confirm
vo_tqqq_triple_10_50_200_both_confirm,vo_linked,tqqq,triple_10_50_200,both_confirm
vo_tqqq_triple_20_50_200_trend_cap,vo_linked,tqqq,triple_20_50_200,trend_cap
vo_tqqq_triple_20_50_200_trend_floor,vo_linked,tqqq,triple_20_50_200,trend_floor
vo_tqqq_triple_20_50_200_blend,vo_linked,tqqq,triple_20_50_200,blend
vo_tqqq_triple_20_50_200_bear_step_down,vo_linked,tqqq,triple_20_50_200,bear_step_down
vo_tqqq_triple_20_50_200_bull_step_up,vo_linked,tqqq,triple_20_50_200,bull_step_up
vo_tqqq_triple_20_50_200_cut_confirm,vo_linked,tqqq,triple_20_50_200,cut_confirm
vo_tqqq_triple_20_50_200_raise_confirm,vo_linked,tqqq,triple_20_50_200,raise_confirm
vo_tqqq_triple_20_50_200_both_confirm,vo_linked,tqqq,triple_20_50_200,both_confirm
vo_tqqq_triple_20_100_200_trend_cap,vo_linked,tqqq,triple_20_100_200,trend_cap
vo_tqqq_triple_20_100_200_trend_floor,vo_linked,tqqq,triple_20_100_200,trend_floor
vo_tqqq_triple_20_100_200_blend,vo_linked,tqqq,triple_20_100_200,blend
vo_tqqq_triple_20_100_200_bear_step_down,vo_linked,tqqq,triple_20_100_200,bear_step_down
vo_tqqq_triple_20_100_200_bull_step_up,vo_linked,tqqq,triple_20_100_200,bull_step_up
vo_tqqq_triple_20_100_200_cut_confirm,vo_linked,tqqq,triple_20_100_200,cut_confirm
vo_tqqq_triple_20_100_200_raise_confirm,vo_linked,tqqq,triple_20_100_200,raise_confirm
vo_tqqq_triple_20_100_200_both_confirm,vo_linked,tqqq,triple_20_100_200,both_confirm
vo_tqqq_triple_50_100_200_trend_cap,vo_linked,tqqq,triple_50_100_200,trend_cap
vo_tqqq_triple_50_100_200_trend_floor,vo_linked,tqqq,triple_50_100_200,trend_floor
vo_tqqq_triple_50_100_200_blend,vo_linked,tqqq,triple_50_100_200,blend
vo_tqqq_triple_50_100_200_bear_step_down,vo_linked,tqqq,triple_50_100_200,bear_step_down
vo_tqqq_triple_50_100_200_bull_step_up,vo_linked,tqqq,triple_50_100_200,bull_step_up
vo_tqqq_triple_50_100_200_cut_confirm,vo_linked,tqqq,triple_50_100_200,cut_confirm
vo_tqqq_triple_50_100_200_raise_confirm,vo_linked,tqqq,triple_50_100_200,raise_confirm
vo_tqqq_triple_50_100_200_both_confirm,vo_linked,tqqq,triple_50_100_200,both_confirm
vo_tqqq_triple_50_150_200_trend_cap,vo_linked,tqqq,triple_50_150_200,trend_cap
vo_tqqq_triple_50_150_200_trend_floor,vo_linked,tqqq,triple_50_150_200,trend_floor
vo_tqqq_triple_50_150_200_blend,vo_linked,tqqq,triple_50_150_200,blend
vo_tqqq_triple_50_150_200_bear_step_down,vo_linked,tqqq,triple_50_150_200,bear_step_down
vo_tqqq_triple_50_150_200_bull_step_up,vo_linked,tqqq,triple_50_150_200,bull_step_up
vo_tqqq_triple_50_150_200_cut_confirm,vo_linked,tqqq,triple_50_150_200,cut_confirm
vo_tqqq_triple_50_150_200_raise_confirm,vo_linked,tqqq,triple_50_150_200,raise_confirm
vo_tqqq_triple_50_150_200_both_confirm,vo_linked,tqqq,triple_50_150_200,both_confirm
