Date,VO cash
2020-06-01,101004.0714620415
2020-06-02,102021.5582961195
2020-06-03,102728.3234758500
2020-06-04,101655.9879131505
2020-06-05,104720.6727953160
2020-06-08,105939.2521209555
2020-06-09,107188.2801981315
2020-06-10,109253.7513990675
2020-06-11,95309.1724950935
2020-06-12,99329.1426979695
2020-06-15,101045.8392848015
2020-06-16,103709.8534906155
2020-06-17,104226.5834747535
2020-06-18,104639.9748168055
2020-06-19,104565.3242430675
2020-06-22,106482.9660163135
2020-06-23,107941.2907158255
2020-06-24,104565.3242430675
2020-06-25,105994.9562773975
2020-06-26,102016.1358580615
2020-06-29,103658.1772743215
2020-06-30,106706.8809638195
2020-07-01,108710.6512963395
2020-07-02,109945.0472578435
2020-07-06,114302.8020798995
2020-07-07,113051.1638582275
2020-07-08,115451.0832726315
2020-07-09,117070.1733146535
2020-07-10,118476.8309915395
2020-07-13,114285.5828034195
2020-07-14,115634.8045862135
2020-07-15,115956.3260780475
2020-07-16,114555.4326757935
2020-07-17,114853.9706169975
2020-07-20,120319.8175942135
2020-07-21,118092.1507010415
2020-07-22,118872.9938639255
2020-07-23,113527.7139984615
2020-07-24,111667.4851356195
2020-07-27,114945.8450640495
2020-07-28,112528.7017763315
2020-07-29,114635.8015572695
2020-07-30,115675.0074133235
2020-07-31,119183.0143870175
2020-08-03,121737.9532561535
2020-08-04,122662.3195013795
2020-08-05,123236.4669932375
2020-08-06,126015.3300035475
2020-08-07,123552.2517904795
2020-08-10,122570.4634416635
2020-08-11,118488.3043802415
2020-08-12,123563.7343728495
2020-08-13,124074.7230660435
2020-08-14,123862.2907004255
2020-08-17,126279.4339881435
2020-08-18,128501.3595903715
2020-08-19,126979.8852858635
2020-08-20,130120.4404387255
2020-08-21,131779.7241151535
2020-08-24,133283.9791426995
2020-08-25,136745.5095644665
2020-08-26,145499.1678100311
2020-08-27,145625.3372591943
2020-08-28,146739.1223695439
2020-08-31,148433.0034272687
2020-09-01,153939.8799805498
2020-09-02,158283.6002890960
2020-09-03,133980.3965151276
2020-09-04,130087.8495003183
2020-09-08,121011.6021267645
2020-09-09,125749.2041966289
2020-09-10,122285.5378851675
2020-09-11,121052.3997799003
2020-09-14,123894.9581180693
2020-09-15,126361.2343289843
2020-09-16,123455.2073285407
2020-09-17,120803.0622363793
2020-09-18,118681.3447111179
2020-09-21,119306.9716410767
2020-09-22,122226.6172178169
2020-09-23,117008.4521861593
2020-09-24,115553.3124183083
2020-09-25,119205.8960115423
2020-09-28,122570.1662922658
2020-09-29,122570.1662922658
2020-09-30,122570.1662922658
2020-10-01,122570.1662922658
2020-10-02,122570.1662922658
2020-10-05,122570.1662922658
2020-10-06,122570.1662922658
2020-10-07,122570.1662922658
2020-10-08,122570.1662922658
2020-10-09,122570.1662922658
2020-10-12,122570.1662922658
2020-10-13,122570.1662922658
2020-10-14,122570.1662922658
2020-10-15,122570.1662922658
2020-10-16,122570.1662922658
2020-10-19,122570.1662922658
2020-10-20,122570.1662922658
2020-10-21,122213.6761803023
2020-10-22,122244.5077655087
2020-10-23,122601.4204011761
2020-10-26,119803.5105111497
2020-10-27,121187.0408444039
2020-10-28,114150.4547506328
2020-10-29,116842.5953717762
2020-10-30,112974.0040163090
2020-11-02,112991.6316400184
2020-11-03,115595.6623645052
2020-11-04,122945.1043823021
2020-11-05,127708.1256606401
2020-11-06,127932.8364110162
2020-11-09,123861.5714805194
2020-11-10,120482.0558420213
2020-11-11,124465.2002930225
2020-11-12,124982.9901684685
2020-11-13,125511.4925602317
2020-11-16,126962.8494937485
2020-11-17,126367.5432192525
2020-11-18,124885.7450014413
2020-11-19,126432.7049626125
2020-11-20,125133.4361638029
2020-11-23,125146.4754703053
2020-11-24,127710.2508607821
2020-11-25,128939.9952456717
2020-11-27,130756.3553530893
2020-11-30,131108.3470521741
2020-12-01,133806.8294741517
2020-12-02,134093.6107243341
2020-12-03,134384.7546450765
2020-12-04,135266.8769596365
2020-12-07,136500.9770572557
2020-12-08,137178.8540103693
2020-12-09,132172.9709536845
2020-12-10,133029.0076966797
2020-12-11,132533.6253726861
2020-12-14,134028.4350649485
2020-12-15,136253.2789370637
2020-12-16,137491.7138735565
2020-12-17,139029.9902405901
2020-12-18,136998.6737433987
2020-12-21,136487.9009986077
2020-12-22,137564.4583981848
2020-12-23,135489.9230533740
2020-12-24,137250.1531632693
2020-12-28,141367.7920716813
2020-12-29,141784.2694715241
2020-12-30,141760.6893440580
2020-12-31,142868.7036910803
2021-01-04,136621.4923622865
2021-01-05,140047.6320722127
2021-01-06,134256.1689964164
2021-01-07,143953.1253275187
2021-01-08,149532.3672534813
2021-01-11,142923.7281828738
2021-01-12,142302.8938707183
2021-01-13,145069.0039114023
2021-01-14,142860.8394542190
2021-01-15,139387.5520718187
2021-01-19,145430.4694019097
2021-01-20,155567.4706778628
2021-01-21,159433.6427495220
2021-01-22,157987.7682050343
2021-01-25,162372.5772583458
2021-01-26,162545.4520582971
2021-01-27,149438.1222396849
2021-01-28,151638.4098775488
2021-01-29,142192.9078000815
2021-02-01,152644.2394765260
2021-02-02,160030.8717686355
2021-02-03,158192.0747868549
2021-02-04,163787.0703521160
2021-02-05,165338.8872634336
2021-02-08,166957.4101021118
2021-02-09,166918.1263306362
2021-02-10,166321.0004227988
2021-02-11,167672.3873247058
2021-02-12,169118.0741493762
2021-02-16,168395.2338823436
2021-02-17,167200.9757760636
2021-02-18,167691.7561368850
2021-02-19,165481.8214481810
2021-02-22,152664.0915667572
2021-02-23,151306.5709101288
2021-02-24,154952.9890548130
2021-02-25,138772.9579764472
2021-02-26,141708.7787707247
2021-03-01,147849.2675078472
2021-03-02,144179.1718981454
2021-03-03,137857.1243308212
2021-03-04,134565.8997631141
2021-03-05,137399.3663177500
2021-03-08,131748.1929092857
2021-03-09,138867.4070893172
2021-03-10,138291.2301540831
2021-03-11,142940.0069735057
2021-03-12,141156.2793008395
2021-03-15,143389.9104118784
2021-03-16,144573.8026409476
2021-03-17,145497.2427501850
2021-03-18,138685.8735353177
2021-03-19,139546.1737368476
2021-03-22,143184.6930733138
2021-03-23,142245.4743062829
2021-03-24,138662.1897507526
2021-03-25,138299.1289616385
2021-03-26,141258.8753320207
2021-03-29,141219.4128896621
2021-03-30,140224.9340651618
2021-03-31,143318.8590585144
2021-04-01,146981.0811368630
2021-04-05,151527.2682439893
2021-04-06,151337.8232443333
2021-04-07,151929.7914754620
2021-04-08,154447.5521720129
2021-04-09,155955.0553856074
2021-04-12,155623.5771886138
2021-04-13,158512.2785245169
2021-04-14,155449.9108467513
2021-04-15,159167.3866636844
2021-04-16,159538.3209841517
2021-04-19,157131.0677644385
2021-04-20,155252.5986349583
2021-04-21,157375.7412264768
2021-04-22,151832.2855906733
2021-04-23,157552.1625875714
2021-04-26,160672.0828791902
2021-04-27,158563.2600739904
2021-04-28,156931.0695927062
2021-04-29,158505.5081855471
2021-04-30,155529.9791786933
2021-05-03,152987.8321828694
2021-05-04,144927.9976210142
2021-05-05,143238.0552512867
2021-05-06,146372.4424259771
2021-05-07,149954.5628521385
2021-05-10,138688.1454726041
2021-05-11,137994.8337068303
2021-05-12,127493.9699931107
2021-05-13,130180.5545301455
2021-05-14,138644.8142101802
2021-05-17,136304.8913377091
2021-05-18,133444.9239287540
2021-05-19,133936.0578282272
2021-05-20,141678.0951054773
2021-05-21,139338.1491044801
2021-05-24,146314.6327165217
2021-05-25,147022.4229287207
2021-05-26,148510.1758681877
2021-05-27,146776.8791075102
2021-05-28,148206.8107729556
2021-06-01,146762.4122250449
2021-06-02,147527.9543256872
2021-06-03,142891.3704575906
2021-06-04,150214.5735564206
2021-06-07,151543.4220709988
2021-06-08,151716.7471213007
2021-06-09,151890.0837355625
2021-06-10,156541.1113575983
2021-06-11,157783.2857827625
2021-06-14,162203.1670810811
2021-06-15,159198.7968227948
2021-06-16,157494.3760060358
2021-06-17,163373.1227353367
2021-06-18,159473.2397164499
2021-06-21,162390.9474498884
2021-06-22,166926.3903454994
2021-06-23,167215.2654297401
2021-06-24,170291.8544589350
2021-06-25,169757.4239895239
2021-06-28,175766.1876346226
2021-06-29,177745.0282165106
2021-06-30,176965.0654898489
2021-07-01,177051.7280153030
2021-07-02,183060.4569673094
2021-07-06,185515.9414376792
2021-07-07,186700.3755389663
2021-07-08,183464.9052134087
2021-07-09,186570.3933156545
2021-07-12,188910.3624451778
2021-07-13,188809.1983441661
2021-07-14,189834.7627136567
2021-07-15,185905.9459298393
2021-07-16,181341.6270897035
2021-07-19,176993.9414343737
2021-07-20,182829.3684646043
2021-07-21,187003.7059417124
2021-07-22,190932.4880324375
2021-07-23,197273.4811527269
2021-07-26,198096.7635778526
2021-07-27,191625.8460552635
2021-07-28,193720.2251065241
2021-07-29,194673.5360120138
2021-07-30,191755.8282785753
2021-08-02,191697.9838766339
2021-08-03,195034.6183025969
2021-08-04,196002.3845265920
2021-08-05,199685.6227961066
2021-08-06,197085.6776553935
2021-08-09,198140.1295327625
2021-08-10,195179.0789729402
2021-08-11,194124.6733526234
2021-08-12,196146.7989398831
2021-08-13,198111.2188963580
2021-08-16,198457.8458684357
2021-08-17,193243.5580895162
2021-08-18,187624.8220644974
2021-08-19,190296.9397196732
2021-08-20,196175.7327054200
2021-08-23,204914.4237145436
2021-08-24,206936.6186879879
2021-08-25,207167.6493696809
2021-08-26,203657.7824069141
2021-08-27,209608.7479071236
2021-08-30,216556.3440106805
2021-08-31,215949.7294628468
2021-09-01,217134.1635641339
2021-09-02,216830.7637758095
2021-09-03,218780.7515423051
2021-09-07,219676.2874308254
2021-09-08,217423.0155192422
2021-09-09,215097.4901442644
2021-09-10,210258.7052813411
2021-09-13,209782.0729574255
2021-09-14,207976.5458612732
2021-09-15,212584.2306569252
2021-09-16,213003.0879644777
2021-09-17,205477.6954359935
2021-09-20,192839.1214079831
2021-09-21,193084.7114862458
2021-09-22,198732.3581476691
2021-09-23,204250.0110218207
2021-09-24,204827.7611896958
2021-09-27,199887.8584834193
2021-09-28,183219.3498282383
2021-09-29,182006.0513469926
2021-09-30,179954.9688656699
2021-10-01,183233.8051461374
2021-10-04,171967.3762026431
2021-10-05,178582.7890886678
2021-10-06,182107.1344978598
2021-10-07,187032.5818856309
2021-10-08,184158.2401077086
2021-10-11,180070.5651560546
2021-10-12,178236.1158595379
2021-10-13,182410.4648999996
2021-10-14,192478.0506813599
2021-10-15,196045.7042250560
2021-10-18,201924.4856462366
2021-10-19,206358.8453915867
2021-10-20,205708.7955026585
2021-10-21,209392.1031583577
2021-10-22,204091.0256473937
2021-10-25,210215.3855828771
2021-10-26,212179.7824108259
2021-10-27,213855.2578974818
2021-10-28,220875.1768506179
2021-10-29,224139.5115561341
2021-11-01,226349.5331548316
2021-11-02,229368.3124745711
2021-11-03,236648.1958743308
2021-11-04,245473.4800233302
2021-11-05,246383.4249739100
2021-11-08,245372.3621799770
2021-11-09,240316.9325688941
2021-11-10,229787.1929106496
2021-11-11,231650.4256375868
2021-11-12,239002.5162442952
2021-11-15,238930.2396517682
2021-11-16,243870.1654865708
2021-11-17,244159.0174416791
2021-11-18,251626.6812108524
2021-11-19,255887.7159052943
2021-11-22,247018.9732866743
2021-11-23,243653.4976092788
2021-11-24,245906.7463923359
2021-11-26,232343.7720958466
2021-11-29,246773.4179015039
2021-11-30,236171.4941648369
2021-12-01,224052.8490306800
2021-12-02,228270.5408987381
2021-12-03,216801.8993958509
2021-12-06,221871.7843260455
2021-12-07,241876.9274071895
2021-12-08,245242.4030851913
2021-12-09,234654.8421529253
2021-12-10,241920.2239771274
2021-12-13,231520.4896707209
2021-12-14,224630.6685841334
2021-12-15,239493.6270152423
2021-12-16,231119.8373800777
2021-12-17,229430.1274916230
2021-12-20,226173.5114067043
2021-12-21,233235.5619590772
2021-12-22,237257.5476309464
2021-12-23,240030.3719757152
2021-12-27,245742.0444113277
2021-12-28,244269.0129135037
2021-12-29,244074.0601737752
2021-12-30,242918.7157332333
2021-12-31,240644.1476255928
2022-01-03,244110.1809469154
2022-01-04,239308.2802549305
2022-01-05,228383.1453711079
2022-01-06,228087.0683408680
2022-01-07,224570.5075615084
2022-01-10,224953.1865738058
2022-01-11,229545.6700293868
2022-01-12,230787.6742637647
2022-01-13,222786.9576611776
2022-01-14,224332.2307058881
2022-01-18,216851.4092738153
2022-01-19,213500.9300523091
2022-01-20,209904.9417272996
2022-01-21,202380.7846169794
2022-01-24,203565.0175824754
2022-01-25,197441.7140165035
2022-01-26,197297.2945161413
2022-01-27,195001.0701320359
2022-01-28,201947.5261161959
2022-01-31,209832.7175240981
2022-02-01,211536.8398787790
2022-02-02,213688.6621062073
2022-02-03,202481.8742204236
2022-02-04,205312.4524903892
2022-02-07,203391.7095571591
2022-02-08,206207.8522364902
2022-02-09,211522.3985068151
2022-02-10,205485.7605157055
2022-02-11,197485.0381323952
2022-02-14,197701.6702736032
2022-02-15,203290.6141726886
2022-02-16,201721.8672499724
2022-02-17,201721.8672499724
2022-02-18,201721.8672499724
2022-02-22,201721.8672499724
2022-02-23,201721.8672499724
2022-02-24,201721.8672499724
2022-02-25,201721.8672499724
2022-02-28,201721.8672499724
2022-03-01,201721.8672499724
2022-03-02,201721.8672499724
2022-03-03,201721.8672499724
2022-03-04,201721.8672499724
2022-03-07,201721.8672499724
2022-03-08,201721.8672499724
2022-03-09,201721.8672499724
2022-03-10,201721.8672499724
2022-03-11,201721.8672499724
2022-03-14,201721.8672499724
2022-03-15,201721.8672499724
2022-03-16,201721.8672499724
2022-03-17,201721.8672499724
2022-03-18,201721.8672499724
2022-03-21,201721.8672499724
2022-03-22,201721.8672499724
2022-03-23,201721.8672499724
2022-03-24,201721.8672499724
2022-03-25,201721.8672499724
2022-03-28,201721.8672499724
2022-03-29,201721.8672499724
2022-03-30,201721.8672499724
2022-03-31,201721.8672499724
2022-04-01,201721.8672499724
2022-04-04,201721.8672499724
2022-04-05,201721.8672499724
2022-04-06,201721.8672499724
2022-04-07,201721.8672499724
2022-04-08,201721.8672499724
2022-04-11,201721.8672499724
2022-04-12,201721.8672499724
2022-04-13,201721.8672499724
2022-04-14,201721.8672499724
2022-04-18,201721.8672499724
2022-04-19,201721.8672499724
2022-04-20,201721.8672499724
2022-04-21,201721.8672499724
2022-04-22,193696.9328123176
2022-04-25,192038.6469351694
2022-04-26,182823.1731481155
2022-04-27,182645.4093169793
2022-04-28,187666.9462660853
2022-04-29,174987.9676359112
2022-05-02,174262.8880018105
2022-05-03,174262.8880018105
2022-05-04,174262.8880018105
2022-05-05,174262.8880018105
2022-05-06,174262.8880018105
2022-05-09,174262.8880018105
2022-05-10,174262.8880018105
2022-05-11,174262.8880018105
2022-05-12,174262.8880018105
2022-05-13,174262.8880018105
2022-05-16,174262.8880018105
2022-05-17,174262.8880018105
2022-05-18,174262.8880018105
2022-05-19,174262.8880018105
2022-05-20,174262.8880018105
2022-05-23,174262.8880018105
2022-05-24,174262.8880018105
2022-05-25,174262.8880018105
2022-05-26,174262.8880018105
2022-05-27,174262.8880018105
2022-05-31,174262.8880018105
2022-06-01,174262.8880018105
2022-06-02,174262.8880018105
2022-06-03,174262.8880018105
2022-06-06,174262.8880018105
2022-06-07,174262.8880018105
2022-06-08,174262.8880018105
2022-06-09,174262.8880018105
2022-06-10,174262.8880018105
2022-06-13,174262.8880018105
2022-06-14,174262.8880018105
2022-06-15,174262.8880018105
2022-06-16,174262.8880018105
2022-06-17,174262.8880018105
2022-06-21,174262.8880018105
2022-06-22,174262.8880018105
2022-06-23,174262.8880018105
2022-06-24,174262.8880018105
2022-06-27,174262.8880018105
2022-06-28,174262.8880018105
2022-06-29,174262.8880018105
2022-06-30,174262.8880018105
2022-07-01,174262.8880018105
2022-07-05,174262.8880018105
2022-07-06,174262.8880018105
2022-07-07,174262.8880018105
2022-07-08,174262.8880018105
2022-07-11,174262.8880018105
2022-07-12,174262.8880018105
2022-07-13,174262.8880018105
2022-07-14,174262.8880018105
2022-07-15,174262.8880018105
2022-07-18,174262.8880018105
2022-07-19,174262.8880018105
2022-07-20,174262.8880018105
2022-07-21,174262.8880018105
2022-07-22,174262.8880018105
2022-07-25,174262.8880018105
2022-07-26,174262.8880018105
2022-07-27,174262.8880018105
2022-07-28,174262.8880018105
2022-07-29,174262.8880018105
2022-08-01,174262.8880018105
2022-08-02,175407.3200286395
2022-08-03,182475.3167812066
2022-08-04,183840.7018006681
2022-08-05,181538.2737664783
2022-08-08,180574.4694242096
2022-08-09,177361.7275514759
2022-08-10,184777.7662496339
2022-08-11,183305.2608979319
2022-08-12,188740.1146691921
2022-08-15,191176.4565156428
2022-08-16,190507.1232348830
2022-08-17,186919.5834478583
2022-08-18,187588.8952932568
2022-08-19,181698.8738853250
2022-08-22,174256.0792179049
2022-08-23,173961.5867215967
2022-08-24,174630.8985675572
2022-08-25,179235.8135809325
2022-08-26,168018.0640928213
2022-08-29,165528.1995907277
2022-08-30,162904.4748630905
2022-08-31,161512.2910053302
2022-09-01,161592.6071409935
2022-09-02,158486.9695245413
2022-09-06,156853.8372603530
2022-09-07,160976.8286677946
2022-09-08,162181.6028512907
2022-09-09,166947.1447765903
2022-09-12,169865.3673593762
2022-09-13,156238.0641459944
2022-09-14,157790.8802750813
2022-09-15,154230.1125327158
2022-09-16,152918.2501688972
2022-09-19,154497.8383426433
2022-09-20,152891.4727653977
2022-09-21,149277.1662914303
2022-09-22,146974.7114641628
2022-09-23,144110.0168952983
2022-09-26,143333.6115107369
2022-09-27,143387.1609594575
2022-09-28,146680.2136090142
2022-09-29,141646.9458732250
2022-09-30,138782.2566637628
2022-10-03,142369.8071684681
2022-10-04,147510.1523668991
2022-10-05,145015.8268381587
2022-10-06,145015.8268381587
2022-10-07,145015.8268381587
2022-10-10,145015.8268381587
2022-10-11,143455.7627359731
2022-10-12,143299.1489964362
2022-10-13,148035.8840506875
2022-10-14,150072.0954866562
2022-10-17,150072.0954866562
2022-10-18,150072.0954866562
2022-10-19,150072.0954866562
2022-10-20,150072.0954866562
2022-10-21,150072.0954866562
2022-10-24,150072.0954866562
2022-10-25,150072.0954866562
2022-10-26,149571.9582738407
2022-10-27,145462.6121840877
2022-10-28,151839.1959270663
2022-10-31,149922.0333803208
2022-11-01,149922.0333803208
2022-11-02,149922.0333803208
2022-11-03,149922.0333803208
2022-11-04,149922.0333803208
2022-11-07,149922.0333803208
2022-11-08,149922.0333803208
2022-11-09,149922.0333803208
2022-11-10,149922.0333803208
2022-11-11,149922.0333803208
2022-11-14,149922.0333803208
2022-11-15,149922.0333803208
2022-11-16,149922.0333803208
2022-11-17,149922.0333803208
2022-11-18,149922.0333803208
2022-11-21,149922.0333803208
2022-11-22,149922.0333803208
2022-11-23,149922.0333803208
2022-11-25,149922.0333803208
2022-11-28,149922.0333803208
2022-11-29,149922.0333803208
2022-11-30,149922.0333803208
2022-12-01,149922.0333803208
2022-12-02,149922.0333803208
2022-12-05,149922.0333803208
2022-12-06,149922.0333803208
2022-12-07,149922.0333803208
2022-12-08,149922.0333803208
2022-12-09,149922.0333803208
2022-12-12,149922.0333803208
2022-12-13,149922.0333803208
2022-12-14,149922.0333803208
2022-12-15,149922.0333803208
2022-12-16,149922.0333803208
2022-12-19,149922.0333803208
2022-12-20,149922.0333803208
2022-12-21,149922.0333803208
2022-12-22,149922.0333803208
2022-12-23,149922.0333803208
2022-12-27,147185.2905351259
2022-12-28,144265.9055442404
2022-12-29,149160.1683653599
2022-12-30,149160.1683653599
2023-01-03,147485.8128204176
2023-01-04,148602.0470007235
2023-01-05,145124.5363711664
2023-01-06,150619.8480378008
2023-01-09,152208.3571699532
2023-01-10,154269.0985109108
2023-01-11,158218.8712693124
2023-01-12,159506.8324701692
2023-01-13,161181.1794661448
2023-01-17,161653.4458690244
2023-01-18,158433.5214958100
2023-01-19,155814.6673391828
2023-01-20,162426.2174601584
2023-01-23,168179.1495781064
2023-01-24,167621.0282134700
2023-01-25,166934.1115840928
2023-01-26,172257.7005042116
2023-01-27,175048.3073273936
2023-01-30,169037.7675820304
2023-01-31,173245.1479678472
2023-02-01,179599.1161083080
2023-02-02,190418.0380670300
2023-02-03,184450.4642715512
2023-02-06,181659.8659973360
2023-02-07,188271.4075702412
2023-02-08,182175.0385091252
2023-02-09,179298.5852740495
2023-02-10,177151.9633253312
2023-02-13,182003.3029405040
2023-02-14,184321.6433599100
2023-02-15,186768.7875939200
2023-02-16,180371.8791504751
2023-02-17,178096.4790340532
2023-02-21,170840.9440386140
2023-02-22,170926.7904514040
2023-02-23,173331.0114785708
2023-02-24,168350.8680496904
2023-02-27,170368.6861838048
2023-02-28,169896.4283289956
2023-03-01,167578.0879095896
2023-03-02,169810.5819171020
2023-03-03,175606.4286920300
2023-03-06,176035.7376939920
2023-03-07,172257.7005042116
2023-03-08,173588.6020089488
2023-03-09,168393.7912556372
2023-03-10,164529.8991049964
2023-03-13,166461.8622782504
2023-03-14,172687.0266032108
2023-03-15,174103.7916186716
2023-03-16,181960.3797336608
2023-03-17,180371.8791504751
2023-03-20,181488.1218797480
2023-03-21,185996.0074538192
2023-03-22,181461.8601609980
2023-03-23,185261.9103468716
2023-03-24,186384.6586650812
2023-03-27,184095.9994579196
2023-03-28,182282.3166044012
2023-03-29,188155.1105579156
2023-03-30,191221.0892828456
2023-03-31,196921.1987575231
2023-04-03,196057.5284495768
2023-04-04,194848.4207958080
2023-04-05,189350.8985236225
2023-04-06,193153.3013284428
2023-04-10,192730.8260678152
2023-04-11,188998.8195433152
2023-04-12,183999.3872354709
2023-04-13,194561.6033109011
2023-04-14,193434.9561494260
2023-04-17,193646.2286288603
2023-04-18,193787.0630101992
2023-04-19,193364.5877481099
2023-04-20,188858.0130424420
2023-04-21,189210.0641437454
2023-04-24,188083.4448612743
2023-04-25,177450.8046265197
2023-04-26,180408.2429713138
2023-04-27,194984.1064519944
2023-04-28,198927.3436366919
2023-05-01,198364.0061157214
2023-05-02,193082.8771691186
2023-05-03,189280.4883030695
2023-05-04,187168.0562404622
2023-05-05,198645.6191174676
2023-05-08,200265.1796391274
2023-05-09,196392.3666137542
2023-05-10,202729.7325027409
2023-05-11,204419.6893047208
2023-05-12,202307.2293616476
2023-05-15,205405.4742058530
2023-05-16,206180.0702674866
2023-05-17,213573.6033976927
2023-05-18,225051.2220341680
2023-05-19,223502.0996120652
2023-05-22,225825.7762751029
2023-05-23,217094.3374427584
2023-05-24,213573.6033976927
2023-05-25,228994.4592188654
2023-05-26,246316.4467442071
2023-05-30,249766.8681488885
2023-05-31,244696.9419820172
2023-06-01,253569.1873137730
2023-06-02,259272.8194014691
2023-06-05,259836.1848029054
2023-06-06,259554.4881626852
2023-06-07,246316.4467442071
2023-06-08,254766.3422745081
2023-06-09,257864.5313607053
2023-06-12,271032.2043778673
2023-06-13,277087.7063482241
2023-06-14,283002.6387958204
2023-06-15,292931.1071297271
2023-06-16,287297.9270818211
2023-06-20,285889.6669185996
2023-06-21,274432.2192568399
2023-06-22,283544.4810550306
2023-06-23,275138.6075947891
2023-06-26,264260.4167702319
2023-06-27,277328.3640478320
2023-06-28,279023.6737545371
2023-06-29,277116.4503337629
2023-06-30,289619.3036678215
2023-07-03,291597.1185277913
2023-07-05,291385.2884536581
2023-07-06,284533.3745447826
2023-07-07,281637.2576342564
2023-07-10,281849.1713483254
2023-07-11,285875.5040234769
2023-07-12,296471.1339367614
2023-07-13,311234.3630420626
2023-07-14,310951.8857707254
2023-07-17,319569.6450645702
2023-07-18,327198.5108686629
2023-07-19,327198.5108686629
2023-07-20,304241.2662577193
2023-07-21,301557.0073003304
2023-07-24,302757.9260230912
2023-07-25,308832.6928764124
2023-07-26,305654.0429336174
2023-07-27,303040.4590538982
2023-07-28,319428.3227896967
2023-07-31,320064.1196899120
2023-08-01,317591.7744451304
2023-08-02,296824.3141662338
2023-08-03,294705.2606713264
2023-08-04,290608.2529170435
2023-08-07,297813.2634154558
2023-08-08,290184.4254903672
2023-08-09,280507.0697486351
2023-08-10,281778.4962706558
2023-08-11,276127.5289650068
2023-08-14,285310.4379604013
2023-08-15,276551.3842706872
2023-08-16,267368.4752738312
2023-08-17,258326.8606728444
2023-08-18,257126.0534704851
2023-08-21,269558.2317268741
2023-08-22,268357.4245230531
2023-08-23,281001.4886145070
2023-08-24,262494.5156243310
2023-08-25,268710.5768735215
2023-08-28,274714.8080471169
2023-08-29,292232.8596685366
2023-08-30,297106.8750775066
2023-08-31,299791.0782754256
2023-09-01,298731.5654674739
2023-09-05,299508.6288830925
2023-09-06,291597.1185277913
2023-09-07,285239.7907631975
2023-09-08,286087.4177375460
2023-09-11,295835.3927974777
2023-09-12,286369.9786488187
2023-09-13,289195.4483621411
2023-09-14,295976.7150723512
2023-09-15,280789.6585403737
2023-09-18,281425.3718006532
2023-09-19,279730.0342134822
2023-09-20,267601.4102934354
2023-09-21,252360.8525873623
2023-09-22,252573.4911745400
2023-09-25,255905.1171126472
2023-09-26,244492.4721520639
2023-09-27,245981.0537739391
2023-09-28,251935.5475369262
2023-09-29,252502.6209379949
2023-10-02,258527.9849375271
2023-10-03,244846.9069688782
2023-10-04,254770.9424285823
2023-10-05,252077.2601280889
2023-10-06,264765.9317618437
2023-10-09,268664.6868619511
2023-10-10,273059.7008889756
2023-10-11,278872.3147823903
2023-10-12,275611.5590793664
2023-10-13,265191.2646942073
2023-10-16,274122.9495784871
2023-10-17,271500.1653935430
2023-10-18,260016.5665579406
2023-10-19,253069.6943405253
2023-10-20,241656.9936204721
2023-10-23,243783.6025198968
2023-10-24,250659.5766217629
2023-10-25,232300.0594437643
2023-10-26,218760.7219467440
2023-10-27,221879.6814186694
2023-10-30,229039.2340410377
2023-10-31,232370.8321001407
2023-11-01,244350.7038014312
2023-11-02,257322.8842574472
2023-11-03,266396.3653728254
2023-11-06,269444.4546096674
2023-11-07,277029.3262241664
2023-11-08,277525.4736321435
2023-11-09,270933.0641105467
2023-11-10,289009.1282272158
2023-11-13,286386.3161618058
2023-11-14,304391.3985229901
2023-11-15,305242.0643862555
2023-11-16,305738.2675522409
2023-11-17,305950.9061394185
2023-11-20,316867.4315710288
2023-11-21,311125.6042742236
2023-11-22,314740.8226730659
2023-11-24,313181.3150566373
2023-11-27,312259.8347177583
2023-11-28,314740.8226730659
2023-11-29,313606.6758680051
2023-11-30,310983.8638025951
2023-12-01,313606.6758680051
2023-12-04,304674.9352242553
2023-12-05,306872.4701167715
2023-12-06,301414.2352807014
2023-12-07,314031.9530408988
2023-12-08,317788.9119099079
2023-12-11,325870.0424513238
2023-12-12,333738.4228866222
2023-12-13,345505.5026640198
2023-12-14,344938.4292614894
2023-12-15,349049.8229473130
2023-12-18,356351.0742220728
2023-12-19,361667.5964669802
2023-12-20,345598.2863546952
2023-12-21,357061.1426821118
2023-12-22,358485.0433642158
2023-12-26,365035.2429977939
2023-12-27,366957.5772246792
2023-12-28,366031.9706879510
2023-12-29,360976.9880473192
2024-01-02,342679.2244391147
2024-01-03,331714.7737760136
2024-01-04,326161.3575935241
2024-01-05,327371.6717789237
2024-01-08,347093.4475896336
2024-01-09,349371.7221360970
2024-01-10,356277.9736096550
2024-01-11,357986.6655803660
2024-01-12,358413.8385723130
2024-01-16,358200.3078365402
2024-01-17,352006.0485240021
2024-01-18,367100.0146874888
2024-01-19,388316.8680932014
2024-01-22,389883.1783591108
2024-01-23,394511.0158853381
2024-01-24,400989.9828465476
2024-01-25,402129.1758799801
2024-01-26,394724.6023820424
2024-01-29,406329.8125337947
2024-01-30,398213.3026343070
2024-01-31,374789.2679550939
2024-02-01,388032.0489241284
2024-02-02,407540.1545996601
2024-02-05,405475.4944274432
2024-02-06,403125.9593296070
2024-02-07,415158.3703537721
2024-02-08,416867.0344440172
2024-02-09,429113.0598438907
2024-02-12,424058.0214452508
2024-02-13,403980.2774344967
2024-02-14,416795.8854115843
2024-02-15,420284.5299043791
2024-02-16,408750.5245445296
2024-02-20,399281.2629953709
2024-02-21,394297.4015096297
2024-02-22,428401.0676828709
2024-02-23,424485.1665581936
2024-02-26,423915.6118614452
2024-02-27,426549.9382493502
2024-02-28,419643.7425352620
2024-02-29,429753.7914535378
2024-03-01,449475.5393837819
2024-03-04,444135.7375770006
2024-03-05,420355.7625767476
2024-03-06,428116.2485152596
2024-03-07,447197.2369568525
2024-03-08,427617.8986104141
2024-03-11,422634.0928841428
2024-03-12,440575.8325328333
2024-03-13,430323.4019097561
2024-03-14,426834.7016574914
2024-03-15,411242.4692276330
2024-03-18,422847.6515003812
2024-03-19,425766.7134159618
2024-03-20,440879.3589887097
2024-03-21,446595.7042267728
2024-03-22,447524.6005707635
2024-03-25,442951.5466835162
2024-03-26,438807.1991743690
2024-03-27,442665.6959664428
2024-03-28,439878.9511764628
2024-04-01,442594.2960156644
2024-04-02,430732.7597649560
2024-04-03,433590.9881427267
2024-04-04,413155.0455545943
2024-04-05,427731.7314870905
2024-04-08,428017.5264446941
2024-04-09,432447.7246723765
2024-04-10,421086.4341455669
2024-04-11,440879.3589887097
2024-04-12,419585.9478863691
2024-04-15,398506.8481538415
2024-04-16,398578.3317430938
2024-04-17,383787.2508023105
2024-04-18,376927.6420924357
2024-04-19,353562.0154162844
2024-04-22,363851.4702996030
2024-04-23,380071.6375502674
2024-04-24,383787.2508023105
2024-04-25,377642.1434281393
2024-04-26,395005.6020296196
2024-04-29,399721.5394554358
2024-04-30,376856.1585031834
2024-05-01,368710.3470249195
2024-05-02,382358.1644924294
2024-05-03,405152.0897344336
2024-05-06,418442.6565355532
2024-05-07,418442.6565355532
2024-05-08,417656.6716105973
2024-05-09,419943.1985542210
2024-05-10,422801.3990529875
2024-05-13,425588.1159625017
2024-05-14,433519.4766744702
2024-05-15,453526.8244049042
2024-05-16,450740.1074953899
2024-05-17,449739.6996831429
2024-05-20,459028.7746346802
2024-05-21,461386.7015276204
2024-05-22,461100.9623294868
2024-05-23,454241.3257406077
2024-05-24,466960.2468655886
2024-05-28,472033.5185977306
2024-05-29,462172.7979715161
2024-05-30,447310.2334414806
2024-05-31,446810.0713545941
2024-06-03,451168.7859930241
2024-06-04,454527.1206982114
2024-06-05,481965.6112957191
2024-06-06,481393.9098601104
2024-06-07,479607.6565223131
2024-06-10,484680.9282544550
2024-06-11,494684.5602997041
2024-06-12,514191.5507858378
2024-06-13,522408.8737352813
2024-06-14,529983.0116584023
2024-06-17,549204.2908268680
2024-06-18,549490.0579040057
2024-06-20,536556.8811701435
2024-06-21,531626.5208555746
2024-06-24,513619.9051111607
2024-06-25,530769.0523428281
2024-06-26,534090.0839889628
2024-06-27,537963.4127897980
2024-06-28,529499.4658833141
2024-07-01,538178.5326697321
2024-07-02,554675.8521660124
2024-07-03,568304.1817141400
2024-07-05,585518.8462761656
2024-07-08,589392.1193175308
2024-07-09,590683.1731583393
2024-07-10,609189.0030801131
2024-07-11,569164.8842746790
2024-07-12,578417.8271160317
2024-07-15,582721.3956767350
2024-07-16,583151.8584759441
2024-07-17,531866.5094430053
2024-07-18,523904.6762019310
2024-07-19,509702.5263612618
2024-07-22,531938.1603106674
2024-07-23,526199.9573764821
2024-07-24,469463.2876758937
2024-07-25,453826.7543786264
2024-07-26,466809.4176076750
2024-07-29,469535.0500610339
2024-07-30,450383.7768580607
2024-07-31,489762.2851038856
2024-08-01,472948.5036896176
2024-08-02,456380.5692947513
2024-08-05,438019.5064363024
2024-08-06,442824.9295853128
2024-08-07,436477.4594468572
2024-08-08,453941.9720120633
2024-08-09,456774.9984560956
2024-08-12,458209.4510470181
2024-08-13,473665.7439236272
2024-08-14,474060.2149020784
2024-08-15,491237.8230102592
2024-08-16,491883.3057679132
2024-08-19,501422.4503445028
2024-08-20,499844.5385557936
2024-08-21,503323.1313902320
2024-08-22,490950.9603696100
2024-08-23,498661.1535004600
2024-08-26,491237.8230102592
2024-08-27,493317.7304810081
2024-08-28,484926.2037325192
2024-08-29,483671.0612000992
2024-08-30,491775.7810635940
2024-09-03,469326.5074130477
2024-09-04,467425.8542451460
2024-09-05,468143.0944791556
2024-09-06,450104.8148162753
2024-09-09,457707.4274871509
2024-09-10,463409.3730515764
2024-09-11,477287.7123231004
2024-09-12,484137.3175320028
2024-09-13,487257.2344937812
2024-09-16,484029.6813171040
2024-09-17,484173.0847592357
2024-09-18,481053.1677981880
2024-09-19,498840.4635589625
2024-09-20,497226.6172760549
2024-09-23,499091.5032167237
2024-09-24,502677.6486325780
2024-09-25,503577.0424620436
2024-09-26,509045.5810818760
2024-09-27,504512.3986635352
2024-09-30,509819.9327942439
2024-10-01,488228.8594142697
2024-10-02,490057.4983677459
2024-10-03,488932.1946649790
2024-10-04,506162.8183762754
2024-10-07,489494.8192686746
2024-10-08,510734.2250225798
2024-10-09,523041.9379504868
2024-10-10,521213.2989970107
2024-10-11,522549.6141742083
2024-10-14,535912.1119931054
2024-10-15,514532.1045843662
2024-10-16,514250.7377857142
2024-10-17,515797.9009483586
2024-10-18,524940.7142423961
2024-10-21,527824.3015758464
2024-10-22,529371.5737320993
2024-10-23,504896.9130186746
2024-10-24,516923.2046525540
2024-10-25,525644.0494931054
2024-10-28,526136.3732693840
2024-10-29,540694.4211202322
2024-10-30,528668.2384799613
2024-10-31,488439.8708887004
2024-11-01,498848.6440357142
2024-11-04,494206.8820651886
2024-11-05,512984.7779327378
2024-11-06,554619.7615286133
2024-11-07,580571.1755836569
2024-11-08,581977.7370914673
2024-11-11,580922.7887129216
2024-11-12,577757.9435744276
2024-11-13,575226.2418528345
2024-11-14,563059.1305783328
2024-11-15,522338.5482029732
2024-11-18,532887.9230048209
2024-11-19,543578.0084536826
2024-11-20,542945.0285271945
2024-11-21,548290.0712516252
2024-11-22,550329.5581905482
2024-11-25,552861.4778993583
2024-11-26,561441.6120914673
2024-11-27,547868.2117931762
2024-11-29,561863.5805449532
2024-12-02,580078.9063041825
2024-12-03,585212.9375541825
2024-12-04,606592.9449629216
2024-12-05,601599.5698631313
2024-12-06,617071.9644405482
2024-12-09,602654.5727399096
2024-12-10,596113.9254852950
2024-12-11,627973.0613638407
2024-12-12,615524.7467810996
2024-12-13,628746.6974419671
2024-12-16,656104.7819984294
2024-12-17,647313.6363304610
2024-12-18,577335.9751209416
2024-12-19,569177.8638776944
2024-12-20,583946.9232029732
2024-12-23,600211.7552431083
2024-12-24,624061.9920211610
2024-12-26,622721.3171010560
2024-12-27,597389.2587828794
2024-12-30,573397.8753819506
2024-12-31,558367.8310485044
2025-01-02,554839.7649700226
2025-01-03,581442.0338904746
2025-01-06,601270.1369174613
2025-01-07,568881.8374487127
2025-01-08,569305.2228176793
2025-01-10,542138.4764036175
2025-01-13,536493.3744895514
2025-01-14,534588.1130836569
2025-01-15,570716.4710477937
2025-01-16,568592.5223656395
2025-01-17,580201.2623392504
2025-01-21,589292.2699840984
2025-01-22,600736.6430621007
2025-01-23,602620.7249101184
2025-01-24,597073.0338087848
2025-01-27,570520.7592419991
2025-01-28,582767.6415663504
2025-01-29,580988.1411087991
2025-01-30,584581.9575758912
2025-01-31,583011.8624219336
2025-02-03,576033.6347913432
2025-02-04,586256.7688555191
2025-02-05,598300.7733626966
2025-02-06,607267.3487875497
2025-02-07,584109.7208733556
2025-02-10,604655.0011999474
2025-02-11,600348.2728297221
2025-02-12,601548.5273766851
2025-02-13,626894.8258911283
2025-02-14,634237.5243089872
2025-02-18,638191.1339976690
2025-02-19,638261.8013552635
2025-02-20,630495.5350061241
2025-02-21,591028.7423038613
2025-02-24,569777.3881932888
2025-02-25,548031.8533197339
2025-02-26,551562.0041303497
2025-02-27,505811.7054771815
2025-02-28,528969.2243367322
2025-03-03,494797.6305867322
2025-03-04,489361.2059724947
2025-03-05,508423.8894828184
2025-03-06,466274.2999446461
2025-03-07,469184.6082194346
2025-03-10,442355.6719921596
2025-03-11,439884.6182253269
2025-03-12,447015.4236229021
2025-03-13,435224.8393309234
2025-03-14,449698.3295141698
2025-03-17,453934.4723170688
2025-03-18,442708.6952519621
2025-03-19,450933.8768447959
2025-03-20,448674.5934128448
2025-03-21,450722.0656154949
2025-03-24,464666.0686191935
2025-03-25,468831.5713274443
2025-03-26,455618.3157029733
2025-03-27,451794.5218431131
2025-03-28,434233.4515407431
2025-03-31,434091.8441875160
2025-04-01,438765.3503248194
2025-04-02,443403.4546245309
2025-04-03,409308.0763839022
2025-04-04,376699.7389341246
2025-04-07,361203.6837748970
2025-04-08,361203.6837748970
2025-04-09,361203.6837748970
2025-04-10,361203.6837748970
2025-04-11,361203.6837748970
2025-04-14,361203.6837748970
2025-04-15,361203.6837748970
2025-04-16,361203.6837748970
2025-04-17,361203.6837748970
2025-04-21,361203.6837748970
2025-04-22,361203.6837748970
2025-04-23,361203.6837748970
2025-04-24,361203.6837748970
2025-04-25,361203.6837748970
2025-04-28,361203.6837748970
2025-04-29,361203.6837748970
2025-04-30,361203.6837748970
2025-05-01,361203.6837748970
2025-05-02,361203.6837748970
2025-05-05,361203.6837748970
2025-05-06,361203.6837748970
2025-05-07,361203.6837748970
2025-05-08,361203.6837748970
2025-05-09,361203.6837748970
2025-05-12,361203.6837748970
2025-05-13,361203.6837748970
2025-05-14,361203.6837748970
2025-05-15,361203.6837748970
2025-05-16,361203.6837748970
2025-05-19,361203.6837748970
2025-05-20,361203.6837748970
2025-05-21,361203.6837748970
2025-05-22,361203.6837748970
2025-05-23,364435.3546091371
2025-05-27,377252.0324652171
2025-05-28,374727.5207468170
2025-05-29,375670.7733099370
2025-05-30,374644.3145697770
2025-06-02,379110.7452338570
2025-06-03,383743.5882514570
2025-06-04,385910.5412507265
2025-06-05,376925.4646329150
2025-06-06,387686.6390637045
2025-06-09,389410.4833246515
2025-06-10,396932.8627615275
2025-06-11,392858.2522985685
2025-06-12,395417.9924795295
2025-06-13,380477.6602578165
2025-06-16,395992.6206425520
2025-06-17,384291.1236407640
2025-06-18,383768.7490297725
2025-06-20,378492.6286908465
2025-06-23,390246.3390186540
2025-06-24,408007.4780493165
2025-06-25,411140.0764487940
2025-06-26,422402.8286573925
2025-06-27,426541.2375281925
2025-06-30,434818.0150437810
2025-07-01,423764.8402043040
2025-07-02,432198.7806339915
2025-07-03,444299.6814181935
2025-07-07,434398.9809825180
2025-07-08,434975.1779578800
2025-07-09,443985.3555889410
2025-07-10,441942.4388336025
2025-07-11,438589.7640823290
2025-07-14,443252.0359254915
2025-07-15,444404.4701032815
2025-07-16,445661.7331911165
2025-07-17,456033.9625951005
2025-07-18,454462.3736790675
2025-07-21,461377.1396466900
2025-07-22,454200.4220798805
2025-07-23,460172.3312398890
2025-07-24,463210.6399369530
2025-07-25,465829.8743467425
2025-07-28,470387.3575048170
2025-07-29,468239.5716123675
2025-07-30,469863.4945324545
2025-07-31,462110.5799892285
2025-08-01,434398.9809825180
2025-08-04,458181.7082615385
2025-08-05,448647.6676581150
2025-08-06,465410.7598324020
2025-08-07,470125.4461316415
2025-08-08,482802.6243421740
2025-08-11,478559.3865613290
2025-08-12,496213.0819922535
2025-08-13,496946.5223337375
2025-08-14,495584.5107868260
2025-08-15,488564.9159070495
2025-08-18,487936.3044766650
2025-08-19,468030.0344682030
2025-08-20,459491.3455794390
2025-08-21,453100.3621321560
2025-08-22,473478.0404308920
2025-08-25,469339.6717861035
2025-08-26,474787.6777477380
2025-08-27,476935.4636412420
2025-08-28,485631.3556690620
2025-08-29,468134.8231532910
2025-09-02,456191.0450582310
2025-09-03,466825.2260614020
2025-09-04,479449.9495909005
2025-09-05,481021.4982819765
2025-09-08,487883.8900205880
2025-09-09,491865.1762033005
2025-09-10,492388.9989496515
2025-09-11,500665.8166912515
2025-09-12,506899.6372244355
2025-09-15,519838.7268091980
2025-09-16,518424.3008062095
2025-09-17,515124.0405110130
2025-09-18,529006.0673543580
2025-09-19,539483.0452184730
2025-09-22,548598.0115346221
2025-09-23,537544.7964691335
2025-09-24,531766.4547372690
2025-09-25,524635.2729817335
2025-09-26,530927.4614164785
2025-09-29,538006.1884899255
2025-09-30,542200.9539627660
2025-10-01,549856.4411757360
2025-10-02,556568.1463838820
2025-10-03,549017.5283080230
2025-10-06,561287.3379921914
2025-10-07,552216.0570928965
2025-10-08,570935.3388049980
2025-10-09,568680.6322499055
2025-10-10,509009.6509195035
2025-10-13,541309.5864129645
2025-10-14,530298.2465959215
2025-10-15,541152.2625948195
2025-10-16,535122.2671153306
2025-10-17,545294.6538375946
2025-10-20,565744.2964192335
2025-10-21,565115.0815986765
2025-10-22,548493.2228495340
2025-10-23,562231.1602230270
2025-10-24,579744.3865230256
2025-10-27,610523.7396450735
2025-10-28,624471.4152927885
2025-10-29,632441.5501431030
2025-10-30,603497.3868016921
2025-10-31,612044.3220164865
2025-11-03,620433.8931871245
2025-11-04,582471.0645314985
2025-11-05,593796.9313078515
2025-11-06,560500.7591274780
2025-11-07,554680.5019211564
2025-11-10,591017.9192953245
2025-11-11,586141.4440938269
2025-11-12,584935.4691337470
2025-11-13,548807.8302598125
2025-11-14,536484.4001927263
2025-11-17,529432.5893712486
2025-11-18,519759.2585300751
2025-11-19,524189.5895540535
2025-11-20,505445.8983921583
2025-11-21,510846.1467749223
2025-11-24,542245.3912201815
2025-11-25,552117.5300975372
2025-11-26,566554.3284601233
2025-11-28,578974.1975172710
2025-12-01,573772.6665647883
2025-12-02,587041.8333049431
2025-12-03,591181.8032300283
2025-12-04,589271.0259547718
2025-12-05,596064.8373717231
2025-12-08,592349.4348524595
2025-12-09,594578.6275022883
2025-12-10,601372.4389192394
2025-12-11,595640.1885296860
2025-12-12,560715.9260403878
2025-12-15,552223.7228468942
2025-12-16,555514.4765241207
2025-12-17,524411.6464310121
2025-12-18,546809.8878329805
2025-12-19,568146.6496426994
2025-12-22,575895.7886195835
2025-12-23,583963.3429721072
2025-12-24,588598.9333498898
2025-12-26,588067.3181155148
2025-12-29,579349.1703030164
2025-12-30,575202.6854860203
2025-12-31,560530.6995003633
2026-01-02,556596.8852077683
2026-01-05,569886.7367328092
2026-01-06,584877.7081454805
2026-01-07,586578.8280331107
2026-01-08,576159.5603329820
2026-01-09,592851.6109162431
2026-01-12,594233.7860949668
2026-01-13,591150.5724637611
2026-01-14,572332.1423792157
2026-01-15,578179.6656497613
2026-01-16,575627.9450986070
2026-01-20,539373.1786730918
2026-01-21,560637.0144040437
2026-01-22,573076.3467028437
2026-01-23,578179.6656497613
2026-01-26,585621.9939042566
2026-01-27,601144.5805513029
2026-01-28,606673.1591108072
2026-01-29,595828.5910799841
2026-01-30,574139.5364534860
2026-02-02,585834.5829924423
2026-02-03,558404.2792809710
2026-02-04,529060.2665936841
2026-02-05,506520.6113047292
2026-02-06,537884.7700269033
2026-02-09,550111.4318002346
2026-02-10,542456.4330213381
2026-02-11,546496.6029357213
2026-02-12,513112.3796159433
2026-02-13,515345.1147379485
2026-02-17,514069.2544629051
2026-02-18,525126.4523010891
2026-02-19,519172.6141279305
2026-02-20,532249.8358456107
2026-02-23,512899.7498085825
2026-02-24,529272.8963999775
2026-02-25,551493.5662608506
2026-02-26,532143.4802248898
2026-02-27,526508.6274798128
2026-03-02,528422.3771737365
2026-03-03,511411.3004453535
2026-03-04,534376.1746287872
2026-03-05,529485.5262062709
2026-03-06,505457.4215540871
2026-03-09,525126.4523010891
2026-03-10,525232.7672037020
2026-03-11,524701.1519693270
2026-03-12,497908.8191140192
2026-03-13,488340.0706401315
2026-03-16,504606.8616097383
2026-03-17,512049.2305834090
2026-03-18,490147.4647133343
2026-03-19,485788.3908081525
2026-03-20,458039.1831048153
2026-03-23,473880.6737437275
2026-03-24,463780.3507535727
2026-03-25,472747.2453072981
2026-03-26,439094.8934397891
2026-03-27,413003.6444629035
2026-03-30,403525.6158670154
2026-03-31,443887.1669843091
2026-04-01,456972.0023782727
2026-04-02,457504.4930514317
2026-04-06,461604.5389001051
2026-04-07,461870.7740574245
2026-04-08,482371.0236603791
2026-04-09,487482.7712497406
2026-04-10,488600.9507654730
2026-04-13,496534.8276650879
2026-04-14,511177.8630963797
2026-04-15,523105.2877100363
2026-04-16,527258.5928058195
2026-04-17,538760.0248814825
2026-04-20,536044.4140643810
2026-04-21,532423.5792827030
2026-04-22,547386.0887583026
2026-04-23,542114.6041467872
2026-04-24,559899.2429331740
2026-04-27,560325.2151126473
2026-04-28,550208.2180690898
2026-04-29,556171.9303759182
2026-04-30,565117.4886571673
2026-05-01,574489.0598354639
2026-05-04,572412.3971080454
2026-05-05,588872.5805611727
2026-05-06,625396.9658917629
2026-05-07,625388.7835393671
2026-05-08,646971.3748706814
2026-05-11,653587.4292234873
2026-05-12,636602.5239499833
2026-05-13,655965.3237551096
2026-05-14,670487.3911371640
2026-05-15,639829.6572504120
2026-05-18,631167.3828367352
2026-05-19,619362.8535401529
2026-05-20,649765.8222897272
2026-05-21,653502.4858636600
2026-05-22,661060.7563722041
2026-05-26,695964.6841063928
2026-05-27,693586.8545162233
2026-05-28,710656.6382081016
2026-05-29,718130.0302974201
2026-06-01,730698.8550046841
2026-06-02,740719.9634029754
2026-06-03,735114.8706294713
2026-06-04,723735.0581294713
2026-06-05,620381.9790277624
2026-06-08,649906.5649380249
2026-06-09,639078.6894495641
2026-06-10,620182.9807091800
2026-06-11,648802.5610316152
2026-06-12,655214.3234826841
2026-06-15,685235.1120570424
2026-06-16,665447.7578089656
2026-06-17,655299.2668420856
2026-06-18,677931.6391564024
2026-06-22,676700.2526818296
2026-06-23,642136.0009730679
2026-06-24,638011.9294399481
2026-06-25,645034.3034630264
2026-06-26,631755.6042446489
2026-06-29,654567.7668420856
2026-06-30,670783.1164514872
2026-07-01,655716.8725551192
2026-07-02,638224.7099572569
2026-07-06,651290.6286583256
2026-07-07,633458.0107384536
2026-07-08,635543.4416467864
2026-07-09,650950.1408655897
2026-07-10,653886.7912561881
2026-07-13,635202.9538536249
2026-07-14,645332.2221645208
2026-07-15,642863.7668420856
2026-07-16,627116.5473598200
2026-07-17,613454.7912561881
2026-07-20,621415.7816467865
2026-07-21,621415.7816467865
2026-07-22,623376.1411592851
2026-07-23,605653.2201847276
2026-07-24,595411.3065950621
2026-07-27,592739.5133898950
2026-07-28,584545.9927103671
2026-07-29,567580.0565950621
2026-07-30,592294.2031978685
2026-07-31,598172.1788256720
2026-08-03,613045.1825183406
2026-08-04,643592.7652360066
2026-08-05,634775.8102877310
2026-08-06,631168.8911592851
2026-08-07,642034.2220308393
2026-08-10,639050.7201847276
2026-08-11,635755.4757235080
2026-08-12,642613.0998002295
2026-08-13,653968.2633898949
2026-08-14,652365.1806717836
2026-08-17,650628.5133898949
2026-08-18,633395.3911592851
2026-08-19,631302.4757235080
2026-08-20,624266.7615433380
2026-08-21,627339.3084411739
2026-08-24,617720.8461075608
2026-08-25,623331.6016467866
2026-08-26,624222.2220308393
2026-08-27,636824.2201847276
2026-08-28,630367.3498002295
