Date,VO SGOV
2020-06-01,100949.2176943405
2020-06-02,101968.1659649675
2020-06-03,102675.9341803340
2020-06-04,101603.5986176345
2020-06-05,104665.8190276150
2020-06-08,105884.3983532545
2020-06-09,107133.4264304305
2020-06-10,109201.3621035515
2020-06-11,95219.7753410313
2020-06-12,99188.1886644864
2020-06-15,100903.1044457304
2020-06-16,103564.3551513309
2020-06-17,104083.0975991344
2020-06-18,104498.0795837672
2020-06-19,104424.0078661811
2020-06-22,106337.1394949044
2020-06-23,107793.9514094584
2020-06-24,104421.4869766099
2020-06-25,105849.6359901574
2020-06-26,101872.3944872754
2020-06-29,103517.8019212616
2020-06-30,106563.3430550651
2020-07-01,108563.0015154167
2020-07-02,109799.1852921817
2020-07-06,114149.3513126867
2020-07-07,112899.0114709127
2020-07-08,115296.4413423557
2020-07-09,116918.9258106984
2020-07-10,118326.1437708967
2020-07-13,114137.2238788329
2020-07-14,115482.5113638728
2020-07-15,115803.6993271883
2020-07-16,114404.2591338578
2020-07-17,114702.4873884008
2020-07-20,120162.6643998728
2020-07-21,117937.3083644738
2020-07-22,118717.3415240768
2020-07-23,113377.6065547388
2020-07-24,111519.3073898873
2020-07-27,114794.2665300098
2020-07-28,112379.6306523413
2020-07-29,114487.0793352204
2020-07-30,115522.6724868053
2020-07-31,119029.5751392114
2020-08-03,121582.3512741562
2020-08-04,122505.7586332357
2020-08-05,123079.3105364092
2020-08-06,125855.2909087417
2020-08-07,123397.3070462713
2020-08-10,122413.9978598887
2020-08-11,118336.0734033022
2020-08-12,123408.7777172488
2020-08-13,123919.2363391843
2020-08-14,123709.5590291864
2020-08-17,126124.1949068549
2020-08-18,128341.2809169103
2020-08-19,126824.9224309995
2020-08-20,129958.6822208158
2020-08-21,131616.2446486168
2020-08-24,133118.9392456363
2020-08-25,136523.8036080603
2020-08-26,145262.8593183763
2020-08-27,145329.9963584918
2020-08-28,146434.7364489286
2020-08-31,148126.0088602606
2020-09-01,153553.0531397263
2020-09-02,157885.9326909019
2020-09-03,133643.3831756627
2020-09-04,129691.4459540663
2020-09-08,120636.6610677332
2020-09-09,125366.3553224282
2020-09-10,121907.5843663817
2020-09-11,120677.3622471753
2020-09-14,123513.1988236408
2020-09-15,125973.6430624333
2020-09-16,123074.4879072351
2020-09-17,120428.6143089858
2020-09-18,118311.9139822865
2020-09-21,118936.0615001671
2020-09-22,121848.8030279870
2020-09-23,116642.9773250958
2020-09-24,115141.8109355713
2020-09-25,118726.9988231252
2020-09-28,122009.2509001685
2020-09-29,122009.2509001685
2020-09-30,122009.2509001685
2020-10-01,122009.2287147101
2020-10-02,122003.1499141053
2020-10-05,122014.1427817771
2020-10-06,122009.2287147101
2020-10-07,122009.2287147101
2020-10-08,122009.2287147101
2020-10-09,122009.2287147101
2020-10-12,122009.2287147101
2020-10-13,122009.2287147101
2020-10-14,122009.2287147101
2020-10-15,122009.2287147101
2020-10-16,122009.2287147101
2020-10-19,122009.2287147101
2020-10-20,122009.2287147101
2020-10-21,121595.7220095184
2020-10-22,121626.3702222256
2020-10-23,121984.2216866966
2020-10-26,119202.9525151294
2020-10-27,120578.2542278560
2020-10-28,113583.5186055807
2020-10-29,116259.6475766389
2020-10-30,112414.0648748133
2020-11-02,112434.6326039565
2020-11-03,115020.1252236413
2020-11-04,122325.8560426300
2020-11-05,127060.5489976040
2020-11-06,127283.9232687943
2020-11-09,123239.9228968795
2020-11-10,119877.4566150516
2020-11-11,123836.9111017592
2020-11-12,124288.3818214172
2020-11-13,124748.3028856257
2020-11-16,126190.5092683007
2020-11-17,125598.9562954257
2020-11-18,124129.6060503996
2020-11-19,125663.7072054257
2020-11-20,124372.6300684507
2020-11-23,124388.6926593996
2020-11-24,126936.3038958246
2020-11-25,128152.0952608761
2020-11-27,129963.2032337121
2020-11-30,130312.9756868871
2020-12-01,132991.3504483625
2020-12-02,133276.3235930750
2020-12-03,133568.7261047246
2020-12-04,134445.2867928496
2020-12-07,135668.5119036125
2020-12-08,136342.1149614625
2020-12-09,131367.7931192250
2020-12-10,132221.5269029871
2020-12-11,131729.2678776371
2020-12-14,133214.6530570371
2020-12-15,135425.4696788621
2020-12-16,136662.3131366908
2020-12-17,138188.4121914679
2020-12-18,136111.5123905409
2020-12-21,135604.0689208789
2020-12-22,136673.6091962811
2020-12-23,134612.5959099555
2020-12-24,136361.3526388101
2020-12-28,140452.1523061941
2020-12-29,140865.9150587437
2020-12-30,140842.4886292435
2020-12-31,141943.2808121121
2021-01-04,135736.7895207805
2021-01-05,139140.5972604889
2021-01-06,133386.8836029523
2021-01-07,143020.6340643809
2021-01-08,148563.5098537941
2021-01-11,141997.9466479791
2021-01-12,141381.1590048281
2021-01-13,144129.2392241161
2021-01-14,141935.4678352455
2021-01-15,138484.8197369809
2021-01-19,144488.3486412429
2021-01-20,154559.2757842771
2021-01-21,158400.2477044915
2021-01-22,156963.7975355401
2021-01-25,161320.0259022831
2021-01-26,161491.7738845297
2021-01-27,148469.8791397693
2021-01-28,150655.8250513291
2021-01-29,141271.8898359705
2021-02-01,151655.0985380195
2021-02-02,158993.5839165985
2021-02-03,157166.7724237093
2021-02-04,162725.2991683995
2021-02-05,164180.9894288330
2021-02-08,165789.2063306972
2021-02-09,165746.0952997536
2021-02-10,165156.8489871227
2021-02-11,166499.6309390782
2021-02-12,167936.1123594678
2021-02-16,167217.8747745479
2021-02-17,166027.1437026237
2021-02-18,166437.6919488387
2021-02-19,164244.0999706307
2021-02-22,151521.1586138356
2021-02-23,150173.6769720238
2021-02-24,153793.1294527947
2021-02-25,137732.7514868406
2021-02-26,140576.3833622849
2021-03-01,146681.1342359429
2021-03-02,143038.7332807061
2021-03-03,136750.2800774659
2021-03-04,133490.9247108868
2021-03-05,136303.0098396652
2021-03-08,130694.4803597284
2021-03-09,137756.4527590649
2021-03-10,137188.1436440308
2021-03-11,141798.3206791409
2021-03-12,140028.0530704097
2021-03-15,142248.3491036236
2021-03-16,143426.8661565493
2021-03-17,144343.3379582917
2021-03-18,137579.8090341604
2021-03-19,138437.1758949493
2021-03-22,142045.3869049705
2021-03-23,141118.2271498516
2021-03-24,137559.8624792293
2021-03-25,137195.9828469412
2021-03-26,140136.9533911549
2021-03-29,140090.7102512273
2021-03-30,139110.8142769285
2021-03-31,142174.3139346521
2021-04-01,145816.6601251757
2021-04-05,150325.0023232375
2021-04-06,150144.0782103140
2021-04-07,150724.4881020127
2021-04-08,153230.3410277636
2021-04-09,154719.3772467631
2021-04-12,154390.4003944495
2021-04-13,157260.8427423221
2021-04-14,154221.5837853365
2021-04-15,157911.0074153021
2021-04-16,158282.6947417124
2021-04-19,155893.6067289092
2021-04-20,154025.7604975685
2021-04-21,156129.3425485375
2021-04-22,150564.3869317215
2021-04-23,156237.0935756846
2021-04-26,159331.2846879234
2021-04-27,157239.8528014536
2021-04-28,155621.1225748394
2021-04-29,157182.5771779653
2021-04-30,154231.5865927415
2021-05-03,151710.4040286826
2021-05-04,143717.0368473474
2021-05-05,142041.0309972449
2021-05-06,145149.5696878953
2021-05-07,148702.1492891667
2021-05-10,137528.6431530723
2021-05-11,136841.0489509285
2021-05-12,126426.7831566689
2021-05-13,129091.2121227237
2021-05-14,137485.6692324134
2021-05-17,135165.0431014273
2021-05-18,132328.6611073572
2021-05-19,132815.7447520104
2021-05-20,140493.9354411255
2021-05-21,138173.2863723483
2021-05-24,145092.2367202299
2021-05-25,145794.1899687789
2021-05-26,147269.6737927959
2021-05-27,145550.6710842434
2021-05-28,146968.8104713988
2021-06-01,145536.3235064331
2021-06-02,146295.5523784704
2021-06-03,141697.2052237839
2021-06-04,148960.0157521138
2021-06-07,150277.9055951220
2021-06-08,150449.8012783589
2021-06-09,150621.7084301907
2021-06-10,155234.3802248965
2021-06-11,156466.3107573907
2021-06-14,160849.7424325993
2021-06-15,157870.1484423180
2021-06-16,156179.7835452090
2021-06-17,162010.0497637949
2021-06-18,158142.3280760881
2021-06-21,161035.9742250516
2021-06-22,165534.0144908126
2021-06-23,165820.5072966083
2021-06-24,168871.7244881882
2021-06-25,168341.7013292621
2021-06-28,174300.9122476158
2021-06-29,176263.4338407038
2021-06-30,175489.9032658371
2021-07-01,175575.8511077562
2021-07-02,181535.0276191226
2021-07-06,183970.2623412624
2021-07-07,185144.9287194645
2021-07-08,181936.1404846669
2021-07-09,185016.0184260827
2021-07-12,187336.6904326510
2021-07-13,187236.3606059343
2021-07-14,188253.4674101149
2021-07-15,184357.0505667875
2021-07-16,179830.3724889817
2021-07-19,175518.5410778819
2021-07-20,181305.8448438025
2021-07-21,185445.7576344756
2021-07-22,189342.1400708157
2021-07-23,195630.8406534151
2021-07-26,196447.3336803458
2021-07-27,190029.7801485417
2021-07-28,192106.8873949923
2021-07-29,193052.3365908870
2021-07-30,190158.6904419235
2021-08-02,190101.3230678721
2021-08-03,193410.4411287851
2021-08-04,194370.2264338952
2021-08-05,198023.0899856999
2021-08-06,195444.5859231717
2021-08-09,196490.3420073907
2021-08-10,193553.7104691734
2021-08-11,192508.0002605366
2021-08-12,194513.4498987013
2021-08-13,196461.6697895612
2021-08-16,196805.4382182439
2021-08-17,191634.1513281494
2021-08-18,186061.7515725106
2021-08-19,188711.8329613564
2021-08-20,194542.1450549232
2021-08-23,203208.7703291868
2021-08-24,205214.2887813261
2021-08-25,205443.4142124691
2021-08-26,201962.4922188823
2021-08-27,207864.3816387668
2021-08-30,214754.6827060087
2021-08-31,214153.0707521700
2021-09-01,215327.7371303721
2021-09-02,215026.8394019877
2021-09-03,216960.7461214233
2021-09-07,217848.8967560387
2021-09-08,215614.2069977754
2021-09-09,213307.8596318276
2021-09-10,208508.9789818593
2021-09-13,208036.2773220037
2021-09-14,206245.6399429564
2021-09-15,210815.3263484084
2021-09-16,211230.7294475859
2021-09-17,203767.3968937717
2021-09-20,191233.0499318013
2021-09-21,191476.6146919190
2021-09-22,197077.6866653874
2021-09-23,202549.8368768789
2021-09-24,203122.8224878690
2021-09-27,198223.6578873675
2021-09-28,181692.6101315366
2021-09-29,180489.3174104858
2021-09-30,178455.1496783081
2021-10-01,181706.9462401506
2021-10-04,170533.4286354613
2021-10-05,177094.2859146410
2021-10-06,180589.5669546330
2021-10-07,185474.3954459191
2021-10-08,182623.7576246018
2021-10-11,178569.7926758478
2021-10-12,176750.4716103761
2021-10-13,180890.3958690428
2021-10-14,190874.9568624981
2021-10-15,194413.1888859592
2021-10-18,200243.4895103298
2021-10-19,204641.2802325449
2021-10-20,203996.5911376867
2021-10-21,207649.5235034659
2021-10-22,202392.1626139019
2021-10-25,208466.0165297953
2021-10-26,210414.2134828641
2021-10-27,212075.8717545550
2021-10-28,219037.8992434561
2021-10-29,222275.3138211023
2021-11-01,224467.1099406749
2021-11-02,227460.9941645893
2021-11-03,234680.8422402540
2021-11-04,243433.3465430634
2021-11-05,244335.7874119132
2021-11-08,243333.0625925302
2021-11-09,238319.3238078624
2021-11-10,227876.4202015579
2021-11-11,229724.2873279100
2021-11-12,237015.7471362784
2021-11-15,236944.0665902014
2021-11-16,241843.2541284940
2021-11-17,242129.7239958973
2021-11-18,249535.8038646156
2021-11-19,253761.6989029925
2021-11-22,244966.0945213725
2021-11-23,241628.3730554020
2021-11-24,243863.0398758741
2021-11-26,230411.9159364398
2021-11-29,244722.5641682421
2021-11-30,234208.0717670251
2021-12-01,222189.3659791832
2021-12-02,226372.2756283063
2021-12-03,214998.2130591391
2021-12-06,220026.2879536237
2021-12-07,239866.4537703677
2021-12-08,243204.1752369395
2021-12-09,232703.9271937735
2021-12-10,239909.3932846406
2021-12-13,229595.4229095091
2021-12-14,222762.4204035466
2021-12-15,237502.8078431405
2021-12-16,229084.6866712833
2021-12-17,227402.9981275174
2021-12-20,224167.2079943251
2021-12-21,231175.8075973904
2021-12-22,235165.8568998058
2021-12-23,237926.4804139138
2021-12-27,243580.3726773796
2021-12-28,242119.4908949782
2021-12-29,241920.1111925485
2021-12-30,240774.2961518791
2021-12-31,238530.4394254959
2022-01-03,241961.9689907998
2022-01-04,237188.8749092323
2022-01-05,226358.6166703387
2022-01-06,226071.0166668874
2022-01-07,222589.3763992215
2022-01-10,222962.9834792303
2022-01-11,227517.5876585362
2022-01-12,228748.1103317654
2022-01-13,220808.5868926910
2022-01-14,222353.0648756337
2022-01-18,214936.3773767811
2022-01-19,211611.1019047797
2022-01-20,208038.8581052290
2022-01-21,200576.7610172638
2022-01-24,201739.2432353554
2022-01-25,195680.8163106174
2022-01-26,195541.1156224569
2022-01-27,193257.9151770328
2022-01-28,200157.7457871520
2022-01-31,207973.1451710938
2022-02-01,209668.0201738845
2022-02-02,211793.7470458176
2022-02-03,200679.3939001013
2022-02-04,203485.3987408683
2022-02-07,201587.6620861042
2022-02-08,204378.1889997669
2022-02-09,209651.2882763601
2022-02-10,203658.5038320107
2022-02-11,195711.8217211132
2022-02-14,195938.6175674910
2022-02-15,201481.4632819913
2022-02-16,199857.1023968655
2022-02-17,199857.1023968655
2022-02-18,199857.1023968655
2022-02-22,199839.1142192831
2022-02-23,199857.1023968655
2022-02-24,199837.1700424387
2022-02-25,199857.1023968655
2022-02-28,199857.1023968655
2022-03-01,199873.1100582335
2022-03-02,199853.0868542008
2022-03-03,199863.1529657445
2022-03-04,199873.1100582335
2022-03-07,199873.1100582335
2022-03-08,199873.1100582335
2022-03-09,199853.0868542008
2022-03-10,199873.1100582335
2022-03-11,199873.1100582335
2022-03-14,199873.1100582335
2022-03-15,199853.0868542008
2022-03-16,199873.1100582335
2022-03-17,199873.1100582335
2022-03-18,199873.1100582335
2022-03-21,199873.1100582335
2022-03-22,199883.1398299349
2022-03-23,199893.0787525027
2022-03-24,199893.0787525027
2022-03-25,199873.1100582335
2022-03-28,199873.1100582335
2022-03-29,199893.0787525027
2022-03-30,199913.0656166931
2022-03-31,199913.0656166931
2022-04-01,199909.0682437134
2022-04-04,199909.0682437134
2022-04-05,199897.0579553251
2022-04-06,199899.0929815393
2022-04-07,199909.0682437134
2022-04-08,199909.0682437134
2022-04-11,199909.0682437134
2022-04-12,199909.0682437134
2022-04-13,199919.0616758086
2022-04-14,199925.0577351602
2022-04-18,199929.0551079037
2022-04-19,199929.0551079037
2022-04-20,199929.0551079037
2022-04-21,199929.0551079037
2022-04-22,191889.5754343789
2022-04-25,190159.2650264551
2022-04-26,180964.4461211889
2022-04-27,180703.1504800197
2022-04-28,185571.7552148633
2022-04-29,173050.8685875592
2022-05-02,172248.4855871577
2022-05-03,172248.4855871577
2022-05-04,172248.4855871577
2022-05-05,172265.6813213420
2022-05-06,172265.6813213420
2022-05-09,172265.6813213420
2022-05-10,172265.6813213420
2022-05-11,172265.6813213420
2022-05-12,172265.6813213420
2022-05-13,172265.6813213420
2022-05-16,172265.6813213420
2022-05-17,172282.8927022748
2022-05-18,172282.8927022748
2022-05-19,172300.1040832077
2022-05-20,172282.8927022748
2022-05-23,172308.7254202191
2022-05-24,172317.3154641404
2022-05-25,172317.3154641404
2022-05-26,172334.5424916183
2022-05-27,172334.5424916183
2022-05-31,172334.5424916183
2022-06-01,172336.2949231676
2022-06-02,172353.5219508489
2022-06-03,172353.5219508489
2022-06-06,172336.2949231676
2022-06-07,172336.2949231676
2022-06-08,172336.2949231676
2022-06-09,172353.5219508489
2022-06-10,172353.5219508489
2022-06-13,172336.2949231676
2022-06-14,172336.2949231676
2022-06-15,172327.6266459111
2022-06-16,172370.6863915364
2022-06-17,172387.9290659660
2022-06-21,172422.3518276282
2022-06-22,172405.1717401923
2022-06-23,172422.3518276282
2022-06-24,172387.9290659660
2022-06-27,172422.3518276282
2022-06-28,172422.3518276282
2022-06-29,172439.5162685192
2022-06-30,172474.0172639234
2022-07-01,172455.0847449380
2022-07-05,172472.3117724158
2022-07-06,172472.3117724158
2022-07-07,172489.4918600552
2022-07-08,172489.4918600552
2022-07-11,172489.4918600552
2022-07-12,172472.3117724158
2022-07-13,172455.0847449380
2022-07-14,172506.7814745266
2022-07-15,172489.4918600552
2022-07-18,172506.7814745266
2022-07-19,172524.0241487529
2022-07-20,172524.0241487529
2022-07-21,172541.2198829373
2022-07-22,172575.6895848446
2022-07-25,172575.6895848446
2022-07-26,172558.3999703733
2022-07-27,172592.9009657775
2022-07-28,172592.9009657775
2022-07-29,172558.3999703733
2022-08-01,172637.8226699876
2022-08-02,173696.4514221114
2022-08-03,180700.6733067050
2022-08-04,182059.8257170659
2022-08-05,179782.3928973423
2022-08-08,178829.0516383408
2022-08-09,175668.4848069830
2022-08-10,182995.3856489499
2022-08-11,181556.0928786672
2022-08-12,186940.5514363099
2022-08-15,189350.4442967073
2022-08-16,188697.0377681261
2022-08-17,185157.0500903272
2022-08-18,185827.7406773681
2022-08-19,180001.6614844005
2022-08-22,172674.1435013139
2022-08-23,172356.9918345048
2022-08-24,173036.3194060646
2022-08-25,177612.7419300168
2022-08-26,166516.7726018584
2022-08-29,164058.3035610867
2022-08-30,161463.0620525962
2022-08-31,160094.5974669580
2022-09-01,160198.2393256148
2022-09-02,157126.3165862943
2022-09-06,155519.5662760019
2022-09-07,159615.0488866352
2022-09-08,160824.0179802601
2022-09-09,165529.2115532350
2022-09-12,168415.7538410305
2022-09-13,154962.3077361216
2022-09-14,156489.6294718659
2022-09-15,152993.4441086279
2022-09-16,151695.8233543826
2022-09-19,153266.9082879185
2022-09-20,151695.2475986081
2022-09-21,148128.8072837904
2022-09-22,145860.0084157378
2022-09-23,143043.7104782943
2022-09-26,142275.7337693796
2022-09-27,142337.3075744552
2022-09-28,145594.6107647446
2022-09-29,140641.9187270254
2022-09-30,137816.9656368184
2022-10-03,141371.6248830939
2022-10-04,146464.8268236200
2022-10-05,143934.6003995440
2022-10-06,143977.7104085200
2022-10-07,143992.1063970022
2022-10-10,143992.1063970022
2022-10-11,142380.1122032672
2022-10-12,142210.4202025288
2022-10-13,146929.5067375872
2022-10-14,148909.3465511948
2022-10-17,148894.5050237282
2022-10-18,148924.2149410459
2022-10-19,148924.2149410459
2022-10-20,148953.9382898179
2022-10-21,148983.6616384153
2022-10-24,148998.5031658819
2022-10-25,148983.6616384153
2022-10-26,148435.6863326627
2022-10-27,144399.4033284349
2022-10-28,150720.2402061419
2022-10-31,148745.6723824009
2022-11-01,148762.0343638939
2022-11-02,148791.7298191171
2022-11-03,148851.2145333021
2022-11-04,148866.0354598953
2022-11-07,148880.8831876811
2022-11-08,148895.7711166461
2022-11-09,148940.3277001643
2022-11-10,148955.1754279500
2022-11-11,148970.0365560709
2022-11-14,148970.0365560709
2022-11-15,148970.0365560709
2022-11-16,148955.1754279500
2022-11-17,149029.4810687283
2022-11-18,149029.4810687283
2022-11-21,149059.1899244606
2022-11-22,149103.7733089973
2022-11-23,149133.4687642205
2022-11-25,149148.3834943781
2022-11-28,149178.0655492663
2022-11-29,149178.0655492663
2022-11-30,149192.9400778963
2022-12-01,149257.0077547305
2022-12-02,149271.9492857323
2022-12-05,149316.6264736591
2022-12-06,149346.3889312541
2022-12-07,149331.4742012706
2022-12-08,149405.9942496735
2022-12-09,149405.9942496735
2022-12-12,149435.7969087961
2022-12-13,149450.7116387795
2022-12-14,149450.7116387795
2022-12-15,149506.0422052161
2022-12-16,149520.9971367271
2022-12-19,149520.9971367271
2022-12-20,149550.9069997491
2022-12-21,149550.9069997491
2022-12-22,149640.5561857599
2022-12-23,149640.5561857599
2022-12-27,146875.5387195983
2022-12-28,143973.4149596523
2022-12-29,148881.2079154770
2022-12-30,148881.2079154770
2023-01-03,147227.4176017611
2023-01-04,148332.4586935804
2023-01-05,144896.4626808912
2023-01-06,150388.3313081439
2023-01-09,151971.5241446733
2023-01-10,154025.3687609289
2023-01-11,157961.9227349985
2023-01-12,159297.8889493395
2023-01-13,160974.1098401335
2023-01-17,161437.3182337406
2023-01-18,158250.6024437808
2023-01-19,155655.4610904669
2023-01-20,162259.8257340944
2023-01-23,167993.5043978324
2023-01-24,167459.6900066830
2023-01-25,166782.5497608302
2023-01-26,172110.7210142915
2023-01-27,174899.4927238954
2023-01-30,168931.4674694767
2023-01-31,173124.7669303076
2023-02-01,179467.9827907510
2023-02-02,190288.2248783467
2023-02-03,184348.1338496603
2023-02-06,181566.8749270990
2023-02-07,188171.3047538035
2023-02-08,182102.8361007767
2023-02-09,179266.0266166354
2023-02-10,177134.0796771625
2023-02-13,181984.2118501168
2023-02-14,184287.2690654143
2023-02-15,186748.7361924096
2023-02-16,180403.2668790172
2023-02-17,178142.9861568470
2023-02-21,170926.7419404155
2023-02-22,171027.3028824865
2023-02-23,173453.5148219662
2023-02-24,168497.5294060336
2023-02-27,170516.0853335875
2023-02-28,170060.4433280794
2023-03-01,167755.8785592421
2023-03-02,170018.5228710104
2023-03-03,175802.4902354872
2023-03-06,176222.8447932253
2023-03-07,172480.0247390555
2023-03-08,173813.9897560197
2023-03-09,168659.1309828752
2023-03-10,164823.2323334367
2023-03-13,166771.3028687504
2023-03-14,172990.6887454964
2023-03-15,174432.8164147240
2023-03-16,182278.1393615046
2023-03-17,180702.4794127815
2023-03-20,181822.5442584978
2023-03-21,186337.8895021284
2023-03-22,181811.3990645102
2023-03-23,185628.8558161713
2023-03-24,186777.9507797717
2023-03-27,184481.8822391513
2023-03-28,182696.8356767109
2023-03-29,188557.5195001147
2023-03-30,191628.2658861200
2023-03-31,197316.8498575775
2023-04-03,196465.1019334994
2023-04-04,195275.1699624516
2023-04-05,189734.9477042287
2023-04-06,193545.1545785670
2023-04-10,193121.8122277145
2023-04-11,189382.1461153553
2023-04-12,184372.4529489740
2023-04-13,194956.3469666814
2023-04-14,193827.3874692382
2023-04-17,194039.0935653094
2023-04-18,194180.2169957993
2023-04-19,193756.8746434822
2023-04-20,189241.0506225532
2023-04-21,189593.8242752036
2023-04-24,188464.8927139835
2023-04-25,177810.4299980739
2023-04-26,180773.9382033280
2023-04-27,195379.7172552217
2023-04-28,199331.0475585850
2023-05-01,198766.5538410196
2023-05-02,193474.5858803647
2023-05-03,189664.3929734057
2023-05-04,187547.6253452323
2023-05-05,199048.7448266238
2023-05-08,200671.6293419655
2023-05-09,196790.8677368044
2023-05-10,203141.2404655440
2023-05-11,204834.6657428649
2023-05-12,202717.8701770037
2023-05-15,205822.4738735952
2023-05-16,206598.6597198527
2023-05-17,214007.3673724579
2023-05-18,225508.5427277602
2023-05-19,223956.2408794645
2023-05-22,226284.6866674860
2023-05-23,217535.3273887456
2023-05-24,214007.3673724579
2023-05-25,229459.8730311235
2023-05-26,246817.4122856683
2023-05-30,250274.9153515756
2023-05-31,245194.5836442374
2023-06-01,254085.0384143151
2023-06-02,259800.3766635103
2023-06-05,260364.8983187635
2023-06-06,260082.6235230253
2023-06-07,246817.4122856683
2023-06-08,255284.6504215593
2023-06-09,258389.1982457045
2023-06-12,271583.8966573055
2023-06-13,277651.8269685743
2023-06-14,283578.8992515285
2023-06-15,293527.7448208473
2023-06-16,287883.0032075422
2023-06-20,286471.8527244949
2023-06-21,274990.8897429121
2023-06-22,284121.8535903568
2023-06-23,275698.7278756303
2023-06-26,264798.2106007250
2023-06-27,277892.9785951842
2023-06-28,279591.7677635574
2023-06-29,277680.6299484051
2023-06-30,290209.1441978377
2023-07-03,292191.0183343895
2023-07-05,291978.7534992093
2023-07-06,285112.7766897887
2023-07-07,282210.7157752046
2023-07-10,282423.0644219836
2023-07-11,286457.6607613792
2023-07-12,297075.0371956596
2023-07-13,311868.5664222687
2023-07-14,311585.5093932427
2023-07-17,320220.9558170603
2023-07-18,327865.4791414461
2023-07-19,327865.4791414461
2023-07-20,304861.1169729785
2023-07-21,302171.3488297977
2023-07-24,303374.7323238305
2023-07-25,309461.9670574005
2023-07-26,306276.7932384147
2023-07-27,303657.8452267675
2023-07-28,320079.3434916809
2023-07-31,320716.4453044642
2023-08-01,318239.0258065977
2023-08-02,297428.9422939071
2023-08-03,295305.5396435745
2023-08-04,291200.1231711807
2023-08-07,298419.9212672500
2023-08-08,290775.4258790874
2023-08-09,281078.2082866163
2023-08-10,282352.2442904500
2023-08-11,276689.6789127500
2023-08-14,285891.4349540405
2023-08-15,277114.4041410665
2023-08-16,267912.6480983114
2023-08-17,258852.4764447126
2023-08-18,257649.2046999663
2023-08-21,270106.8988178653
2023-08-22,268903.6270716542
2023-08-23,281573.6419001091
2023-08-24,263028.6851109522
2023-08-25,269257.5042336787
2023-08-28,275274.0585197600
2023-08-29,292828.0642732618
2023-08-30,297712.0831345319
2023-08-31,300401.7954038017
2023-09-01,299340.1080467470
2023-09-05,300118.7663109987
2023-09-06,292191.0183343895
2023-09-07,285820.6427601946
2023-09-08,286670.0094081581
2023-09-11,296437.9912582519
2023-09-12,286953.1502487829
2023-09-13,289784.4189695213
2023-09-14,296579.6035836313
2023-09-15,281361.3770649289
2023-09-18,281998.3950661133
2023-09-19,280299.5779600523
2023-09-20,268146.0611948527
2023-09-21,252874.2236959915
2023-09-22,253087.2987036121
2023-09-25,256425.7624865673
2023-09-26,244989.6941594371
2023-09-27,246481.3309532802
2023-09-28,252448.0457474563
2023-09-29,253016.2830126580
2023-10-02,259054.0134977883
2023-10-03,245344.8564199474
2023-10-04,255289.2600170115
2023-10-05,252590.0491902120
2023-10-06,265304.7631136988
2023-10-09,269211.5200372314
2023-10-10,273615.5544118518
2023-10-11,279440.0981415395
2023-10-12,276172.6500480736
2023-10-13,265730.9690013864
2023-10-16,274680.9853180073
2023-10-17,272052.8181183852
2023-10-18,260545.6502901667
2023-10-19,253584.5202793244
2023-10-20,242148.3960782833
2023-10-23,244279.3696398809
2023-10-24,251169.4560235461
2023-10-25,232772.2576855735
2023-10-26,219205.1319881762
2023-10-27,222330.4928272876
2023-10-30,229504.7397493529
2023-10-31,232843.1755960849
2023-11-01,244847.6348427704
2023-11-02,257846.4394633674
2023-11-03,266938.5430343426
2023-11-06,269992.8881839646
2023-11-07,277593.3270248737
2023-11-08,278090.4927281397
2023-11-09,271484.5529140310
2023-11-10,289597.7164302691
2023-11-13,286969.5212929590
2023-11-14,305011.5573704212
2023-11-15,305863.9691443318
2023-11-16,306361.1907200441
2023-11-17,306574.2657276647
2023-11-20,317513.1962877520
2023-11-21,311759.5844374198
2023-11-22,315382.2227276191
2023-11-24,313819.5143703755
2023-11-27,312896.1427808866
2023-11-28,315382.2227276191
2023-11-29,314245.7481942863
2023-11-30,311617.5530569762
2023-12-01,314245.7481942863
2023-12-04,305295.6760037545
2023-12-05,307497.7211272877
2023-12-06,302028.2837841995
2023-12-07,314671.8982080630
2023-12-08,318436.5678772411
2023-12-11,326534.2841692379
2023-12-12,334418.8137057924
2023-12-13,346210.0442934331
2023-12-14,345641.8070267666
2023-12-15,349761.6389564552
2023-12-18,357077.8753538970
2023-12-19,362405.3092542294
2023-12-20,346303.0184137945
2023-12-21,357789.4011618050
2023-12-22,359216.2242644100
2023-12-26,365779.8675587261
2023-12-27,367706.1471934794
2023-12-28,366778.6409375132
2023-12-29,361713.2834265784
2024-01-02,343377.9654017190
2024-01-03,332391.0112481689
2024-01-04,326826.1972080152
2024-01-05,328038.9954479788
2024-01-08,347801.2483247297
2024-01-09,350084.1988126582
2024-01-10,357004.6247094362
2024-01-11,358716.8236076373
2024-01-12,359144.8733314552
2024-01-16,358930.9043441894
2024-01-17,352723.9319045133
2024-01-18,367848.8769956121
2024-01-19,389109.2759716995
2024-01-22,390678.8009402141
2024-01-23,395316.1366620893
2024-01-24,401808.4010857629
2024-01-25,402949.9322043704
2024-01-26,395530.1615247306
2024-01-29,407159.1902647398
2024-01-30,399026.0220019091
2024-01-31,375553.9117230261
2024-02-01,388823.8722384156
2024-02-02,408372.0164423913
2024-02-05,406303.1187518624
2024-02-06,403948.7614570683
2024-02-07,416005.8678585832
2024-02-08,417718.0388190964
2024-02-09,429989.1980194759
2024-02-12,424923.7846360949
2024-02-13,404804.8329684809
2024-02-14,417646.7437600526
2024-02-15,421142.5483633203
2024-02-16,409584.8705562657
2024-02-20,400096.1742498741
2024-02-21,395102.0838632248
2024-02-22,429275.7445623741
2024-02-23,425351.8064236897
2024-02-26,424781.0827701853
2024-02-27,427420.8158620404
2024-02-28,420500.4458391733
2024-02-29,430631.2446697119
2024-03-01,450393.4696087751
2024-03-04,445042.7083674858
2024-03-05,421213.9272339628
2024-03-06,428990.3408305548
2024-03-07,448110.4911831587
2024-03-08,428490.9681100053
2024-03-11,423496.9335972669
2024-03-12,441475.4969573525
2024-03-13,431202.0241971272
2024-03-14,427706.1637199486
2024-03-15,412081.9297184342
2024-03-18,423710.9305222204
2024-03-19,426635.9835342959
2024-03-20,441779.6463723639
2024-03-21,447507.7238644561
2024-03-22,448438.5266797007
2024-03-25,443856.0870350054
2024-03-26,439703.2336474103
2024-03-27,443569.6496365670
2024-03-28,440777.1853183870
2024-04-01,443498.1031441917
2024-04-02,431612.2222203272
2024-04-03,434476.3168395519
2024-04-04,413998.4314261035
2024-04-05,428605.0346178168
2024-04-08,428891.4161423444
2024-04-09,433330.7069298427
2024-04-10,421946.0984365692
2024-04-11,441779.6463723639
2024-04-12,420442.5325722693
2024-04-15,399320.1699956578
2024-04-16,399391.8002981670
2024-04-17,384570.3620728367
2024-04-18,377696.6746695709
2024-04-19,354283.0922706117
2024-04-22,364593.6652798451
2024-04-23,380847.1228785646
2024-04-24,384570.3620728367
2024-04-25,378412.6424511984
2024-04-26,395811.7378973148
2024-04-29,400537.3543354300
2024-04-30,377625.0443670616
2024-05-01,369462.5143867558
2024-05-02,383138.3426994475
2024-05-03,405979.0503015298
2024-05-06,419296.8947248724
2024-05-07,419296.8947248724
2024-05-08,418509.2966407356
2024-05-09,420800.5164630831
2024-05-10,423664.5831460847
2024-05-13,426457.0195265769
2024-05-14,434404.6586008194
2024-05-15,454453.0695064544
2024-05-16,451660.6331259621
2024-05-17,450658.1720719852
2024-05-20,459966.3119649295
2024-05-21,462329.0782781877
2024-05-22,462042.7526275710
2024-05-23,455169.0372880819
2024-05-24,467914.0627869938
2024-05-28,472997.7469260568
2024-05-29,463116.7881101463
2024-05-30,448223.7195823068
2024-05-31,447722.5309603852
2024-06-03,452090.1914453744
2024-06-04,455455.4188126095
2024-06-05,482950.2242981193
2024-06-06,482377.3494997777
2024-06-07,480587.4300471733
2024-06-10,485671.1141862363
2024-06-11,495695.2777332544
2024-06-12,515242.3044590120
2024-06-13,523476.4926809795
2024-06-14,531066.1758006314
2024-06-17,550326.9048134601
2024-06-18,550613.2584002999
2024-06-20,537653.5375532806
2024-06-21,532713.0581438608
2024-06-24,514669.4855360459
2024-06-25,531853.8297586793
2024-06-26,535181.6775058869
2024-06-27,539062.9559450900
2024-06-28,530581.6375939052
2024-07-01,539278.5173380842
2024-07-02,555809.6960110005
2024-07-03,569465.9964072121
2024-07-05,586715.9924282826
2024-07-08,590597.2149935749
2024-07-09,591890.9185993985
2024-07-10,610434.7299741142
2024-07-11,570328.4654777611
2024-07-12,579600.3991028068
2024-07-15,583912.8003279980
2024-07-16,584344.1466110942
2024-07-17,532953.5392850044
2024-07-18,524975.3651396931
2024-07-19,510744.0667394550
2024-07-22,533025.3372092465
2024-07-23,527275.3571601931
2024-07-24,470422.2408501080
2024-07-25,454753.6150578746
2024-07-26,467762.9239663972
2024-07-29,470494.1505207070
2024-07-30,451303.5711539459
2024-07-31,490762.9000365209
2024-08-01,473668.7121390229
2024-08-02,457189.2654884260
2024-08-05,438815.1201182497
2024-08-06,443679.4327072104
2024-08-07,437318.9340996693
2024-08-08,454892.8832552623
2024-08-09,457805.2942028909
2024-08-12,459291.6359619579
2024-08-13,474828.6999704117
2024-08-14,475273.0676122555
2024-08-15,492510.4161317454
2024-08-16,493255.2962566215
2024-08-19,502838.5638551525
2024-08-20,501281.8350242866
2024-08-21,504841.1780178791
2024-08-22,492443.6125575597
2024-08-23,500267.7442940774
2024-08-26,492878.1625733904
2024-08-27,494986.8420439662
2024-08-28,486602.5942034561
2024-08-29,485369.4392320872
2024-08-30,493613.3697793509
2024-09-03,471226.4032005272
2024-09-04,469346.3720525582
2024-09-05,470139.0397559745
2024-09-06,452162.2345079366
2024-09-09,459805.0765843521
2024-09-10,465567.9953495469
2024-09-11,479474.8205391159
2024-09-12,486363.0689700840
2024-09-13,489637.0769982018
2024-09-16,486452.2297248606
2024-09-17,486595.9275090328
2024-09-18,483543.4199745092
2024-09-19,501416.5149633546
2024-09-20,499897.8549867285
2024-09-23,501840.4630894868
2024-09-24,505458.5939304725
2024-09-25,506359.8338063861
2024-09-26,511864.2012475745
2024-09-27,507420.2333668345
2024-09-30,512537.2743551373
2024-10-01,490831.3387620259
2024-10-02,492669.7058801713
2024-10-03,491538.4156814356
2024-10-04,508860.7044775744
2024-10-07,492104.0333881608
2024-10-08,513456.4305208492
2024-10-09,525829.6191720183
2024-10-10,523991.2520538729
2024-10-11,525334.6762856320
2024-10-14,538768.2611711845
2024-10-15,517274.5143978181
2024-10-16,516991.6507577341
2024-10-17,518547.0446637889
2024-10-18,527738.4967517746
2024-10-21,530637.4244630313
2024-10-22,532192.9279425291
2024-10-23,507588.0646381608
2024-10-24,519678.3348639606
2024-10-25,528445.5736711845
2024-10-28,528940.5165575705
2024-10-29,543576.0116740400
2024-10-30,531485.8510216831
2024-10-31,491043.4727950494
2024-11-01,501507.6195077341
2024-11-04,496841.1638573988
2024-11-05,515718.9561330353
2024-11-06,557575.4334117670
2024-11-07,583664.9062284082
2024-11-08,585078.9504937851
2024-11-11,584018.3899021097
2024-11-12,580836.7081242118
2024-11-13,578291.5380188276
2024-11-14,566059.6990069002
2024-11-15,525122.4874658871
2024-11-18,535727.9838192496
2024-11-19,546474.9393852968
2024-11-20,545838.5920729474
2024-11-21,551212.0698559710
2024-11-22,553262.4066484121
2024-11-25,555807.7959006820
2024-11-26,564433.5754937851
2024-11-27,550787.9661500880
2024-11-29,564857.7887745469
2024-12-02,583170.0181287434
2024-12-03,588331.3618787434
2024-12-04,609825.1086521097
2024-12-05,604805.1693280730
2024-12-06,620359.8753984121
2024-12-09,605865.7847079060
2024-12-10,599290.3419058076
2024-12-11,631318.9649974830
2024-12-12,618804.4267056359
2024-12-13,632096.7167372317
2024-12-16,659600.3433926925
2024-12-17,650762.4297651297
2024-12-18,580412.4948434499
2024-12-19,572210.9833163940
2024-12-20,587058.6124658871
2024-12-23,603409.9716819320
2024-12-24,627387.0891820297
2024-12-26,626039.2820139946
2024-12-27,600572.4598408425
2024-12-30,576453.4448328528
2024-12-31,561343.4422627175
2025-01-02,557796.6072480767
2025-01-03,584540.3974087609
2025-01-06,604473.9838341831
2025-01-07,571913.3820583068
2025-01-08,572339.0197923891
2025-01-10,545027.7491778885
2025-01-13,539352.6159222664
2025-01-14,537437.2187284082
2025-01-15,573757.7757129339
2025-01-16,571303.3453898499
2025-01-17,582831.4358786088
2025-01-21,591653.5714761604
2025-01-22,603208.5152327984
2025-01-23,605130.4957625732
2025-01-24,599645.8125345344
2025-01-27,572973.2558632561
2025-01-28,585363.7556803569
2025-01-29,583576.1940655799
2025-01-30,587245.0181009523
2025-01-31,585726.5379374628
2025-02-03,578784.5310709204
2025-02-04,589112.8942611336
2025-02-05,600943.0593137625
2025-02-06,609949.1544148270
2025-02-07,586689.4605597770
2025-02-10,607325.2930523530
2025-02-11,602999.5830193792
2025-02-12,604205.1276206627
2025-02-13,629663.1385183723
2025-02-14,637038.1994659868
2025-02-18,641009.2344667147
2025-02-19,641080.2132867079
2025-02-20,633279.7175560102
2025-02-21,593638.9771875768
2025-02-24,572293.9589305816
2025-02-25,550452.5818367222
2025-02-26,553998.2915882270
2025-02-27,508046.3510702799
2025-02-28,531305.9353900342
2025-03-03,496983.7322650343
2025-03-04,491523.3469154746
2025-03-05,510670.0481298104
2025-03-06,468334.6866495013
2025-03-07,471025.3750714816
2025-03-10,444080.0687556316
2025-03-11,441644.5196712858
2025-03-12,448806.2548250280
2025-03-13,437033.8353948728
2025-03-14,451639.3546021078
2025-03-17,455916.9737195177
2025-03-18,444665.5885193866
2025-03-19,452972.6695472117
2025-03-20,450703.5865089378
2025-03-21,452829.2273096538
2025-03-24,466879.9536619302
2025-03-25,471086.5518216933
2025-03-26,457862.1881325074
2025-03-27,454044.9107387540
2025-03-28,436476.9572902339
2025-03-31,436334.7357173412
2025-04-01,441088.7908236862
2025-04-02,445770.1521712898
2025-04-03,411573.2575291814
2025-04-04,378893.0302689190
2025-04-07,363235.5214671022
2025-04-08,363235.5214671022
2025-04-09,363307.9309139464
2025-04-10,363307.9309139464
2025-04-11,363488.6205117294
2025-04-14,363524.9268930919
2025-04-15,363561.0590036995
2025-04-16,363633.3522700405
2025-04-17,363778.0259377192
2025-04-21,363778.0259377192
2025-04-22,363814.1870934526
2025-04-23,363922.6705606527
2025-04-24,363922.6705606527
2025-04-25,364067.3442287121
2025-04-28,364067.3442287121
2025-04-29,364103.4472941940
2025-04-30,364211.9888512651
2025-05-01,364266.3903330571
2025-05-02,364375.2513865120
2025-05-05,364411.5287227486
2025-05-06,364411.5287227486
2025-05-07,364447.8060586044
2025-05-08,364556.6961571851
2025-05-09,364665.4991203885
2025-05-12,364665.4991203885
2025-05-13,364738.0537928617
2025-05-14,364774.3601742241
2025-05-15,364774.3601742241
2025-05-16,364919.4695184091
2025-05-19,364955.8049448973
2025-05-20,365028.3305718640
2025-05-21,365064.6659983522
2025-05-22,365137.1625801930
2025-05-23,368344.9187708000
2025-05-27,381305.6376538340
2025-05-28,378810.7478531561
2025-05-29,379763.2645039496
2025-05-30,378781.0971455891
2025-06-02,383342.3698277982
2025-06-03,388038.9495169770
2025-06-04,390054.5427902690
2025-06-05,380973.1822788764
2025-06-06,391849.6732303561
2025-06-09,393591.9901704390
2025-06-10,401194.9792684214
2025-06-11,397076.7053647498
2025-06-12,399663.8756680862
2025-06-13,384563.4431579849
2025-06-16,400244.6615345152
2025-06-17,388417.7715349840
2025-06-18,387889.7991685594
2025-06-20,382557.1400341570
2025-06-23,394436.8028766200
2025-06-24,412388.2699025850
2025-06-25,415554.4371611560
2025-06-26,426937.8807874474
2025-06-27,431120.6367613674
2025-06-30,439486.1080521347
2025-07-01,428314.4876216800
2025-07-02,436838.8059810550
2025-07-03,449069.3797655998
2025-07-07,439062.5836306136
2025-07-08,439644.9551207424
2025-07-09,448751.6856273187
2025-07-10,446686.8770186513
2025-07-11,443298.2750746900
2025-07-14,448010.5077256550
2025-07-15,449175.2913640509
2025-07-16,450446.0272569050
2025-07-17,460929.4052547865
2025-07-18,459340.9752247173
2025-07-21,466329.8396801864
2025-07-22,459076.2165576585
2025-07-23,465112.1205716340
2025-07-24,468182.9877213076
2025-07-25,470830.2897923873
2025-07-28,475436.6108449012
2025-07-29,473265.8093236373
2025-07-30,474907.1341678561
2025-07-31,467071.1395541338
2025-08-01,439062.5836306136
2025-08-04,463100.1661189778
2025-08-05,453463.9589353564
2025-08-06,470406.6840556551
2025-08-07,475171.8928349150
2025-08-08,487984.9194226680
2025-08-11,483696.2111942900
2025-08-12,501539.0832571438
2025-08-13,502280.3831300254
2025-08-14,500903.7762957928
2025-08-15,493808.9595837342
2025-08-18,493173.6119663764
2025-08-19,473054.0267838076
2025-08-20,464423.8374830539
2025-08-21,457964.3683904848
2025-08-22,478560.4134647311
2025-08-25,474377.6981478838
2025-08-26,479884.0848277415
2025-08-27,482054.8863500712
2025-08-28,490843.9633754392
2025-08-29,473159.9383822588
2025-09-02,461088.1710103148
2025-09-03,471836.3076752552
2025-09-04,484596.3174787066
2025-09-05,486184.7068527690
2025-09-08,493120.6358380816
2025-09-09,497144.5854004666
2025-09-10,497674.0214204390
2025-09-11,506039.5333682789
2025-09-12,512340.1553922406
2025-09-15,525417.8999910455
2025-09-16,523988.3170285182
2025-09-17,520652.6912128516
2025-09-18,534683.4775662296
2025-09-19,545272.7265065555
2025-09-22,554485.3686115833
2025-09-23,543313.7075240558
2025-09-24,537473.4452027460
2025-09-25,530265.8458522959
2025-09-26,536625.4612470337
2025-09-29,543780.0438121166
2025-09-30,548019.7603042489
2025-10-01,555757.2835584767
2025-10-02,562540.9112596072
2025-10-03,554909.3809179757
2025-10-06,567310.6736267349
2025-10-07,558142.1850705771
2025-10-08,577062.0622149657
2025-10-09,574783.1942714686
2025-10-10,514472.7799500438
2025-10-13,547118.8408783802
2025-10-14,535989.5037735871
2025-10-15,546959.8311814822
2025-10-16,540865.2183962385
2025-10-17,551146.6122023922
2025-10-20,571815.3927272959
2025-10-21,571179.4352538490
2025-10-22,554379.4570131321
2025-10-23,568264.6098369053
2025-10-24,585965.5075045566
2025-10-27,617074.6915325117
2025-10-28,631171.8301814778
2025-10-29,639227.3728305676
2025-10-30,609973.0444386513
2025-10-31,618611.5684328929
2025-11-03,627091.0420731641
2025-11-04,588721.4045376817
2025-11-05,600168.6390661190
2025-11-06,566515.6657993176
2025-11-07,560633.0388382010
2025-11-10,597359.8472188441
2025-11-11,592431.1158108250
2025-11-12,591212.2176482333
2025-11-13,554697.4357498554
2025-11-14,541978.7632840229
2025-11-17,534877.0136998219
2025-11-18,525099.0963909042
2025-11-19,529629.8947192328
2025-11-20,510736.1789753272
2025-11-21,516247.4430938863
2025-11-24,547730.6751391012
2025-11-25,557702.7007504606
2025-11-26,572285.5712718585
2025-11-28,584831.1051086740
2025-12-01,579576.9448379537
2025-12-02,592980.3695889700
2025-12-03,597162.2279112736
2025-12-04,595232.1173077683
2025-12-05,602094.6688065100
2025-12-08,598341.6736816552
2025-12-09,600593.4214004537
2025-12-10,607455.9728991952
2025-12-11,601665.7233488704
2025-12-12,566388.0956404563
2025-12-15,557809.9679627116
2025-12-16,561134.0176299268
2025-12-17,529716.4877382370
2025-12-18,552341.3555287583
2025-12-19,573894.0036299751
2025-12-22,581721.5487347872
2025-12-23,589870.7309559706
2025-12-24,594553.2244404424
2025-12-26,594016.2302998174
2025-12-29,585209.8718855062
2025-12-30,581021.4327533296
2025-12-31,566200.9949701786
2026-01-02,562227.3781720935
2026-01-05,575651.6969975566
2026-01-06,590794.3477162583
2026-01-07,592512.6796094968
2026-01-08,581987.9893019469
2026-01-09,598848.9307848699
2026-01-12,600245.0908726534
2026-01-13,597130.6811507440
2026-01-14,578121.8453655118
2026-01-15,584028.5341328926
2026-01-16,581450.9951613219
2026-01-20,544829.4014195284
2026-01-21,566308.3855727158
2026-01-22,578873.5795811157
2026-01-23,584028.5341328926
2026-01-26,591546.1641909748
2026-01-27,607225.8090503014
2026-01-28,612810.3260100706
2026-01-29,601856.0321644329
2026-01-30,579947.5267322705
2026-02-02,591760.9042648757
2026-02-03,564053.0595377741
2026-02-04,534412.1428435330
2026-02-05,511644.4303341166
2026-02-06,543325.9329893986
2026-02-09,555676.3046626288
2026-02-10,547943.8522704550
2026-02-11,552024.9008011726
2026-02-12,518302.8944461186
2026-02-13,520558.2204799822
2026-02-17,519269.4509947360
2026-02-18,530438.5260454480
2026-02-19,524424.4466766082
2026-02-20,537633.9842969968
2026-02-23,518088.1132410442
2026-02-24,534626.9240475292
2026-02-25,557072.4236203168
2026-02-26,537526.5525654424
2026-02-27,531834.6861332314
2026-03-02,533767.7992304662
2026-03-03,516584.6036818972
2026-03-04,539781.8374692106
2026-03-05,534841.7052515254
2026-03-06,510570.4831829620
2026-03-09,530438.5260454480
2026-03-10,530545.9166469070
2026-03-11,530008.9225062820
2026-03-12,502945.5036524380
2026-03-13,493279.9381619511
2026-03-16,509711.3172358036
2026-03-17,517228.9884250594
2026-03-18,495105.6195276316
2026-03-19,490702.4403215542
2026-03-20,462672.4649180146
2026-03-23,478674.2404537792
2026-03-24,468471.7219527628
2026-03-25,477529.3439387350
2026-03-26,443536.4960995480
2026-03-27,417181.2547215472
2026-03-30,407607.3270167632
2026-03-31,448377.2580779080
2026-04-01,461365.7331048628
2026-04-02,461994.7804568848
2026-04-06,466159.0941811864
2026-04-07,466450.7889560696
2026-04-08,487158.4609833374
2026-04-09,492344.7128908973
2026-04-10,493565.3751108813
2026-04-13,501602.3283501880
2026-04-14,516393.5226559954
2026-04-15,528487.1963387800
2026-04-16,532682.5247576233
2026-04-17,544368.6791234334
2026-04-20,541648.3750689843
2026-04-21,538036.4889795575
2026-04-22,553173.1732142563
2026-04-23,547871.1349222795
2026-04-24,565904.0521661717
2026-04-27,566334.3343508336
2026-04-28,556160.5751385653
2026-04-29,562207.3943865612
2026-04-30,571243.4642187168
2026-05-01,580796.7159008554
2026-05-04,578721.8952144609
2026-05-05,595146.1329748257
2026-05-06,632058.3657404176
2026-05-07,631733.5551119104
2026-05-08,653637.4953965247
2026-05-11,660032.9094602899
2026-05-12,642880.3899900080
2026-05-13,662434.2700563690
2026-05-14,677099.6473139043
2026-05-15,646139.3700006383
2026-05-18,637391.6126157739
2026-05-19,625470.5912537647
2026-05-20,656173.5893002099
2026-05-21,659947.1278436224
2026-05-22,667579.9865479744
2026-05-26,702828.3609374347
2026-05-27,700427.0659236780
2026-05-28,717665.3014283052
2026-05-29,725212.4440974523
2026-06-01,737905.3032590642
2026-06-02,748025.3041744439
2026-06-03,742364.8979854120
2026-06-04,730872.7847041620
2026-06-05,626499.7739007915
2026-06-08,656019.5715392537
2026-06-09,645117.5880030612
2026-06-10,626068.1544397627
2026-06-11,655002.8856869491
2026-06-12,661543.4140832918
2026-06-15,691925.9524136807
2026-06-16,671976.0742093900
2026-06-17,661760.1796472939
2026-06-18,684746.8565575487
2026-06-22,683536.0642297899
2026-06-23,648663.4639188205
2026-06-24,644531.4402983838
2026-06-25,651655.8349205614
2026-06-26,638311.6130125560
2026-06-29,661414.3624780993
2026-06-30,677789.7319849620
2026-07-01,662660.2039549570
2026-07-02,645126.7822475464
2026-07-06,658321.6409357968
2026-07-07,640378.7111262435
2026-07-08,642517.5684565243
2026-07-09,658109.1539822477
2026-07-10,661140.4523678075
2026-07-13,642337.9028832994
2026-07-14,652567.1310788426
2026-07-15,650140.0090236019
2026-07-16,634270.2358610751
2026-07-17,620572.1741999851
2026-07-20,628376.1492010535
2026-07-21,628438.6313632011
2026-07-22,630102.8309632838
2026-07-23,612247.9712452861
2026-07-24,602005.4568714346
2026-07-27,599340.3048099030
2026-07-28,591102.5852055056
2026-07-29,574042.8972934461
2026-07-30,599015.8349460475
2026-07-31,605010.3889772911
2026-08-03,620073.5881655167
2026-08-04,650933.7676012327
2026-08-05,642098.2819978432
2026-08-06,638489.4896625227
2026-08-07,649517.5340196036
2026-08-10,646569.2117313992
2026-08-11,643274.9637376731
2026-08-12,650227.0406420478
2026-08-13,661718.0910495515
2026-08-14,660194.2344819608
2026-08-17,658441.5772250984
2026-08-18,641081.1215745925
2026-08-19,639031.5855715992
2026-08-20,631931.0916291594
2026-08-21,635157.2511825487
2026-08-24,625481.5657043096
2026-08-25,631143.9810183183
2026-08-26,632074.1382830804
2026-08-27,644823.5032047585
2026-08-28,638374.5306592155
