fee_rate,period,model,start,end,start_equity,end_equity,total_return,cagr,trade_count,annual_trades,fees,mdd,mdd_peak,mdd_trough,drawdown_duration_days,recovery_date,recovery_period_days,mdd_time_underwater_days,longest_time_underwater_days,longest_underwater_start
0.0010000000,actual_pre2026,vo,2010-02-11,2025-12-31,100000.0000000000,25918720.9945992753,258.1872099460,0.4188605691,91,5.7285535160,283659.1411483044,-0.4577022582,2021-11-19,2022-09-30,315,2023-06-02,245,560,560,2021-11-19
0.0010000000,actual_pre2026,recovery_10_breadth2_cool95,2010-02-11,2025-12-31,100000.0000000000,32004384.0471526906,319.0438404715,0.4378241906,93,5.8544557911,320258.4058588816,-0.4577022630,2021-11-19,2022-09-30,315,2023-06-02,245,560,560,2021-11-19
0.0010000000,actual_pre2026,consensus_20_60_120_n3_block_cut,2010-02-11,2025-12-31,100000.0000000000,30496362.8792423680,303.9636287924,0.4334621844,83,5.2249444157,303481.2221170827,-0.4577020935,2021-11-19,2022-09-30,315,2023-06-02,245,560,560,2021-11-19
0.0010000000,actual_pre2026,riskadj_h60_t15_step_up,2010-02-11,2025-12-31,100000.0000000000,33403335.3632940613,333.0333536329,0.4417018009,95,5.9803580662,378812.4557987569,-0.4610972933,2021-11-19,2022-09-30,315,2023-06-02,245,560,560,2021-11-19
0.0010000000,actual_pre2026,recovery_15_breadth2_cool95,2010-02-11,2025-12-31,100000.0000000000,31730877.9076969698,316.3087790770,0.4370475645,93,5.8544557911,318317.8701264425,-0.4577021544,2021-11-19,2022-09-30,315,2023-06-02,245,560,560,2021-11-19
0.0010000000,actual_pre2026,cool_s10_l60_r95_block_cut,2010-02-11,2025-12-31,100000.0000000000,27801216.8384092674,277.0121683841,0.4251369383,89,5.6026512410,294396.5431311193,-0.4577023114,2021-11-19,2022-09-30,315,2023-06-02,245,560,560,2021-11-19
0.0010000000,actual_pre2026,cool_s5_l30_r80_block_cut,2010-02-11,2025-12-31,100000.0000000000,27422976.7374947891,273.2297673749,0.4239085153,87,5.4767489659,290877.1525962061,-0.4577021961,2021-11-19,2022-09-30,315,2023-06-02,245,560,560,2021-11-19
0.0010000000,actual_pre2026,cool_s5_l60_r65_block_cut,2010-02-11,2025-12-31,100000.0000000000,26530900.6854760200,264.3090068548,0.4209472149,89,5.6026512410,282370.7358405040,-0.4577018305,2021-11-19,2022-09-30,315,2023-06-02,245,560,560,2021-11-19
0.0010000000,actual_pre2026,cool_s10_l60_r65_block_cut,2010-02-11,2025-12-31,100000.0000000000,26530900.6854760200,264.3090068548,0.4209472149,89,5.6026512410,282370.7358405040,-0.4577018305,2021-11-19,2022-09-30,315,2023-06-02,245,560,560,2021-11-19
0.0010000000,actual_pre2026,riskadj_h60_t15_block_cut,2010-02-11,2025-12-31,100000.0000000000,32816747.4315584414,327.1674743156,0.4400947796,87,5.4767489659,334285.9210963995,-0.4577022292,2021-11-19,2022-09-30,315,2023-06-02,245,560,560,2021-11-19
0.0010000000,actual_pre2026,cool_s10_l30_r80_block_cut,2010-02-11,2025-12-31,100000.0000000000,26462641.2754458636,263.6264127545,0.4207167970,87,5.4767489659,280689.9805012185,-0.4577022182,2021-11-19,2022-09-30,315,2023-06-02,245,560,560,2021-11-19
0.0010000000,actual_pre2026,breadth_price_sma_h60_n3_block_cut,2010-02-11,2025-12-31,100000.0000000000,26411454.1381743327,263.1145413817,0.4205436430,81,5.0990421406,266174.4643566606,-0.4577021578,2021-11-19,2022-09-30,315,2023-06-02,245,560,560,2021-11-19
0.0010000000,actual_pre2026,cool_s10_l30_r95_block_cut,2010-02-11,2025-12-31,100000.0000000000,26386813.2669392005,262.8681326694,0.4204601766,87,5.4767489659,280022.9379561521,-0.4577022465,2021-11-19,2022-09-30,315,2023-06-02,245,560,560,2021-11-19
0.0010000000,actual_pre2026,riskadj_h20_t10_block_cut,2010-02-11,2025-12-31,100000.0000000000,26753819.9524356648,266.5381995244,0.4216958554,89,5.6026512410,284248.9217892562,-0.4577020025,2021-11-19,2022-09-30,315,2023-06-02,245,560,560,2021-11-19
0.0010000000,actual_pre2026,riskadj_h20_t15_block_cut,2010-02-11,2025-12-31,100000.0000000000,26530900.6854760200,264.3090068548,0.4209472149,89,5.6026512410,282370.7358405040,-0.4577018305,2021-11-19,2022-09-30,315,2023-06-02,245,560,560,2021-11-19
0.0010000000,decade_2016_2025,vo,2016-01-04,2025-12-31,100000.0000000000,2420041.8906166693,23.2004189062,0.3756633776,67,6.7062887092,26146.4000738179,-0.4576945557,2021-11-19,2022-09-30,315,2023-06-02,245,560,560,2021-11-19
0.0010000000,decade_2016_2025,recovery_10_breadth2_cool95,2016-01-04,2025-12-31,100000.0000000000,3241642.9372163825,31.4164293722,0.4165056791,67,6.7062887092,32076.2609099843,-0.4576963914,2021-11-19,2022-09-30,315,2023-06-02,245,560,560,2021-11-19
0.0010000000,decade_2016_2025,consensus_20_60_120_n3_block_cut,2016-01-04,2025-12-31,100000.0000000000,2854779.6225056243,27.5477962251,0.3986011493,61,6.1057255412,28159.5324477329,-0.4576962272,2021-11-19,2022-09-30,315,2023-06-02,245,560,560,2021-11-19
0.0010000000,decade_2016_2025,riskadj_h60_t15_step_up,2016-01-04,2025-12-31,100000.0000000000,3118882.2640646081,30.1888226406,0.4110426043,71,7.1066641546,35031.0609197390,-0.4610895364,2021-11-19,2022-09-30,315,2023-06-02,245,560,560,2021-11-19
0.0010000000,decade_2016_2025,recovery_15_breadth2_cool95,2016-01-04,2025-12-31,100000.0000000000,3196639.9578800900,30.9663995788,0.4145249266,67,6.7062887092,31707.0835990860,-0.4576977162,2021-11-19,2022-09-30,315,2023-06-02,245,560,560,2021-11-19
0.0010000000,decade_2016_2025,cool_s10_l60_r95_block_cut,2016-01-04,2025-12-31,100000.0000000000,2595818.7045259457,24.9581870453,0.3853521448,65,6.5061009866,27149.0726339229,-0.4576979887,2021-11-19,2022-09-30,315,2023-06-02,245,560,560,2021-11-19
0.0010000000,decade_2016_2025,cool_s5_l30_r80_block_cut,2016-01-04,2025-12-31,100000.0000000000,2477210.8688235106,23.7721086882,0.3788821098,65,6.5061009866,26026.2816423637,-0.4576948254,2021-11-19,2022-09-30,315,2023-06-02,245,560,560,2021-11-19
0.0010000000,decade_2016_2025,cool_s5_l60_r65_block_cut,2016-01-04,2025-12-31,100000.0000000000,2477210.8688235106,23.7721086882,0.3788821098,65,6.5061009866,26026.2816423637,-0.4576948254,2021-11-19,2022-09-30,315,2023-06-02,245,560,560,2021-11-19
0.0010000000,decade_2016_2025,cool_s10_l60_r65_block_cut,2016-01-04,2025-12-31,100000.0000000000,2477210.8688235106,23.7721086882,0.3788821098,65,6.5061009866,26026.2816423637,-0.4576948254,2021-11-19,2022-09-30,315,2023-06-02,245,560,560,2021-11-19
0.0010000000,decade_2016_2025,riskadj_h60_t15_block_cut,2016-01-04,2025-12-31,100000.0000000000,3064081.0783709618,29.6408107837,0.4085411246,63,6.3059132639,30873.2187744161,-0.4576998215,2021-11-19,2022-09-30,315,2023-06-02,245,560,560,2021-11-19
0.0010000000,decade_2016_2025,cool_s10_l30_r80_block_cut,2016-01-04,2025-12-31,100000.0000000000,2477210.8688235106,23.7721086882,0.3788821098,65,6.5061009866,26026.2816423637,-0.4576948254,2021-11-19,2022-09-30,315,2023-06-02,245,560,560,2021-11-19
0.0010000000,decade_2016_2025,breadth_price_sma_h60_n3_block_cut,2016-01-04,2025-12-31,100000.0000000000,2471492.9396410752,23.7149293964,0.3785632044,59,5.9055378186,24656.3232669441,-0.4576965004,2021-11-19,2022-09-30,315,2023-06-02,245,560,560,2021-11-19
0.0010000000,decade_2016_2025,cool_s10_l30_r95_block_cut,2016-01-04,2025-12-31,100000.0000000000,2470119.2294807881,23.7011922948,0.3784864897,65,6.5061009866,25963.7564604349,-0.4576954396,2021-11-19,2022-09-30,315,2023-06-02,245,560,560,2021-11-19
0.0010000000,decade_2016_2025,riskadj_h20_t10_block_cut,2016-01-04,2025-12-31,100000.0000000000,2498025.2661139723,23.9802526611,0.3800374213,65,6.5061009866,26201.5828536572,-0.4576957963,2021-11-19,2022-09-30,315,2023-06-02,245,560,560,2021-11-19
0.0010000000,decade_2016_2025,riskadj_h20_t15_block_cut,2016-01-04,2025-12-31,100000.0000000000,2477210.8688235106,23.7721086882,0.3788821098,65,6.5061009866,26026.2816423637,-0.4576948254,2021-11-19,2022-09-30,315,2023-06-02,245,560,560,2021-11-19
0.0020000000,actual_pre2026,vo,2010-02-11,2025-12-31,100000.0000000000,24782981.0492282920,246.8298104923,0.4148639759,91,5.7285535160,548013.0351639321,-0.4602093870,2021-11-19,2022-09-30,315,2023-06-02,245,560,560,2021-11-19
0.0020000000,actual_pre2026,recovery_10_breadth2_cool95,2010-02-11,2025-12-31,100000.0000000000,30568497.1671674214,304.6849716717,0.4336753920,93,5.8544557911,617693.4565082713,-0.4602093390,2021-11-19,2022-09-30,315,2023-06-05,248,563,563,2021-11-19
0.0020000000,actual_pre2026,consensus_20_60_120_n3_block_cut,2010-02-11,2025-12-31,100000.0000000000,29269380.6007560641,291.6938060076,0.4297612995,83,5.2249444157,587647.2112159901,-0.4602094670,2021-11-19,2022-09-30,315,2023-06-02,245,560,560,2021-11-19
0.0020000000,actual_pre2026,riskadj_h60_t15_step_up,2010-02-11,2025-12-31,100000.0000000000,31864936.1411676593,317.6493614117,0.4374290060,95,5.9803580662,730357.1974937326,-0.4641182675,2021-11-19,2022-09-30,315,2023-06-05,248,563,563,2021-11-19
0.0020000000,actual_pre2026,recovery_15_breadth2_cool95,2010-02-11,2025-12-31,100000.0000000000,30306780.2235139757,302.0678022351,0.4328995729,93,5.8544557911,613973.4235376932,-0.4602094133,2021-11-19,2022-09-30,315,2023-06-02,245,560,560,2021-11-19
0.0020000000,actual_pre2026,cool_s10_l60_r95_block_cut,2010-02-11,2025-12-31,100000.0000000000,26607449.9853473678,265.0744998535,0.4212049564,89,5.6026512410,568981.9762566193,-0.4602094493,2021-11-19,2022-09-30,315,2023-06-02,245,560,560,2021-11-19
0.0020000000,actual_pre2026,cool_s5_l30_r80_block_cut,2010-02-11,2025-12-31,100000.0000000000,26272284.1908979118,261.7228419090,0.4200712692,87,5.4767489659,562752.3093453507,-0.4602093699,2021-11-19,2022-09-30,315,2023-06-02,245,560,560,2021-11-19
0.0020000000,actual_pre2026,cool_s5_l60_r65_block_cut,2010-02-11,2025-12-31,100000.0000000000,25393059.5267009810,252.9305952670,0.4170316374,89,5.6026512410,545814.3863387345,-0.4602094770,2021-11-19,2022-09-30,315,2023-06-02,245,560,560,2021-11-19
0.0020000000,actual_pre2026,cool_s10_l60_r65_block_cut,2010-02-11,2025-12-31,100000.0000000000,25393059.5267009810,252.9305952670,0.4170316374,89,5.6026512410,545814.3863387345,-0.4602094770,2021-11-19,2022-09-30,315,2023-06-02,245,560,560,2021-11-19
0.0020000000,actual_pre2026,riskadj_h60_t15_block_cut,2010-02-11,2025-12-31,100000.0000000000,31433291.7778279297,313.3329177783,0.4361954047,87,5.4767489659,646203.7528245013,-0.4602095101,2021-11-19,2022-09-30,315,2023-06-02,245,560,560,2021-11-19
0.0020000000,actual_pre2026,cool_s10_l30_r80_block_cut,2010-02-11,2025-12-31,100000.0000000000,25353115.3193054162,252.5311531931,0.4168912131,87,5.4767489659,543062.1270239570,-0.4602098658,2021-11-19,2022-09-30,315,2023-06-02,245,560,560,2021-11-19
0.0020000000,actual_pre2026,breadth_price_sma_h60_n3_block_cut,2010-02-11,2025-12-31,100000.0000000000,25376964.9540804774,252.7696495408,0.4169750817,81,5.0990421406,515968.4574656541,-0.4602094405,2021-11-19,2022-09-30,315,2023-06-02,245,560,560,2021-11-19
0.0020000000,actual_pre2026,cool_s10_l30_r95_block_cut,2010-02-11,2025-12-31,100000.0000000000,25280500.7872967049,251.8050078730,0.4166354041,87,5.4767489659,541775.9019830857,-0.4602088429,2021-11-19,2022-09-30,315,2023-06-02,245,560,560,2021-11-19
0.0020000000,actual_pre2026,riskadj_h20_t10_block_cut,2010-02-11,2025-12-31,100000.0000000000,25606218.9498687983,255.0621894987,0.4177775199,89,5.6026512410,549428.2471897935,-0.4602097860,2021-11-19,2022-09-30,315,2023-06-02,245,560,560,2021-11-19
0.0020000000,actual_pre2026,riskadj_h20_t15_block_cut,2010-02-11,2025-12-31,100000.0000000000,25393059.5267009810,252.9305952670,0.4170316374,89,5.6026512410,545814.3863387345,-0.4602094770,2021-11-19,2022-09-30,315,2023-06-02,245,560,560,2021-11-19
0.0020000000,decade_2016_2025,vo,2016-01-04,2025-12-31,100000.0000000000,2341578.4782441179,22.4157847824,0.3711324704,67,6.7062887092,51098.0419247909,-0.4602006725,2021-11-19,2022-09-30,315,2023-06-02,245,560,560,2021-11-19
0.0020000000,decade_2016_2025,recovery_10_breadth2_cool95,2016-01-04,2025-12-31,100000.0000000000,3136197.7615948897,30.3619776159,0.4118247742,67,6.7062887092,62646.6912336658,-0.4602027067,2021-11-19,2022-09-30,315,2023-06-05,248,563,563,2021-11-19
0.0020000000,decade_2016_2025,consensus_20_60_120_n3_block_cut,2016-01-04,2025-12-31,100000.0000000000,2769797.8077453412,26.6979780775,0.3943769559,61,6.1057255412,55109.0118880575,-0.4601983259,2021-11-19,2022-09-30,315,2023-06-02,245,560,560,2021-11-19
0.0020000000,decade_2016_2025,riskadj_h60_t15_step_up,2016-01-04,2025-12-31,100000.0000000000,3010690.4758541193,29.1069047585,0.4060650084,71,7.1066641546,68325.9802148872,-0.4641139103,2021-11-19,2022-09-30,315,2023-06-05,248,563,563,2021-11-19
0.0020000000,decade_2016_2025,recovery_15_breadth2_cool95,2016-01-04,2025-12-31,100000.0000000000,3092655.2914611371,29.9265529146,0.4098504137,67,6.7062887092,61927.7663683779,-0.4602066733,2021-11-19,2022-09-30,315,2023-06-02,245,560,560,2021-11-19
0.0020000000,decade_2016_2025,cool_s10_l60_r95_block_cut,2016-01-04,2025-12-31,100000.0000000000,2513931.1874139393,24.1393118741,0.3809144611,65,6.5061009866,53078.6120207724,-0.4602013384,2021-11-19,2022-09-30,315,2023-06-02,245,560,560,2021-11-19
0.0020000000,decade_2016_2025,cool_s5_l30_r80_block_cut,2016-01-04,2025-12-31,100000.0000000000,2399229.0516076293,22.9922905161,0.3744745618,65,6.5061009866,50890.1254673172,-0.4601968136,2021-11-19,2022-09-30,315,2023-06-02,245,560,560,2021-11-19
0.0020000000,decade_2016_2025,cool_s5_l60_r65_block_cut,2016-01-04,2025-12-31,100000.0000000000,2399229.0516076293,22.9922905161,0.3744745618,65,6.5061009866,50890.1254673172,-0.4601968136,2021-11-19,2022-09-30,315,2023-06-02,245,560,560,2021-11-19
0.0020000000,decade_2016_2025,cool_s10_l60_r65_block_cut,2016-01-04,2025-12-31,100000.0000000000,2399229.0516076293,22.9922905161,0.3744745618,65,6.5061009866,50890.1254673172,-0.4601968136,2021-11-19,2022-09-30,315,2023-06-02,245,560,560,2021-11-19
0.0020000000,decade_2016_2025,riskadj_h60_t15_block_cut,2016-01-04,2025-12-31,100000.0000000000,2969901.9293189161,28.6990192932,0.4041465731,63,6.3059132639,60374.8775712985,-0.4602057948,2021-11-19,2022-09-30,315,2023-06-02,245,560,560,2021-11-19
0.0020000000,decade_2016_2025,cool_s10_l30_r80_block_cut,2016-01-04,2025-12-31,100000.0000000000,2399229.0516076293,22.9922905161,0.3744745618,65,6.5061009866,50890.1254673172,-0.4601968136,2021-11-19,2022-09-30,315,2023-06-02,245,560,560,2021-11-19
0.0020000000,decade_2016_2025,breadth_price_sma_h60_n3_block_cut,2016-01-04,2025-12-31,100000.0000000000,2400549.2426744737,23.0054924267,0.3745502454,59,5.9055378186,48303.3229729012,-0.4602033578,2021-11-19,2022-09-30,315,2023-06-02,245,560,560,2021-11-19
0.0020000000,decade_2016_2025,cool_s10_l30_r95_block_cut,2016-01-04,2025-12-31,100000.0000000000,2392323.4732632386,22.9232347326,0.3740780688,65,6.5061009866,50768.3219297402,-0.4602064309,2021-11-19,2022-09-30,315,2023-06-02,245,560,560,2021-11-19
0.0020000000,decade_2016_2025,riskadj_h20_t10_block_cut,2016-01-04,2025-12-31,100000.0000000000,2419341.8606366590,23.1934186064,0.3756235422,65,6.5061009866,51231.4037912203,-0.4602056252,2021-11-19,2022-09-30,315,2023-06-02,245,560,560,2021-11-19
0.0020000000,decade_2016_2025,riskadj_h20_t15_block_cut,2016-01-04,2025-12-31,100000.0000000000,2399229.0516076293,22.9922905161,0.3744745618,65,6.5061009866,50890.1254673172,-0.4601968136,2021-11-19,2022-09-30,315,2023-06-02,245,560,560,2021-11-19
0.0050000000,actual_pre2026,vo,2010-02-11,2025-12-31,100000.0000000000,21667229.0804016143,215.6722908040,0.4029476939,91,5.7285535160,1235544.0603805275,-0.4676753432,2021-11-19,2022-09-30,315,2023-06-12,255,570,570,2021-11-19
0.0050000000,actual_pre2026,recovery_10_breadth2_cool95,2010-02-11,2025-12-31,100000.0000000000,26637549.3910566643,265.3754939106,0.4213061108,93,5.8544557911,1385675.1030391245,-0.4676757548,2021-11-19,2022-09-30,315,2023-06-12,255,570,570,2021-11-19
0.0050000000,actual_pre2026,consensus_20_60_120_n3_block_cut,2010-02-11,2025-12-31,100000.0000000000,25878091.5848243162,257.7809158482,0.4187204526,83,5.2249444157,1333824.8554112127,-0.4676755668,2021-11-19,2022-09-30,315,2023-06-12,255,570,570,2021-11-19
0.0050000000,actual_pre2026,riskadj_h60_t15_step_up,2010-02-11,2025-12-31,100000.0000000000,27664350.7289364450,275.6435072894,0.4246942520,95,5.9803580662,1636694.8895235118,-0.4730903076,2021-11-19,2022-09-30,315,2023-06-12,255,570,570,2021-11-19
0.0050000000,actual_pre2026,recovery_15_breadth2_cool95,2010-02-11,2025-12-31,100000.0000000000,26408421.6902483664,263.0842169025,0.4205333751,93,5.8544557911,1377492.3748694079,-0.4676758245,2021-11-19,2022-09-30,315,2023-06-12,255,570,570,2021-11-19
0.0050000000,actual_pre2026,cool_s10_l60_r95_block_cut,2010-02-11,2025-12-31,100000.0000000000,23326418.0889106616,232.2641808891,0.4094793861,89,5.6026512410,1284284.5485019675,-0.4676755697,2021-11-19,2022-09-30,315,2023-06-12,255,570,570,2021-11-19
0.0050000000,actual_pre2026,cool_s5_l30_r80_block_cut,2010-02-11,2025-12-31,100000.0000000000,23103130.8667314947,230.0313086673,0.4086262200,87,5.4767489659,1274090.1620716297,-0.4676754634,2021-11-19,2022-09-30,315,2023-06-12,255,570,570,2021-11-19
0.0050000000,actual_pre2026,cool_s5_l60_r65_block_cut,2010-02-11,2025-12-31,100000.0000000000,22265633.3683974594,221.6563336840,0.4053558219,89,5.6026512410,1232513.3477387193,-0.4676759423,2021-11-19,2022-09-30,315,2023-06-12,255,570,570,2021-11-19
0.0050000000,actual_pre2026,cool_s10_l60_r65_block_cut,2010-02-11,2025-12-31,100000.0000000000,22265633.3683974594,221.6563336840,0.4053558219,89,5.6026512410,1232513.3477387193,-0.4676759423,2021-11-19,2022-09-30,315,2023-06-12,255,570,570,2021-11-19
0.0050000000,actual_pre2026,riskadj_h60_t15_block_cut,2010-02-11,2025-12-31,100000.0000000000,27624831.6132542379,275.2483161325,0.4245660476,87,5.4767489659,1459374.1885515915,-0.4676760717,2021-11-19,2022-09-30,315,2023-06-12,255,570,570,2021-11-19
0.0050000000,actual_pre2026,cool_s10_l30_r80_block_cut,2010-02-11,2025-12-31,100000.0000000000,22297386.2522637695,221.9738625226,0.4054819024,87,5.4767489659,1229650.7497299847,-0.4676753738,2021-11-19,2022-09-30,315,2023-06-12,255,570,570,2021-11-19
0.0050000000,actual_pre2026,breadth_price_sma_h60_n3_block_cut,2010-02-11,2025-12-31,100000.0000000000,22511633.8570878655,224.1163385709,0.4063282396,81,5.0990421406,1174942.7473430140,-0.4676756431,2021-11-19,2022-09-30,315,2023-06-12,255,570,570,2021-11-19
0.0050000000,actual_pre2026,cool_s10_l30_r95_block_cut,2010-02-11,2025-12-31,100000.0000000000,22233490.0622855723,221.3349006229,0.4052280194,87,5.4767489659,1226763.6363065469,-0.4676757005,2021-11-19,2022-09-30,315,2023-06-12,255,570,570,2021-11-19
0.0050000000,actual_pre2026,riskadj_h20_t10_block_cut,2010-02-11,2025-12-31,100000.0000000000,22451938.2135622501,223.5193821356,0.4060931864,89,5.6026512410,1240558.2232677285,-0.4676756940,2021-11-19,2022-09-30,315,2023-06-12,255,570,570,2021-11-19
0.0050000000,actual_pre2026,riskadj_h20_t15_block_cut,2010-02-11,2025-12-31,100000.0000000000,22265633.3683974594,221.6563336840,0.4053558219,89,5.6026512410,1232513.3477387193,-0.4676759423,2021-11-19,2022-09-30,315,2023-06-12,255,570,570,2021-11-19
0.0050000000,decade_2016_2025,vo,2016-01-04,2025-12-31,100000.0000000000,2121143.0027847541,20.2114300278,0.3576302574,67,6.7062887092,119238.3135406879,-0.4676672141,2021-11-19,2022-09-30,315,2023-06-12,255,570,570,2021-11-19
0.0050000000,decade_2016_2025,recovery_10_breadth2_cool95,2016-01-04,2025-12-31,100000.0000000000,2840254.9106076220,27.4025491061,0.3978872572,67,6.7062887092,145912.4944403698,-0.4676643353,2021-11-19,2022-09-30,315,2023-06-12,255,570,570,2021-11-19
0.0050000000,decade_2016_2025,consensus_20_60_120_n3_block_cut,2016-01-04,2025-12-31,100000.0000000000,2529769.3796850964,24.2976937969,0.3817828184,61,6.1057255412,129126.1268375836,-0.4676732631,2021-11-19,2022-09-30,315,2023-06-12,255,570,570,2021-11-19
0.0050000000,decade_2016_2025,riskadj_h60_t15_step_up,2016-01-04,2025-12-31,100000.0000000000,2708246.5130263176,26.0824651303,0.3912439645,71,7.1066641546,158510.1206901789,-0.4730834005,2021-11-19,2022-09-30,315,2023-06-12,255,570,570,2021-11-19
0.0050000000,decade_2016_2025,recovery_15_breadth2_cool95,2016-01-04,2025-12-31,100000.0000000000,2800603.0898861904,27.0060308989,0.3959215032,67,6.7062887092,144249.0408660238,-0.4676724484,2021-11-19,2022-09-30,315,2023-06-12,255,570,570,2021-11-19
0.0050000000,decade_2016_2025,cool_s10_l60_r95_block_cut,2016-01-04,2025-12-31,100000.0000000000,2283606.2807996380,21.8360628080,0.3676962145,65,6.5061009866,124010.9835224717,-0.4676637836,2021-11-19,2022-09-30,315,2023-06-12,255,570,570,2021-11-19
0.0050000000,decade_2016_2025,cool_s5_l30_r80_block_cut,2016-01-04,2025-12-31,100000.0000000000,2179702.1095424634,20.7970210954,0.3613360275,65,6.5061009866,118941.3961716564,-0.4676725112,2021-11-19,2022-09-30,315,2023-06-12,255,570,570,2021-11-19
0.0050000000,decade_2016_2025,cool_s5_l60_r65_block_cut,2016-01-04,2025-12-31,100000.0000000000,2179702.1095424634,20.7970210954,0.3613360275,65,6.5061009866,118941.3961716564,-0.4676725112,2021-11-19,2022-09-30,315,2023-06-12,255,570,570,2021-11-19
0.0050000000,decade_2016_2025,cool_s10_l60_r65_block_cut,2016-01-04,2025-12-31,100000.0000000000,2179702.1095424634,20.7970210954,0.3613360275,65,6.5061009866,118941.3961716564,-0.4676725112,2021-11-19,2022-09-30,315,2023-06-12,255,570,570,2021-11-19
0.0050000000,decade_2016_2025,riskadj_h60_t15_block_cut,2016-01-04,2025-12-31,100000.0000000000,2704388.5321993222,26.0438853220,0.3910454642,63,6.3059132639,141150.9318492967,-0.4676707299,2021-11-19,2022-09-30,315,2023-06-12,255,570,570,2021-11-19
0.0050000000,decade_2016_2025,cool_s10_l30_r80_block_cut,2016-01-04,2025-12-31,100000.0000000000,2179702.1095424634,20.7970210954,0.3613360275,65,6.5061009866,118941.3961716564,-0.4676725112,2021-11-19,2022-09-30,315,2023-06-12,255,570,570,2021-11-19
0.0050000000,decade_2016_2025,breadth_price_sma_h60_n3_block_cut,2016-01-04,2025-12-31,100000.0000000000,2199664.2665252071,20.9966426653,0.3625788243,59,5.9055378186,113531.6250188116,-0.4676683779,2021-11-19,2022-09-30,315,2023-06-12,255,570,570,2021-11-19
0.0050000000,decade_2016_2025,cool_s10_l30_r95_block_cut,2016-01-04,2025-12-31,100000.0000000000,2173514.7415564624,20.7351474156,0.3609487369,65,6.5061009866,118661.0338007051,-0.4676660020,2021-11-19,2022-09-30,315,2023-06-12,255,570,570,2021-11-19
0.0050000000,decade_2016_2025,riskadj_h20_t10_block_cut,2016-01-04,2025-12-31,100000.0000000000,2197958.3085321095,20.9795830853,0.3624730129,65,6.5061009866,119729.5008867524,-0.4676680958,2021-11-19,2022-09-30,315,2023-06-12,255,570,570,2021-11-19
0.0050000000,decade_2016_2025,riskadj_h20_t15_block_cut,2016-01-04,2025-12-31,100000.0000000000,2179702.1095424634,20.7970210954,0.3613360275,65,6.5061009866,118941.3961716564,-0.4676725112,2021-11-19,2022-09-30,315,2023-06-12,255,570,570,2021-11-19
