model,screen_pass,full_pre2026_cagr_delta,full_pre2026_mdd_delta,actual_pre2026_cagr_delta,actual_pre2026_mdd_delta,decade_2016_2025_cagr_delta,decade_2016_2025_mdd_delta,actual_annual_trades,rank_floor,rank_sum,changed_target_days_pre2026,changed_target_days_current,duplicate_of
recovery_10_breadth2_cool95,True,0.0125585626,-0.0027434233,0.0189636215,-0.0000000049,0.0408423015,-0.0000018357,5.8544557911,0.0125585626,0.0723644856,241,255,
consensus_20_60_120_n3_block_cut,True,0.0112884301,0.0000000140,0.0146016152,0.0000001647,0.0229377717,-0.0000016715,5.2249444157,0.0112884301,0.0488278170,120,124,
riskadj_h60_t15_step_up,True,0.0098502669,0.0000000402,0.0228412318,-0.0033950351,0.0353792266,-0.0033949807,5.9803580662,0.0098502669,0.0680707253,200,219,
recovery_15_breadth2_cool95,True,0.0098380539,0.0000000262,0.0181869954,0.0000001038,0.0388615489,-0.0000031605,5.8544557911,0.0098380539,0.0668865981,219,233,
cool_s10_l60_r95_block_cut,True,0.0046810081,-0.0126748546,0.0062763691,-0.0000000533,0.0096887672,-0.0000034330,5.6026512410,0.0046810081,0.0206461444,19,21,
cool_s5_l30_r80_block_cut,True,0.0045330699,-0.0000000603,0.0050479462,0.0000000620,0.0032187321,-0.0000002697,5.4767489659,0.0032187321,0.0127997482,16,18,
cool_s5_l60_r95_block_cut,True,0.0045330699,-0.0000000603,0.0050479462,0.0000000620,0.0032187321,-0.0000002697,5.4767489659,0.0032187321,0.0127997482,16,18,cool_s5_l30_r80_block_cut
cool_s5_l60_r65_block_cut,True,0.0028939066,-0.0000000603,0.0020866458,0.0000004277,0.0032187321,-0.0000002697,5.6026512410,0.0020866458,0.0081992845,6,6,
cool_s5_l60_r80_block_cut,True,0.0028939066,-0.0000000603,0.0020866458,0.0000004277,0.0032187321,-0.0000002697,5.6026512410,0.0020866458,0.0081992845,6,8,cool_s5_l60_r65_block_cut
cool_s10_l60_r80_block_cut,True,0.0028939066,-0.0000000603,0.0020866458,0.0000004277,0.0032187321,-0.0000002697,5.6026512410,0.0020866458,0.0081992845,6,6,cool_s5_l60_r65_block_cut
cool_s10_l60_r65_block_cut,True,0.0026626724,0.0000000060,0.0020866458,0.0000004277,0.0032187321,-0.0000002697,5.6026512410,0.0020866458,0.0079680503,5,5,
riskadj_h60_t15_block_cut,True,0.0019082828,0.0000000574,0.0212342105,0.0000000290,0.0328777469,-0.0000052658,5.4767489659,0.0019082828,0.0560202403,61,64,
cool_s10_l30_r80_block_cut,True,0.0027662556,-0.0000000603,0.0018562279,0.0000000399,0.0032187321,-0.0000002697,5.4767489659,0.0018562279,0.0078412156,9,9,
breadth_price_sma_h60_n3_block_cut,True,0.0042141255,-0.0186044054,0.0016830739,0.0000001003,0.0028998267,-0.0000019446,5.0990421406,0.0016830739,0.0087970261,118,147,
cool_s10_l30_r95_block_cut,True,0.0029461268,0.0000000352,0.0015996074,0.0000000117,0.0028231120,-0.0000008839,5.4767489659,0.0015996074,0.0073688462,12,14,
riskadj_h20_t10_block_cut,True,0.0004429241,0.0000000404,0.0028352863,0.0000002557,0.0043740437,-0.0000012406,5.6026512410,0.0004429241,0.0076522541,18,20,
riskadj_h20_t15_block_cut,True,-0.0006045902,0.0000001808,0.0020866458,0.0000004277,0.0032187321,-0.0000002697,5.6026512410,-0.0006045902,0.0047007877,13,15,
riskadj_h60_t10_block_cut,False,0.0191127387,-0.0393601658,0.0098391162,-0.0000001824,0.0125892328,-0.0000023817,5.3508466908,0.0098391162,0.0415410877,150,176,
riskadj_h20_t5_step_up,False,0.0224431280,-0.0396914655,0.0044820929,-0.1108191500,0.0338353008,-0.1108237023,10.3239865564,0.0044820929,0.0607605217,888,907,
cool_s5_l30_r65_block_cut,False,0.0015412103,-0.0000000603,-0.0003554679,0.0000000584,-0.0005500164,-0.0000016040,5.7285535160,-0.0005500164,0.0006357260,4,5,
cool_s10_l30_r65_block_cut,False,0.0013102128,0.0000000060,-0.0003554679,0.0000000584,-0.0005500164,-0.0000016040,5.7285535160,-0.0005500164,0.0004047285,3,3,
consensus_10_20_60_n3_block_cut,False,0.0023239534,-0.0126750005,-0.0023152227,-0.0000000655,-0.0032125651,-0.0000009868,5.3508466908,-0.0032125651,-0.0032038344,69,71,
riskadj_h20_t5_block_cut,False,-0.0018628948,-0.0186044289,-0.0031580281,-0.0000000181,-0.0041627396,-0.0000026857,5.3508466908,-0.0041627396,-0.0091836625,81,83,
breadth_return_h60_n2_block_cut,False,-0.0035027528,-0.0835935851,-0.0047988613,-0.0626390846,0.0098268875,-0.0626416191,3.8400193899,-0.0047988613,0.0015252734,371,412,
consensus_10_20_60_n2_block_cut,False,-0.0048211284,-0.0253842047,0.0007895465,-0.0352671190,0.0048484409,-0.0352648181,4.8472375905,-0.0048211284,0.0008168591,177,181,
cool_s5_l30_r95_block_cut,False,0.0031721303,0.0000001728,-0.0006574915,0.0000000119,-0.0055549749,0.0000007716,5.4767489659,-0.0055549749,-0.0030403361,31,33,
riskadj_h60_t10_step_up,False,0.0094188415,-0.0513557426,-0.0071655657,-0.0317628152,-0.0063737931,-0.0317669185,6.6728205791,-0.0071655657,-0.0041205174,425,453,
consensus_20_60_120_n3_step_up,False,0.0173056918,-0.0832324586,-0.0040462113,-0.0416695912,-0.0071930961,-0.0416684513,8.6872569804,-0.0071930961,0.0060663845,653,683,
cool_s10_l30_r65_step_up,False,-0.0105682032,-0.0150672967,0.0189788096,0.0069262813,0.0404232129,0.0069202440,7.9947944674,-0.0105682032,0.0488338192,198,200,
breadth_return_h60_n3_block_cut,False,-0.0018745254,-0.0447434528,-0.0133630389,-0.0352671847,-0.0034912843,-0.0352662453,4.7213353154,-0.0133630389,-0.0187288486,196,234,
breadth_return_h20_n3_block_cut,False,0.0002844774,0.0109340900,-0.0103578925,0.0000003079,-0.0135592260,0.0000000992,5.3508466908,-0.0135592260,-0.0236326412,85,87,
cool_s10_l60_r65_step_up,False,-0.0147787697,-0.0730884948,0.0191919959,-0.0009733977,0.0404868858,-0.0009770828,7.3652830920,-0.0147787697,0.0449001119,233,234,
breadth_return_h60_n3_step_up,False,-0.0155128488,-0.0685158594,-0.0141749561,-0.1396434960,-0.0054745851,-0.1396463958,9.0020126680,-0.0155128488,-0.0351623900,803,857,
breadth_price_sma_h60_n2_block_cut,False,0.0019333376,-0.0461601836,-0.0094428762,-0.0326872876,-0.0156644726,-0.0326901956,4.7213353154,-0.0156644726,-0.0231740112,223,257,
riskadj_h120_t10_block_cut,False,-0.0179536204,-0.0818932968,-0.0133199632,-0.0352669725,-0.0153585055,-0.0352673358,4.5954330403,-0.0179536204,-0.0466320890,231,231,
consensus_10_20_60_n3_step_up,False,-0.0192085135,-0.0897524483,-0.0045468330,-0.0593119783,0.0130287227,-0.0593139693,9.3167683557,-0.0192085135,-0.0107266238,748,771,
riskadj_h20_t15_step_up,False,-0.0192891544,-0.0310382270,-0.0171239222,-0.0218686233,-0.0108885942,-0.0218660556,8.8761103930,-0.0192891544,-0.0473016708,172,184,
consensus_20_60_120_n2_step_up,False,-0.0178274003,-0.2195873160,-0.0219521796,-0.1394237727,0.0176654900,-0.1394262599,8.1206967425,-0.0219521796,-0.0221140900,1363,1425,
breadth_price_sma_h20_n3_step_up,False,-0.0229086753,-0.0664636358,0.0075041837,-0.0438239321,0.0333158091,-0.0438246659,11.5830093071,-0.0229086753,0.0179113175,1079,1108,
riskadj_h120_t5_step_up,False,0.0039075987,-0.1082206709,-0.0184536128,-0.0429297154,-0.0249423569,-0.0429269733,6.6098694416,-0.0249423569,-0.0394883711,828,879,
breadth_price_sma_h20_n3_block_cut,False,-0.0086509596,-0.0186044816,-0.0181107360,-0.0391483316,-0.0258057570,-0.0391444708,5.2249444157,-0.0258057570,-0.0525674526,72,74,
riskadj_h120_t15_block_cut,False,-0.0183619268,-0.0000000543,-0.0175879185,0.0000002296,-0.0266661892,0.0000027889,5.3508466908,-0.0266661892,-0.0626160344,76,76,
riskadj_h120_t10_step_up,False,-0.0145189298,-0.1014085789,-0.0183680351,-0.0377859810,-0.0289088888,-0.0377808865,6.2321626163,-0.0289088888,-0.0617958537,467,494,
cool_s10_l60_r80_step_up,False,-0.0296104806,-0.0860439054,0.0255922995,-0.0074614616,0.0530077119,-0.0074665575,10.0721820062,-0.0296104806,0.0489895308,496,505,
riskadj_h20_t10_step_up,False,-0.0298496155,-0.0423628823,0.0052858842,0.0082204749,0.0166381505,0.0082169348,10.0721820062,-0.0298496155,-0.0079255808,451,465,
consensus_10_20_60_n2_step_up,False,-0.0313847117,-0.2234182850,-0.0009880950,-0.1336319820,0.0136071655,-0.1336321035,11.7089115822,-0.0313847117,-0.0187656412,1405,1445,
cool_s10_l30_r80_step_up,False,-0.0354308984,-0.0805710280,0.0026751338,-0.0620716970,0.0328184895,-0.0620734943,9.3797194933,-0.0354308984,0.0000627249,472,486,
breadth_return_h60_n2_step_up,False,-0.0371032590,-0.1313102421,-0.0229053399,-0.2024379170,-0.0032883940,-0.2024428382,6.7357717166,-0.0371032590,-0.0632969929,1033,1088,
consensus_20_60_120_n2_block_cut,False,-0.0173264682,-0.0264612361,-0.0372497624,-0.0626386206,-0.0372080454,-0.0626347123,3.9029705274,-0.0372497624,-0.0917842759,473,511,
breadth_price_sma_h60_n2_step_up,False,-0.0228986941,-0.0930252927,-0.0342162577,-0.1641526864,-0.0396433813,-0.1641571019,9.1908660807,-0.0396433813,-0.0967583331,1138,1191,
breadth_return_h20_n2_block_cut,False,-0.0106462322,-0.0020351914,-0.0291721509,-0.0255433100,-0.0398548679,-0.0255425325,5.2249444157,-0.0398548679,-0.0796732510,125,130,
breadth_price_sma_h60_n3_step_up,False,-0.0268221814,-0.0278321154,-0.0417499710,-0.0989600124,-0.0299910730,-0.0989633559,9.7574263185,-0.0417499710,-0.0985632254,874,921,
breadth_price_sma_h20_n2_block_cut,False,-0.0195615526,-0.0186044974,-0.0269028829,-0.0669502873,-0.0420684473,-0.0669504419,4.9731398656,-0.0420684473,-0.0885328828,96,98,
riskadj_h60_t5_block_cut,False,-0.0082533979,-0.0657243957,-0.0301110316,-0.0426581464,-0.0444370961,-0.0426556508,4.9101887280,-0.0444370961,-0.0828015256,229,263,
cool_s5_l30_r65_step_up,False,-0.0449694005,-0.0850361467,-0.0264627659,-0.0402417509,-0.0076353517,-0.0402448383,12.4643252327,-0.0449694005,-0.0790675181,377,384,
breadth_return_h20_n3_step_up,False,-0.0485061246,-0.2608159715,0.0065671262,-0.0672884240,0.0315374952,-0.0672900920,11.2053024819,-0.0485061246,-0.0104015033,1007,1034,
cool_s5_l60_r65_step_up,False,-0.0491036834,-0.0967142319,-0.0158635403,-0.0521201562,0.0097008894,-0.0521186563,11.5200581696,-0.0491036834,-0.0552663343,388,391,
breadth_price_sma_h20_n2_step_up,False,-0.0503423594,-0.1697410131,0.0082171460,-0.1741720181,0.0176392187,-0.1741754125,10.8905467942,-0.0503423594,-0.0244859947,1323,1357,
riskadj_h120_t5_block_cut,False,-0.0160638993,-0.0781226232,-0.0326237936,-0.0457424854,-0.0507456861,-0.0457396003,3.7770682523,-0.0507456861,-0.0994333790,435,481,
breadth_return_h20_n2_step_up,False,-0.0552879153,-0.2958929795,-0.0008868858,-0.1178847719,0.0303703375,-0.1178885244,10.6387422441,-0.0552879153,-0.0258044636,1268,1306,
riskadj_h120_t15_step_up,False,-0.0199737809,-0.0000000032,-0.0370100121,-0.0120043895,-0.0562761822,-0.0120047173,6.7357717166,-0.0562761822,-0.1132599753,244,245,
cool_s10_l60_r95_step_up,False,-0.0573313704,-0.2438824444,0.0300757492,-0.1001439415,0.0715464044,-0.1001449596,11.0164490693,-0.0573313704,0.0442907833,830,846,
riskadj_h60_t5_step_up,False,-0.0105667839,-0.0586596184,-0.0561857335,-0.1196380247,-0.0642491889,-0.1196384154,8.6243058428,-0.0642491889,-0.1310017063,794,837,
cool_s5_l30_r80_step_up,False,-0.0720023443,-0.1416665883,-0.0276269202,-0.1409755980,-0.0293837631,-0.1409758126,14.7935173216,-0.0720023443,-0.1290130276,641,655,
cool_s5_l30_r95_step_up,False,-0.0745585843,-0.1938637349,-0.0244074606,-0.1543487948,-0.0353453660,-0.1543505502,15.4859798345,-0.0745585843,-0.1343114110,877,900,
cool_s5_l60_r80_step_up,False,-0.0777066199,-0.1472769323,-0.0356900082,-0.1144656944,-0.0216153330,-0.1144669582,14.8564684592,-0.0777066199,-0.1350119612,620,629,
cool_s5_l60_r95_step_up,False,-0.0799575563,-0.2213296768,-0.0152509006,-0.1273933876,0.0054804117,-0.1273925881,15.6118821096,-0.0799575563,-0.0897280452,867,884,
cool_s10_l30_r95_step_up,False,-0.0812548579,-0.1822148708,-0.0350360333,-0.1861588173,-0.0296807267,-0.1861591023,12.7161297828,-0.0812548579,-0.1459716179,847,866,
