name,family,action,parameters
riskadj_h20_t5_step_up,risk_adjusted_trend,step_up,horizon=20;threshold=0.5
riskadj_h20_t5_block_cut,risk_adjusted_trend,block_cut,horizon=20;threshold=0.5
riskadj_h20_t10_step_up,risk_adjusted_trend,step_up,horizon=20;threshold=1.0
riskadj_h20_t10_block_cut,risk_adjusted_trend,block_cut,horizon=20;threshold=1.0
riskadj_h20_t15_step_up,risk_adjusted_trend,step_up,horizon=20;threshold=1.5
riskadj_h20_t15_block_cut,risk_adjusted_trend,block_cut,horizon=20;threshold=1.5
riskadj_h60_t5_step_up,risk_adjusted_trend,step_up,horizon=60;threshold=0.5
riskadj_h60_t5_block_cut,risk_adjusted_trend,block_cut,horizon=60;threshold=0.5
riskadj_h60_t10_step_up,risk_adjusted_trend,step_up,horizon=60;threshold=1.0
riskadj_h60_t10_block_cut,risk_adjusted_trend,block_cut,horizon=60;threshold=1.0
riskadj_h60_t15_step_up,risk_adjusted_trend,step_up,horizon=60;threshold=1.5
riskadj_h60_t15_block_cut,risk_adjusted_trend,block_cut,horizon=60;threshold=1.5
riskadj_h120_t5_step_up,risk_adjusted_trend,step_up,horizon=120;threshold=0.5
riskadj_h120_t5_block_cut,risk_adjusted_trend,block_cut,horizon=120;threshold=0.5
riskadj_h120_t10_step_up,risk_adjusted_trend,step_up,horizon=120;threshold=1.0
riskadj_h120_t10_block_cut,risk_adjusted_trend,block_cut,horizon=120;threshold=1.0
riskadj_h120_t15_step_up,risk_adjusted_trend,step_up,horizon=120;threshold=1.5
riskadj_h120_t15_block_cut,risk_adjusted_trend,block_cut,horizon=120;threshold=1.5
cool_s5_l30_r65_step_up,volatility_cooling,step_up,short=5;long=30;ratio=0.65
cool_s5_l30_r65_block_cut,volatility_cooling,block_cut,short=5;long=30;ratio=0.65
cool_s5_l30_r80_step_up,volatility_cooling,step_up,short=5;long=30;ratio=0.8
cool_s5_l30_r80_block_cut,volatility_cooling,block_cut,short=5;long=30;ratio=0.8
cool_s5_l30_r95_step_up,volatility_cooling,step_up,short=5;long=30;ratio=0.95
cool_s5_l30_r95_block_cut,volatility_cooling,block_cut,short=5;long=30;ratio=0.95
cool_s5_l60_r65_step_up,volatility_cooling,step_up,short=5;long=60;ratio=0.65
cool_s5_l60_r65_block_cut,volatility_cooling,block_cut,short=5;long=60;ratio=0.65
cool_s5_l60_r80_step_up,volatility_cooling,step_up,short=5;long=60;ratio=0.8
cool_s5_l60_r80_block_cut,volatility_cooling,block_cut,short=5;long=60;ratio=0.8
cool_s5_l60_r95_step_up,volatility_cooling,step_up,short=5;long=60;ratio=0.95
cool_s5_l60_r95_block_cut,volatility_cooling,block_cut,short=5;long=60;ratio=0.95
cool_s10_l30_r65_step_up,volatility_cooling,step_up,short=10;long=30;ratio=0.65
cool_s10_l30_r65_block_cut,volatility_cooling,block_cut,short=10;long=30;ratio=0.65
cool_s10_l30_r80_step_up,volatility_cooling,step_up,short=10;long=30;ratio=0.8
cool_s10_l30_r80_block_cut,volatility_cooling,block_cut,short=10;long=30;ratio=0.8
cool_s10_l30_r95_step_up,volatility_cooling,step_up,short=10;long=30;ratio=0.95
cool_s10_l30_r95_block_cut,volatility_cooling,block_cut,short=10;long=30;ratio=0.95
cool_s10_l60_r65_step_up,volatility_cooling,step_up,short=10;long=60;ratio=0.65
cool_s10_l60_r65_block_cut,volatility_cooling,block_cut,short=10;long=60;ratio=0.65
cool_s10_l60_r80_step_up,volatility_cooling,step_up,short=10;long=60;ratio=0.8
cool_s10_l60_r80_block_cut,volatility_cooling,block_cut,short=10;long=60;ratio=0.8
cool_s10_l60_r95_step_up,volatility_cooling,step_up,short=10;long=60;ratio=0.95
cool_s10_l60_r95_block_cut,volatility_cooling,block_cut,short=10;long=60;ratio=0.95
breadth_return_h20_n2_step_up,cross_market_breadth,step_up,kind=return;horizon=20;minimum=2
breadth_return_h20_n2_block_cut,cross_market_breadth,block_cut,kind=return;horizon=20;minimum=2
breadth_return_h20_n3_step_up,cross_market_breadth,step_up,kind=return;horizon=20;minimum=3
breadth_return_h20_n3_block_cut,cross_market_breadth,block_cut,kind=return;horizon=20;minimum=3
breadth_return_h60_n2_step_up,cross_market_breadth,step_up,kind=return;horizon=60;minimum=2
breadth_return_h60_n2_block_cut,cross_market_breadth,block_cut,kind=return;horizon=60;minimum=2
breadth_return_h60_n3_step_up,cross_market_breadth,step_up,kind=return;horizon=60;minimum=3
breadth_return_h60_n3_block_cut,cross_market_breadth,block_cut,kind=return;horizon=60;minimum=3
breadth_price_sma_h20_n2_step_up,cross_market_breadth,step_up,kind=price_sma;horizon=20;minimum=2
breadth_price_sma_h20_n2_block_cut,cross_market_breadth,block_cut,kind=price_sma;horizon=20;minimum=2
breadth_price_sma_h20_n3_step_up,cross_market_breadth,step_up,kind=price_sma;horizon=20;minimum=3
breadth_price_sma_h20_n3_block_cut,cross_market_breadth,block_cut,kind=price_sma;horizon=20;minimum=3
breadth_price_sma_h60_n2_step_up,cross_market_breadth,step_up,kind=price_sma;horizon=60;minimum=2
breadth_price_sma_h60_n2_block_cut,cross_market_breadth,block_cut,kind=price_sma;horizon=60;minimum=2
breadth_price_sma_h60_n3_step_up,cross_market_breadth,step_up,kind=price_sma;horizon=60;minimum=3
breadth_price_sma_h60_n3_block_cut,cross_market_breadth,block_cut,kind=price_sma;horizon=60;minimum=3
consensus_10_20_60_n2_step_up,multi_horizon_consensus,step_up,horizons=10_20_60;minimum=2
consensus_10_20_60_n2_block_cut,multi_horizon_consensus,block_cut,horizons=10_20_60;minimum=2
consensus_10_20_60_n3_step_up,multi_horizon_consensus,step_up,horizons=10_20_60;minimum=3
consensus_10_20_60_n3_block_cut,multi_horizon_consensus,block_cut,horizons=10_20_60;minimum=3
consensus_20_60_120_n2_step_up,multi_horizon_consensus,step_up,horizons=20_60_120;minimum=2
consensus_20_60_120_n2_block_cut,multi_horizon_consensus,block_cut,horizons=20_60_120;minimum=2
consensus_20_60_120_n3_step_up,multi_horizon_consensus,step_up,horizons=20_60_120;minimum=3
consensus_20_60_120_n3_block_cut,multi_horizon_consensus,block_cut,horizons=20_60_120;minimum=3
recovery_10_breadth2_cool95,confirmed_recovery,restore_pre_cut,recovery=0.1;breadth=2;cooling=0.95
recovery_15_breadth2_cool95,confirmed_recovery,restore_pre_cut,recovery=0.15;breadth=2;cooling=0.95
